{
"type": "FeatureCollection",
"name": "district_boundaries",
"crs": { "type": "name", "properties": { "name": "urn:ogc:def:crs:OGC:1.3:CRS84" } },
"features": [
{ "type": "Feature", "properties": { "DISTRICT": "Bagalkot" }, "geometry": { "type": "Polygon", "coordinates": [ [ [ 75.698698510744904, 16.408068171187942 ], [ 75.706293595387407, 16.40541021317577 ], [ 75.708561456178103, 16.400258436127885 ], [ 75.719007055319935, 16.389606103550104 ], [ 75.763318450961989, 16.383616326109113 ], [ 75.784587559421453, 16.376918982760774 ], [ 75.795769862264606, 16.37172734056881 ], [ 75.813243867195993, 16.370424028381652 ], [ 75.827682454257982, 16.361383337404948 ], [ 75.837418586157384, 16.349909148701759 ], [ 75.86990181138988, 16.345866735845526 ], [ 75.878913536188179, 16.340362992147018 ], [ 75.885601315723548, 16.331107613299213 ], [ 75.89404423140283, 16.324801657529729 ], [ 75.912659901247295, 16.321938349671441 ], [ 75.9240804684745, 16.317773747005656 ], [ 75.925401436001408, 16.315478793218549 ], [ 75.940866915640143, 16.308249134398171 ], [ 75.951920307381286, 16.298596607757784 ], [ 75.957529171354395, 16.296915156455704 ], [ 75.973607379425289, 16.300092575384816 ], [ 75.984626258518205, 16.300845808997646 ], [ 75.990391342777897, 16.299448070477574 ], [ 76.002242737087073, 16.303733945169672 ], [ 76.007351391327177, 16.303908413198432 ], [ 76.025100516756297, 16.300773680230218 ], [ 76.029623197964952, 16.296733724967297 ], [ 76.03562232731899, 16.285191462497231 ], [ 76.053881440906011, 16.273426309155358 ], [ 76.069910161957822, 16.255851867407163 ], [ 76.068778158211401, 16.244654662463738 ], [ 76.061608221331383, 16.236034159178246 ], [ 76.05983139151833, 16.226529015254222 ], [ 76.062491068057597, 16.215831003113646 ], [ 76.071187506923664, 16.209151863492824 ], [ 76.08122488935085, 16.206506425767401 ], [ 76.095132500528308, 16.199827773480543 ], [ 76.106735374152549, 16.189470699064135 ], [ 76.125841565833383, 16.187924738365457 ], [ 76.136769322114844, 16.180871644779337 ], [ 76.142191868805696, 16.180435641539543 ], [ 76.15602955717506, 16.184746071564529 ], [ 76.175452677210643, 16.18294330207808 ], [ 76.221271994465582, 16.171310835814356 ], [ 76.238465374403816, 16.16519298751043 ], [ 76.234275770300457, 16.130508359826727 ], [ 76.246590736717707, 16.128100587762198 ], [ 76.247719419171275, 16.12625076090794 ], [ 76.245252170311446, 16.122066636843012 ], [ 76.244615020569441, 16.113193707307342 ], [ 76.254157179229438, 16.109487077561191 ], [ 76.253066488810845, 16.104140144015162 ], [ 76.25578516951461, 16.097359570118105 ], [ 76.262039425346316, 16.097188877339487 ], [ 76.267821014594062, 16.109707594681492 ], [ 76.30416084054832, 16.101569930565446 ], [ 76.320335607928982, 16.093667313220422 ], [ 76.33250507516972, 16.091297045502785 ], [ 76.327535508120604, 16.077472383906709 ], [ 76.306308727376987, 16.083687187460679 ], [ 76.299234832839161, 16.084168986118105 ], [ 76.293817358650855, 16.088782919496147 ], [ 76.258834897844395, 16.091171910459391 ], [ 76.260356653082965, 16.073954477204492 ], [ 76.283893714349006, 16.075136724724523 ], [ 76.303881212727376, 16.07350260237088 ], [ 76.303200088796487, 16.067389288785755 ], [ 76.307093205538195, 16.06594552807373 ], [ 76.303287542183924, 16.039362754035086 ], [ 76.305451416695121, 16.025556394962297 ], [ 76.311087206074788, 16.013836903517365 ], [ 76.311739091667818, 16.000388930458072 ], [ 76.297897244180959, 15.998894851158976 ], [ 76.296476506229197, 15.992264515731604 ], [ 76.299913032971759, 15.976523409531213 ], [ 76.30932168189554, 15.9569871578926 ], [ 76.322465948368446, 15.955985506356717 ], [ 76.32860193451225, 15.932263851102574 ], [ 76.312858658766956, 15.928944864339947 ], [ 76.312731573274192, 15.922202829920005 ], [ 76.302624080547687, 15.923819753522148 ], [ 76.301836731217733, 15.930464507990834 ], [ 76.285666383308239, 15.93031637486575 ], [ 76.284447021167097, 15.917361604885885 ], [ 76.285383887000989, 15.902580302267427 ], [ 76.279691558257497, 15.902962533939689 ], [ 76.275948066862853, 15.903736422171605 ], [ 76.277438327487829, 15.909371058471883 ], [ 76.274089509483758, 15.910450348377227 ], [ 76.271746582189138, 15.90467222570558 ], [ 76.261835198175547, 15.906711763074599 ], [ 76.261066270098155, 15.914768306551769 ], [ 76.256895989682135, 15.915275498111574 ], [ 76.25686557792443, 15.922925747757525 ], [ 76.230092890652358, 15.92331203747993 ], [ 76.226531048034175, 15.94089470968469 ], [ 76.200460638409297, 15.943989497430989 ], [ 76.200480339740722, 15.936428702203873 ], [ 76.194911124548611, 15.932396886391116 ], [ 76.171997525679998, 15.931656731324642 ], [ 76.171900198049386, 15.924773904196009 ], [ 76.164944266326472, 15.921468861147988 ], [ 76.159936928452765, 15.921078850830138 ], [ 76.158363172378628, 15.917834185952424 ], [ 76.153930953094019, 15.914917322385385 ], [ 76.145325455671582, 15.895052398327747 ], [ 76.125331779665828, 15.894112058132153 ], [ 76.123117914689445, 15.890283526302531 ], [ 76.117195541437283, 15.886014906440973 ], [ 76.103256229129059, 15.893847886659305 ], [ 76.101601895119728, 15.900456808108148 ], [ 76.07055078361148, 15.902524044110892 ], [ 76.058475618743131, 15.90599821272143 ], [ 76.063821445904807, 15.915839628288781 ], [ 76.062739308382689, 15.921519787888771 ], [ 76.064845884205155, 15.924946144103915 ], [ 76.071180057824705, 15.948961810600979 ], [ 76.070775531147063, 15.955474116590246 ], [ 76.072407713299327, 15.958288790040395 ], [ 76.072779270046738, 15.965397906075633 ], [ 76.078647957834065, 15.976867657099753 ], [ 76.084767187426593, 15.995967467285437 ], [ 76.080098492650848, 16.009999461189732 ], [ 76.056426942925469, 16.011457270589212 ], [ 76.056499218159161, 16.005565321789565 ], [ 76.052020605004358, 16.006032237430841 ], [ 76.051618809595354, 16.00337787665676 ], [ 76.02316695820825, 16.008757794080349 ], [ 76.020174974944226, 16.007699612648466 ], [ 76.01658059588668, 16.00201284674942 ], [ 76.011375536334711, 16.00125299206508 ], [ 76.008267362111297, 16.002854760271539 ], [ 75.989486327833674, 16.004811565955698 ], [ 75.989373742987397, 15.998746080238801 ], [ 75.986728964263889, 15.9946920899731 ], [ 75.976108770407095, 15.989596368859216 ], [ 75.973721943781499, 15.986147144320924 ], [ 75.975723208338181, 15.960407228261001 ], [ 75.973894099460281, 15.954217981564804 ], [ 75.974326542645599, 15.952407977687905 ], [ 75.977555644890785, 15.951838456504868 ], [ 75.976240222755266, 15.945666843276541 ], [ 75.976913332125264, 15.931304719071401 ], [ 75.973699026360237, 15.92277606443105 ], [ 75.97529109525135, 15.912696587749458 ], [ 75.975536967791868, 15.899578088743565 ], [ 75.974339490902267, 15.897870848126006 ], [ 75.977143844815743, 15.894962079864017 ], [ 75.978965062521965, 15.882865367903959 ], [ 75.97886968570765, 15.870862095370514 ], [ 75.974655475767534, 15.861831456442617 ], [ 75.9654882557859, 15.858966691796395 ], [ 75.96262696269001, 15.8655168860211 ], [ 75.944469542672451, 15.86634371774702 ], [ 75.941960458920576, 15.874205459771392 ], [ 75.928425957118819, 15.875189976833628 ], [ 75.929481074225237, 15.881019786626203 ], [ 75.927945723845355, 15.886942472375701 ], [ 75.926425856681277, 15.886067534956126 ], [ 75.927221636327971, 15.897446988141121 ], [ 75.913978203207591, 15.912633569482482 ], [ 75.90195477367962, 15.922751727954642 ], [ 75.902873755375239, 15.918638635857851 ], [ 75.891761287467503, 15.916847198927051 ], [ 75.88330891421289, 15.923902022441592 ], [ 75.879070709976347, 15.93127769789654 ], [ 75.866787829388983, 15.931530814053549 ], [ 75.854852901775729, 15.935645248666113 ], [ 75.855447312122848, 15.934304038492456 ], [ 75.840514290558843, 15.930875973167566 ], [ 75.836541369321012, 15.927664776386125 ], [ 75.836414182901066, 15.924688422217125 ], [ 75.830250638124298, 15.924598699032046 ], [ 75.827699609807979, 15.927098416337117 ], [ 75.810987109629451, 15.924960813573671 ], [ 75.812211422973277, 15.922597709832676 ], [ 75.805743550864065, 15.92399710347367 ], [ 75.789785196659466, 15.922489506128851 ], [ 75.789154488895889, 15.924189466111031 ], [ 75.777133668997394, 15.919123897858606 ], [ 75.776417484103021, 15.913644367433443 ], [ 75.780560633329372, 15.90877131123273 ], [ 75.780543193813017, 15.905800693574863 ], [ 75.779068207720869, 15.903056711558557 ], [ 75.77588814615838, 15.902508425731712 ], [ 75.780434501279771, 15.897117854161474 ], [ 75.786571951741081, 15.898362986414906 ], [ 75.811069703503733, 15.894156208130763 ], [ 75.811625231664038, 15.900130305121442 ], [ 75.827604082606641, 15.900269968129617 ], [ 75.830003072311285, 15.89717399293423 ], [ 75.830065209669613, 15.887521225240137 ], [ 75.833139540438253, 15.886828022554763 ], [ 75.835428565145193, 15.88276375636098 ], [ 75.833959457675746, 15.878009474940518 ], [ 75.831727191572568, 15.878541938847901 ], [ 75.832293490124641, 15.875648523828486 ], [ 75.82781698529682, 15.866226503387464 ], [ 75.837829991567418, 15.865221546934871 ], [ 75.839872707475294, 15.87157528910512 ], [ 75.848173270062532, 15.871431139020009 ], [ 75.847546639128836, 15.8618426058633 ], [ 75.849577042483162, 15.860896487940174 ], [ 75.849522777012723, 15.859094734034988 ], [ 75.8451420485532, 15.837994791011527 ], [ 75.825470848511713, 15.838360091977556 ], [ 75.826657454063081, 15.84219583663586 ], [ 75.820828098632362, 15.845407199422398 ], [ 75.820095209676111, 15.851253254296862 ], [ 75.81209754887135, 15.847143465522011 ], [ 75.809698992049874, 15.851080012909931 ], [ 75.804963756299387, 15.851036724065931 ], [ 75.797489693013304, 15.847641382995494 ], [ 75.793706827184934, 15.849623835658919 ], [ 75.787262161485572, 15.848782878311063 ], [ 75.780213150555781, 15.853216838086 ], [ 75.776507016300755, 15.847699927131927 ], [ 75.775931856476689, 15.833988433362652 ], [ 75.774070070249834, 15.827952016821541 ], [ 75.777215310212327, 15.827467691282207 ], [ 75.777694704261322, 15.821177222605193 ], [ 75.779677191282588, 15.817330165840859 ], [ 75.751442568192289, 15.81568927827359 ], [ 75.743707642541949, 15.812960435056665 ], [ 75.735869935181441, 15.813980727968465 ], [ 75.736069058270658, 15.816551925016201 ], [ 75.721452321718388, 15.818267366082608 ], [ 75.715021281646926, 15.827370205444851 ], [ 75.706888190976059, 15.829415437023709 ], [ 75.705646210252723, 15.827235541180734 ], [ 75.695931628018641, 15.824878809550675 ], [ 75.691298615671784, 15.826894250025013 ], [ 75.6875303342363, 15.830964881885373 ], [ 75.681139863929303, 15.829995820241246 ], [ 75.680653488583488, 15.82317549984422 ], [ 75.676383860718317, 15.822217668340796 ], [ 75.674284353916747, 15.823904614538529 ], [ 75.675659949359328, 15.830187466504791 ], [ 75.674250514869399, 15.830333926947619 ], [ 75.67204562643029, 15.8366628183276 ], [ 75.669286376439757, 15.837583911223978 ], [ 75.663538855057894, 15.837123125935674 ], [ 75.658304166443301, 15.829269584554684 ], [ 75.655186852574388, 15.827957730557182 ], [ 75.649753024659915, 15.831571105883896 ], [ 75.645437721563425, 15.83123154105629 ], [ 75.64224500705302, 15.833337055968364 ], [ 75.643884410935868, 15.841751531803993 ], [ 75.636764341572331, 15.84185672641116 ], [ 75.634666977911181, 15.833304791019978 ], [ 75.631320809064476, 15.831803022238562 ], [ 75.632062284578765, 15.834474826715072 ], [ 75.628824056583682, 15.83490623537161 ], [ 75.626693997474462, 15.832853197601846 ], [ 75.620726288637215, 15.835965686094157 ], [ 75.618643205798378, 15.82136139268982 ], [ 75.615926595284492, 15.821360969386628 ], [ 75.615556795700542, 15.823853927432413 ], [ 75.606040245282202, 15.825318281435541 ], [ 75.60785155537657, 15.827871832966936 ], [ 75.606300998704654, 15.831068214312769 ], [ 75.603321593170023, 15.82886910093857 ], [ 75.594738752709091, 15.829618856459788 ], [ 75.58611309257806, 15.834676516336438 ], [ 75.586548916489619, 15.833538397145615 ], [ 75.576734186163208, 15.824261874449709 ], [ 75.575172050529318, 15.825267751140196 ], [ 75.576367825273536, 15.830409065741145 ], [ 75.564836355418947, 15.831102683672819 ], [ 75.566205132673289, 15.833901502683144 ], [ 75.569514194798387, 15.833779075613483 ], [ 75.569964608772082, 15.836116227573632 ], [ 75.563752866763537, 15.837299775269932 ], [ 75.560105168779828, 15.835637701302016 ], [ 75.559237581709851, 15.829781194470277 ], [ 75.551907899267874, 15.824699476068609 ], [ 75.550581025789242, 15.827100569540777 ], [ 75.55436097162702, 15.829426884711413 ], [ 75.555680805750555, 15.833027036272892 ], [ 75.546893655630655, 15.83656273848541 ], [ 75.529186581749897, 15.835410870696997 ], [ 75.530927399706371, 15.841830110164445 ], [ 75.526472721905947, 15.843007064056771 ], [ 75.523635277720416, 15.841129932114724 ], [ 75.521492591039305, 15.841969828846828 ], [ 75.52114316475064, 15.846545499636296 ], [ 75.512861757896218, 15.850362478128211 ], [ 75.514459709523479, 15.852965472669247 ], [ 75.518368127749511, 15.851815073281708 ], [ 75.520734563146789, 15.853180289414565 ], [ 75.519099826064135, 15.858397861309713 ], [ 75.508236765646473, 15.860667964109608 ], [ 75.506738101863334, 15.856575430759705 ], [ 75.502241818346377, 15.858101395458904 ], [ 75.503011613815303, 15.861415333738583 ], [ 75.50488516487971, 15.862474554223621 ], [ 75.496235726176991, 15.872733943274429 ], [ 75.487926159777629, 15.876477301608812 ], [ 75.483212364510536, 15.873434253508957 ], [ 75.481997550237921, 15.876420553536924 ], [ 75.480406874479911, 15.876711201671302 ], [ 75.478743433525679, 15.874572600346704 ], [ 75.481537665504362, 15.872003984341912 ], [ 75.479019394751575, 15.87105859398581 ], [ 75.47500369560116, 15.87254788884886 ], [ 75.473975398040906, 15.87457683047265 ], [ 75.475976801690976, 15.875680749946557 ], [ 75.466294552991471, 15.876958931667032 ], [ 75.467183269178705, 15.880225062079358 ], [ 75.466049603966539, 15.881101294010676 ], [ 75.463577509440341, 15.880962964780991 ], [ 75.462925460009913, 15.879059480594181 ], [ 75.460871964447279, 15.879511292398906 ], [ 75.459253944523539, 15.883796152568232 ], [ 75.461700042487593, 15.885736215178834 ], [ 75.462010695470255, 15.888136974488196 ], [ 75.447154926444298, 15.886383776246007 ], [ 75.443040254523538, 15.889046508861689 ], [ 75.446503207467543, 15.890204526847837 ], [ 75.446636605683281, 15.892666599781156 ], [ 75.436977961143526, 15.893601412494919 ], [ 75.438588936934792, 15.911066700521459 ], [ 75.440681927378364, 15.918253984588086 ], [ 75.424805622289313, 15.921942553070114 ], [ 75.430516821484261, 15.934855459981526 ], [ 75.428461498190245, 15.937475773813608 ], [ 75.432998315690838, 15.945101266176028 ], [ 75.439791606989743, 15.966123482334982 ], [ 75.430766653135208, 15.970748804829823 ], [ 75.436248212413915, 15.988883221096353 ], [ 75.438938476844044, 16.004129117797813 ], [ 75.433563260126903, 16.007166273361808 ], [ 75.426765163045914, 16.00771395297134 ], [ 75.423107326949548, 16.032587635027493 ], [ 75.41602021087013, 16.032528084159242 ], [ 75.416029362064009, 16.053167305456878 ], [ 75.418467661485039, 16.056474219359686 ], [ 75.427363555545227, 16.057855738207312 ], [ 75.430500757016347, 16.080429485208935 ], [ 75.427693987835497, 16.093734775513735 ], [ 75.42953698734631, 16.096778215956562 ], [ 75.419002792632213, 16.10003454031115 ], [ 75.412132582728447, 16.130274474036668 ], [ 75.406841450248393, 16.12580910937568 ], [ 75.404304822463942, 16.113716393314583 ], [ 75.400189228719626, 16.113356993424553 ], [ 75.355530095275597, 16.115126956795102 ], [ 75.353631906798697, 16.116306914515572 ], [ 75.353781428889178, 16.128065154629649 ], [ 75.346363137557205, 16.123201473818533 ], [ 75.341606981818927, 16.124464877571977 ], [ 75.338738930214276, 16.120720170431756 ], [ 75.327827131932551, 16.115723327793436 ], [ 75.298424033886874, 16.117365711597817 ], [ 75.275744138695245, 16.120412191085844 ], [ 75.287400715670387, 16.151961732923901 ], [ 75.292557566663817, 16.172481235896331 ], [ 75.284698055407858, 16.176767189215596 ], [ 75.286191806717028, 16.188859342999759 ], [ 75.288714403707004, 16.19166798619796 ], [ 75.286708138890262, 16.200224015724707 ], [ 75.285672441649396, 16.202108382525417 ], [ 75.280722816857789, 16.199930599774312 ], [ 75.270319619278311, 16.207506755564008 ], [ 75.249276774653367, 16.204332351044918 ], [ 75.232381779752416, 16.209638732231522 ], [ 75.233628935384601, 16.212371021268453 ], [ 75.233084598160488, 16.218734065004739 ], [ 75.230231666688681, 16.224636735629591 ], [ 75.231186285877826, 16.227517712298841 ], [ 75.229769836559385, 16.231483644904468 ], [ 75.23930649284668, 16.251128373089834 ], [ 75.232291006435403, 16.250223086439146 ], [ 75.234132623174887, 16.259627820568806 ], [ 75.224556905449077, 16.262410285211296 ], [ 75.2176494484453, 16.26860186546304 ], [ 75.204935023936173, 16.27245286469865 ], [ 75.184180123567714, 16.275639358752702 ], [ 75.17829641006324, 16.27490899393262 ], [ 75.174438848083042, 16.275970343407391 ], [ 75.170015601013262, 16.280295834348728 ], [ 75.155965722563536, 16.280536315884163 ], [ 75.129603293527467, 16.286962995901344 ], [ 75.130358180426597, 16.294653407400922 ], [ 75.129108186081069, 16.296200509726006 ], [ 75.131899714257329, 16.300887631897123 ], [ 75.131624224400596, 16.304231840221497 ], [ 75.138419071171626, 16.325960144022137 ], [ 75.131134092376001, 16.330997087850974 ], [ 75.124044715454872, 16.330752421302506 ], [ 75.116029431839621, 16.326196617153368 ], [ 75.109444706715024, 16.328526664301492 ], [ 75.095614008887864, 16.324892501180329 ], [ 75.088157510709038, 16.329820132964862 ], [ 75.077546698937454, 16.331955455713331 ], [ 75.063990065080304, 16.32633158672316 ], [ 75.057791447118916, 16.331490260711579 ], [ 75.043655979714103, 16.319587190014683 ], [ 75.033937225405751, 16.33979754483644 ], [ 75.032638076753628, 16.35816386801725 ], [ 75.034418688347415, 16.384954113762458 ], [ 75.038848921190706, 16.397435707999978 ], [ 75.040479285735756, 16.39769030247114 ], [ 75.040530905643365, 16.395677544593877 ], [ 75.048191279067126, 16.395762035265825 ], [ 75.048470805460695, 16.398854642039208 ], [ 75.050035836120443, 16.399776164583766 ], [ 75.071828775855323, 16.40402469590969 ], [ 75.077183280134378, 16.437699582326211 ], [ 75.037036258399965, 16.434882606171012 ], [ 75.028206364921417, 16.433004302744529 ], [ 75.02320099505323, 16.43527784645724 ], [ 75.02312749094331, 16.439870680108196 ], [ 75.017518516472691, 16.439387613998814 ], [ 75.014719969502153, 16.45290435459188 ], [ 75.015725794687583, 16.458574143169859 ], [ 75.002278525684503, 16.457978654274374 ], [ 74.999030495702883, 16.454612855545651 ], [ 74.988475306910345, 16.453342509542583 ], [ 74.989357063556454, 16.457298020803325 ], [ 74.99151804727272, 16.459032479328137 ], [ 74.990927761343286, 16.462521123110434 ], [ 74.986291470792111, 16.462818587800509 ], [ 74.985970579431751, 16.466248012614553 ], [ 74.988971103351005, 16.478198799867855 ], [ 74.988199264972167, 16.500100680033484 ], [ 74.994854900088185, 16.516728710238151 ], [ 74.997774619348064, 16.517485707489424 ], [ 75.000767393135405, 16.530172082264784 ], [ 75.003869150270589, 16.531326545603108 ], [ 75.004189119526686, 16.533925461402319 ], [ 75.006415223613146, 16.533755795370457 ], [ 75.007309832100958, 16.538197004646044 ], [ 75.067313025027559, 16.539059678702383 ], [ 75.06746828419513, 16.550106594727136 ], [ 75.071637797816408, 16.566667399823622 ], [ 75.081724221187756, 16.560651184895303 ], [ 75.086261222895544, 16.554218038940103 ], [ 75.088946902309289, 16.539419044880784 ], [ 75.099298537787618, 16.527301165048911 ], [ 75.10266980598324, 16.514078706125765 ], [ 75.109274436806288, 16.506866569555825 ], [ 75.115546228480525, 16.505171516294663 ], [ 75.120225958563665, 16.506624118999053 ], [ 75.124642146981216, 16.509964156480617 ], [ 75.132003926280021, 16.521425543254278 ], [ 75.158252590250015, 16.528878264197239 ], [ 75.162804090036119, 16.533263795531493 ], [ 75.167115904337493, 16.545044608946363 ], [ 75.166300730546297, 16.554264444926499 ], [ 75.159016666904861, 16.566574542652255 ], [ 75.158031721000313, 16.571874323541678 ], [ 75.159122275434754, 16.587296376821254 ], [ 75.16673556337399, 16.596009270384862 ], [ 75.18005304541694, 16.603901137849363 ], [ 75.201374125393514, 16.608268008560046 ], [ 75.217183872855912, 16.614898598887081 ], [ 75.232539935091594, 16.614221473615114 ], [ 75.243839057868399, 16.607460264661931 ], [ 75.251613774291656, 16.604770447941952 ], [ 75.259856177609791, 16.607354521932159 ], [ 75.256588776217313, 16.609578081858686 ], [ 75.258493722804729, 16.612452183022391 ], [ 75.255488905102268, 16.618587381256095 ], [ 75.261831274155142, 16.619968273574099 ], [ 75.268115552396537, 16.640940185079714 ], [ 75.265818821477851, 16.666811910790528 ], [ 75.262815094759404, 16.680372313552578 ], [ 75.264605138689589, 16.691615839958118 ], [ 75.287887311868516, 16.714358465687472 ], [ 75.316754490956868, 16.718543848355385 ], [ 75.362511359916383, 16.71432762123829 ], [ 75.364915630183418, 16.71735644698083 ], [ 75.363591770300474, 16.720127192500843 ], [ 75.365470106280952, 16.722514809794291 ], [ 75.362413055728368, 16.730107543563754 ], [ 75.364228482564926, 16.734867486461873 ], [ 75.363655211825346, 16.737710429328718 ], [ 75.36650481025238, 16.743398626957781 ], [ 75.366500855203299, 16.759823875477945 ], [ 75.379452596176691, 16.762324399389261 ], [ 75.391701745088653, 16.762408040969607 ], [ 75.392639166161516, 16.759921453543658 ], [ 75.406813246150961, 16.761616102546149 ], [ 75.407083102016472, 16.763629924406683 ], [ 75.412778415143492, 16.766500835015652 ], [ 75.413707615541227, 16.765475841904394 ], [ 75.418905384009108, 16.768350686252909 ], [ 75.423996525790002, 16.768321755392265 ], [ 75.432429120467319, 16.765774111435711 ], [ 75.434601973724739, 16.762625254761858 ], [ 75.438213865246254, 16.762385922643428 ], [ 75.442412721054311, 16.756983087290827 ], [ 75.446563295283042, 16.755363737439623 ], [ 75.466302766226121, 16.754686890965225 ], [ 75.476683479635241, 16.747821560710957 ], [ 75.492525349399855, 16.745925748865083 ], [ 75.491860600769442, 16.725233805345663 ], [ 75.488064146033352, 16.694537903937086 ], [ 75.463015744501547, 16.69971775880019 ], [ 75.445505306002076, 16.699758349000092 ], [ 75.437569270060251, 16.697850839248833 ], [ 75.447113630631605, 16.665267900057451 ], [ 75.454764486511451, 16.664254232042886 ], [ 75.455811004924868, 16.653464120324113 ], [ 75.46216035972293, 16.629584699766266 ], [ 75.461857162066551, 16.622203720038851 ], [ 75.474372966291284, 16.611503661150405 ], [ 75.484914471285435, 16.606260150647213 ], [ 75.491174399609577, 16.599450587513726 ], [ 75.493341997320087, 16.591776977593145 ], [ 75.491772764402157, 16.584853420961455 ], [ 75.48551151517313, 16.580523577483962 ], [ 75.48581845724361, 16.575295199494064 ], [ 75.484130677121129, 16.572420022906105 ], [ 75.479500736256895, 16.568355170284921 ], [ 75.473143385772303, 16.566524201902581 ], [ 75.47239027492104, 16.5636528646471 ], [ 75.481118288680634, 16.560991806804772 ], [ 75.479678211752272, 16.557278353640868 ], [ 75.48453119599445, 16.557114015312322 ], [ 75.48449565528135, 16.554989725940185 ], [ 75.488159453277717, 16.554726293493481 ], [ 75.48853194695107, 16.532545731925477 ], [ 75.488852073770772, 16.529622889906204 ], [ 75.490745068088955, 16.529140094934291 ], [ 75.490207265943141, 16.520194956715365 ], [ 75.488933620563856, 16.520085598511844 ], [ 75.485388035778485, 16.507422861715487 ], [ 75.456150327066595, 16.505703440155525 ], [ 75.460607776636991, 16.486278640527935 ], [ 75.46513301771995, 16.478217856358132 ], [ 75.465173078398394, 16.472586222716469 ], [ 75.443087368084832, 16.447462108293728 ], [ 75.43278166120065, 16.438758292214651 ], [ 75.434032953479047, 16.428726155177607 ], [ 75.445789514826188, 16.416813548730598 ], [ 75.452053702253167, 16.413526566837447 ], [ 75.457970231866383, 16.413637013465859 ], [ 75.465144836971263, 16.418033638488524 ], [ 75.483786293041234, 16.416590712322822 ], [ 75.494461840185622, 16.423134542555964 ], [ 75.498751453486165, 16.431859162666903 ], [ 75.496362904706643, 16.446897293609091 ], [ 75.499367155301158, 16.454026511275188 ], [ 75.526531591109602, 16.465032894482082 ], [ 75.538940168475818, 16.466200979765922 ], [ 75.547911589119735, 16.461469565773463 ], [ 75.552079364657388, 16.455448267494326 ], [ 75.554010676871272, 16.449442695450958 ], [ 75.552460190347247, 16.44376491384967 ], [ 75.554757467013843, 16.428119574132364 ], [ 75.563513883938285, 16.414259451287261 ], [ 75.566301643229082, 16.41272751420528 ], [ 75.573148436920249, 16.411744814744296 ], [ 75.575527269560595, 16.413057915413429 ], [ 75.579008853019715, 16.423231331070234 ], [ 75.58516703932365, 16.434171242414187 ], [ 75.598659399717675, 16.445709777229368 ], [ 75.604390117679841, 16.447730844985976 ], [ 75.635745033882912, 16.443652026590858 ], [ 75.67125858433694, 16.423663505806857 ], [ 75.672695457722696, 16.42522437092866 ], [ 75.677005497840057, 16.423818472928467 ], [ 75.687049503595546, 16.415355448374989 ], [ 75.699129004046839, 16.40938984125572 ], [ 75.698698510744904, 16.408068171187942 ] ], [ [ 75.041213078513593, 16.438957141950365 ], [ 75.041668151153985, 16.44815373345692 ], [ 75.041865184676681, 16.454130114453275 ], [ 75.039049912227128, 16.453032708856043 ], [ 75.037408571689681, 16.439266400350597 ], [ 75.041213078513593, 16.438957141950365 ] ] ] } },
{ "type": "Feature", "properties": { "DISTRICT": "Ballari" }, "geometry": { "type": "MultiPolygon", "coordinates": [ [ [ [ 76.568244362977111, 15.332927611601903 ], [ 76.568692815775265, 15.330830130544985 ], [ 76.567575799575366, 15.331540049325822 ], [ 76.568095699447312, 15.329904797352022 ], [ 76.566185738932191, 15.330136795390429 ], [ 76.568244362977111, 15.332927611601903 ] ] ], [ [ [ 76.562823960274457, 15.33100212698638 ], [ 76.563157367701393, 15.333504596748746 ], [ 76.564332466879506, 15.333120997296392 ], [ 76.564176813499543, 15.330441310647723 ], [ 76.562823960274457, 15.33100212698638 ] ] ], [ [ [ 76.57214880448791, 15.335304434539756 ], [ 76.569488846356961, 15.334541946785242 ], [ 76.569375841170114, 15.334779764472879 ], [ 76.57214880448791, 15.335304434539756 ] ] ], [ [ [ 76.671342596759757, 15.019138248203978 ], [ 76.672210098806488, 15.013289113524131 ], [ 76.678210603117108, 15.008925802415579 ], [ 76.677636000136516, 15.00585122341151 ], [ 76.679978574271985, 15.005464706520359 ], [ 76.681928158837749, 14.996113330498813 ], [ 76.678126636068754, 14.995505161234876 ], [ 76.681483129890424, 14.990784298962543 ], [ 76.684785047987546, 14.989804331199137 ], [ 76.689608520573842, 14.978155284266832 ], [ 76.705023518687923, 14.977278637198244 ], [ 76.71228362397629, 14.974991875566502 ], [ 76.71602837619038, 14.972837805592002 ], [ 76.717090328795095, 14.967373413896921 ], [ 76.7175366440961, 14.953069133206995 ], [ 76.714686524066707, 14.942326277714637 ], [ 76.713189980922252, 14.93924265210358 ], [ 76.706105653778053, 14.942640424308035 ], [ 76.70678790778625, 14.931086271708518 ], [ 76.703907458933287, 14.93157472296231 ], [ 76.698620649643587, 14.927458674306601 ], [ 76.695918346361665, 14.926785867854194 ], [ 76.691305502359867, 14.928917954845433 ], [ 76.679213133877909, 14.938340565198095 ], [ 76.659441034286118, 14.942108204019245 ], [ 76.662506000730659, 14.92623652967338 ], [ 76.66616135109534, 14.91655612565112 ], [ 76.677531658638799, 14.911426956580256 ], [ 76.677581217217849, 14.894682191673324 ], [ 76.672339534610913, 14.896550141161724 ], [ 76.666531417217541, 14.894544568317642 ], [ 76.665988649546591, 14.896245711607826 ], [ 76.660459836292659, 14.895293719839623 ], [ 76.651390730752809, 14.896859972902206 ], [ 76.646223897550698, 14.894442232020138 ], [ 76.637554855540486, 14.895022393702583 ], [ 76.635142403954717, 14.892210205766087 ], [ 76.632868773198453, 14.891896209850813 ], [ 76.632570537479239, 14.883126039341445 ], [ 76.619068925650495, 14.884824611552478 ], [ 76.608285210444848, 14.881278711937828 ], [ 76.594325063194447, 14.881626512857952 ], [ 76.592301480222744, 14.865168065393613 ], [ 76.586031256932813, 14.859234434893928 ], [ 76.577999211635969, 14.861316449412518 ], [ 76.569810263353432, 14.867621469757474 ], [ 76.568928709650862, 14.873699811680234 ], [ 76.56544179342842, 14.880159443230911 ], [ 76.541955583909314, 14.881300594943211 ], [ 76.538739923811818, 14.876139663954673 ], [ 76.529769374893519, 14.874655650225066 ], [ 76.533759422920255, 14.870936046066596 ], [ 76.521920605423432, 14.869103909590047 ], [ 76.517024690994177, 14.871847672040563 ], [ 76.509241509122333, 14.86941801823151 ], [ 76.498318428311862, 14.868820873757075 ], [ 76.499073376523839, 14.86513535767863 ], [ 76.497380446930066, 14.861640492244147 ], [ 76.49494865494394, 14.861682155384791 ], [ 76.494789926845925, 14.859778351405957 ], [ 76.487452430041202, 14.861010885461258 ], [ 76.480829889996571, 14.859386559018178 ], [ 76.476613139958985, 14.865519426580798 ], [ 76.474767011361976, 14.87161279838929 ], [ 76.477931003048937, 14.88248052974585 ], [ 76.472616860185568, 14.882739514671622 ], [ 76.465650665464423, 14.875606179687713 ], [ 76.463760384530843, 14.881970651044128 ], [ 76.457883328049462, 14.883182080805019 ], [ 76.4603758436878, 14.892400604451153 ], [ 76.457842232829094, 14.902006861127544 ], [ 76.455085955138387, 14.904646891290231 ], [ 76.452506519207617, 14.912257741771731 ], [ 76.455011736250825, 14.917390456798119 ], [ 76.462006126671142, 14.923160280536557 ], [ 76.469055144120702, 14.925030583295527 ], [ 76.470617948040768, 14.927405779807058 ], [ 76.462774658830895, 14.924898341181935 ], [ 76.457004122519322, 14.927141009721529 ], [ 76.453211423902999, 14.926868189998425 ], [ 76.451975129476708, 14.928508638321851 ], [ 76.442040550608823, 14.931146953360683 ], [ 76.435201884559163, 14.937087396162728 ], [ 76.432022680962575, 14.93702019760077 ], [ 76.426971210275966, 14.931079599457361 ], [ 76.412509351290936, 14.932039782799263 ], [ 76.407545201129579, 14.934595225888517 ], [ 76.398192279913005, 14.932917012228646 ], [ 76.402545744937726, 14.934917298025482 ], [ 76.403951431422442, 14.938377547046949 ], [ 76.403608647230783, 14.944314316733836 ], [ 76.405931942497858, 14.945567978518877 ], [ 76.407033229598426, 14.952071275430308 ], [ 76.400537807245144, 14.952540249676339 ], [ 76.399942673187667, 14.954446895016455 ], [ 76.396356812732435, 14.955523758538357 ], [ 76.39425909057222, 14.954729924359603 ], [ 76.394074620894841, 14.957452904270342 ], [ 76.391936668565009, 14.955776006980017 ], [ 76.380687622715698, 14.958394572113249 ], [ 76.375169882796911, 14.957138610667959 ], [ 76.374655702347127, 14.966963767515518 ], [ 76.376735957094581, 14.983656303401363 ], [ 76.361269577564642, 14.986020524144143 ], [ 76.364662474733493, 14.991050074269161 ], [ 76.361169655224757, 14.995581518525983 ], [ 76.372067266458686, 14.996681354381879 ], [ 76.375462572280995, 15.005377998037766 ], [ 76.377644099910768, 15.005917387266276 ], [ 76.37953425321507, 15.018888591285327 ], [ 76.377228473904324, 15.021599460766721 ], [ 76.379275369830353, 15.023144109107522 ], [ 76.393186189952345, 15.021819600149485 ], [ 76.39792559371709, 15.023389673942919 ], [ 76.406002268075696, 15.029724284145033 ], [ 76.404412250793698, 15.038220450596929 ], [ 76.402203172097757, 15.03802507305323 ], [ 76.399367892764019, 15.047610173253279 ], [ 76.393721882274917, 15.052870490935117 ], [ 76.393594645151595, 15.063519041664401 ], [ 76.411049313056083, 15.060788755591114 ], [ 76.414425360459859, 15.054632658333823 ], [ 76.42302420523545, 15.044931159019322 ], [ 76.439378967822606, 15.039981276909629 ], [ 76.452071793077053, 15.038344893233358 ], [ 76.461673512808318, 15.042224242361392 ], [ 76.464392443562787, 15.048026046903056 ], [ 76.474685424235673, 15.042038460071709 ], [ 76.471335115869593, 15.048277502600133 ], [ 76.474219140207296, 15.049625014009095 ], [ 76.47106401748357, 15.051654067683501 ], [ 76.472838937544552, 15.057491137363593 ], [ 76.449280698133578, 15.086749900904579 ], [ 76.449685467781066, 15.093372164659399 ], [ 76.444248201332144, 15.101085521076977 ], [ 76.446880519269456, 15.106684588145351 ], [ 76.442871850834123, 15.110921461312232 ], [ 76.442829071071031, 15.107931371660747 ], [ 76.439262806274925, 15.107325049853674 ], [ 76.439297914681276, 15.105146235875059 ], [ 76.435238718362811, 15.107714205841839 ], [ 76.439887777740921, 15.111324711456026 ], [ 76.441798191319108, 15.116192014313578 ], [ 76.441037770658937, 15.122325083206205 ], [ 76.436100847640574, 15.124498936540459 ], [ 76.420107533326913, 15.118215047221499 ], [ 76.417330527114174, 15.121171571541288 ], [ 76.412093927930272, 15.120571855257731 ], [ 76.408117016602674, 15.123304313226603 ], [ 76.403915887084011, 15.123307746225317 ], [ 76.397547471092622, 15.125963565182632 ], [ 76.398138784943313, 15.12754610988828 ], [ 76.413747017562272, 15.132395988978779 ], [ 76.415741550270383, 15.135532144849007 ], [ 76.420673703975567, 15.134498046692435 ], [ 76.423276499024226, 15.137839720339757 ], [ 76.419804772899838, 15.141844074361471 ], [ 76.417866911427595, 15.140246862433408 ], [ 76.412065258432222, 15.142429624587802 ], [ 76.409112936596102, 15.15095311385233 ], [ 76.411635043952103, 15.153498614818622 ], [ 76.407235171290395, 15.154908651678236 ], [ 76.404976067941178, 15.15991783972968 ], [ 76.407354566763061, 15.163622918120018 ], [ 76.417658206526667, 15.165872222598745 ], [ 76.413305743072655, 15.174162164625775 ], [ 76.401634805103711, 15.183423664769071 ], [ 76.396170515819691, 15.193603053488005 ], [ 76.409367774044142, 15.194141097720822 ], [ 76.420290878506435, 15.206539134700867 ], [ 76.423198574462944, 15.207349742502064 ], [ 76.42253876555985, 15.209607629500054 ], [ 76.424416343200434, 15.210873099857505 ], [ 76.418570692073885, 15.215392058047737 ], [ 76.420441024941908, 15.218191793186476 ], [ 76.413947331120028, 15.217539936727846 ], [ 76.410863862537084, 15.220948714514268 ], [ 76.410974702713261, 15.222842866841315 ], [ 76.408783774443094, 15.221662732525914 ], [ 76.40702543039346, 15.223249004480413 ], [ 76.408753422375156, 15.226871103051735 ], [ 76.406205100387282, 15.223891669470984 ], [ 76.400708807709123, 15.228546512251256 ], [ 76.407652298983734, 15.234426789707573 ], [ 76.415639914110002, 15.230987758737786 ], [ 76.422560786746104, 15.22471718824551 ], [ 76.427501997438284, 15.226632354777532 ], [ 76.432679705370504, 15.23223631406545 ], [ 76.449066264860647, 15.219361259898024 ], [ 76.458457593818892, 15.216834849120541 ], [ 76.457770382563098, 15.208230100902892 ], [ 76.453346142986277, 15.202281509537313 ], [ 76.477008231011752, 15.186972869645407 ], [ 76.494247624572253, 15.169088581654613 ], [ 76.517244236898478, 15.182534761461667 ], [ 76.524351535528567, 15.180817894970009 ], [ 76.52572969096282, 15.182909129724665 ], [ 76.52933376565349, 15.182944752210219 ], [ 76.533555081364739, 15.188722866727508 ], [ 76.538958732223108, 15.186664860956276 ], [ 76.543639032967377, 15.191783622329982 ], [ 76.551223738403891, 15.18811503715791 ], [ 76.556053526205076, 15.187536605326247 ], [ 76.563006844433616, 15.192689983650839 ], [ 76.564424553437249, 15.190939329818335 ], [ 76.56371231531358, 15.186973455259988 ], [ 76.576722961227176, 15.185876504008286 ], [ 76.574043452634243, 15.187401787587206 ], [ 76.573462924400701, 15.192866602939668 ], [ 76.603512757467954, 15.19509175306364 ], [ 76.604868912929405, 15.198945672886158 ], [ 76.615212670431404, 15.200294143365326 ], [ 76.628522922750662, 15.229951952358725 ], [ 76.638869271406008, 15.234690775424609 ], [ 76.641959200734547, 15.239123094888932 ], [ 76.641959515213429, 15.246745192706873 ], [ 76.634900180682152, 15.252609268545259 ], [ 76.632259182710413, 15.251768169139432 ], [ 76.631624427266146, 15.260350341361042 ], [ 76.641137235285456, 15.26323285205758 ], [ 76.643097908591159, 15.26134542848826 ], [ 76.651147485664652, 15.260329794367388 ], [ 76.656606057227108, 15.262837006345752 ], [ 76.654747798177723, 15.274082065136259 ], [ 76.634982028183458, 15.273289290528515 ], [ 76.634141760689971, 15.277749692036396 ], [ 76.626914214638617, 15.284094364083186 ], [ 76.615186437463805, 15.280221100084368 ], [ 76.614665904397555, 15.281578267855107 ], [ 76.616202258187357, 15.282456355198082 ], [ 76.615169404852594, 15.283463714007953 ], [ 76.618125292688333, 15.284027551779102 ], [ 76.615783529546718, 15.284895179101202 ], [ 76.611829812301153, 15.280052366770134 ], [ 76.61001916153981, 15.280013265392954 ], [ 76.606986141131259, 15.271761767231872 ], [ 76.590761592032408, 15.258708432659503 ], [ 76.586462701039721, 15.259295337182678 ], [ 76.582780493166482, 15.256882819976335 ], [ 76.590118931523051, 15.265006321953988 ], [ 76.592408608245805, 15.270739268284377 ], [ 76.598687052819571, 15.278615249267787 ], [ 76.600960876811442, 15.279409298949004 ], [ 76.600674534646856, 15.284521893570131 ], [ 76.585292245369345, 15.288017836177698 ], [ 76.582213833572084, 15.291290155492705 ], [ 76.582576231434771, 15.293904094534909 ], [ 76.586836835203059, 15.296621828077665 ], [ 76.587758459471488, 15.301077475509736 ], [ 76.591723627365866, 15.299966666227082 ], [ 76.607238501018017, 15.301059109964008 ], [ 76.608518026270858, 15.304689553986623 ], [ 76.605507372627443, 15.305316031287658 ], [ 76.605867199442514, 15.306416239918429 ], [ 76.610047668736541, 15.306470615427415 ], [ 76.613856291783648, 15.303035536540794 ], [ 76.617926394954637, 15.302890634929643 ], [ 76.619246503797541, 15.306542446269651 ], [ 76.617344690724153, 15.315344749387155 ], [ 76.613509144565398, 15.317393450456615 ], [ 76.610880736984313, 15.314909520575647 ], [ 76.59548762481721, 15.311193379367856 ], [ 76.594400470441315, 15.309768963438906 ], [ 76.590671218157382, 15.312111914998278 ], [ 76.591039375456546, 15.309556529756373 ], [ 76.58586645393315, 15.311427926287996 ], [ 76.583022891299208, 15.3094951558336 ], [ 76.58075786262809, 15.311081252176125 ], [ 76.589305604395179, 15.318632271935622 ], [ 76.592097501502252, 15.319195105790925 ], [ 76.593577262927866, 15.324330901358909 ], [ 76.590082952123254, 15.325896989297995 ], [ 76.585196418500018, 15.332250012590784 ], [ 76.582260140246291, 15.333745814385511 ], [ 76.586093287602495, 15.332987891902214 ], [ 76.584436158481196, 15.336164146795316 ], [ 76.579204050938955, 15.338040502371516 ], [ 76.58031322823166, 15.34251889678438 ], [ 76.578139287696516, 15.343268587576036 ], [ 76.578342121574295, 15.345780768422348 ], [ 76.575713015458561, 15.347805043544767 ], [ 76.575238692613098, 15.345158423882953 ], [ 76.572528189238639, 15.347777797919322 ], [ 76.568521945482317, 15.345670054791201 ], [ 76.562357710349801, 15.346554449572501 ], [ 76.562188406802548, 15.34866825950124 ], [ 76.552158262207101, 15.349354160476373 ], [ 76.551437321151127, 15.351727478334686 ], [ 76.555766681902497, 15.35952366839874 ], [ 76.556414042887596, 15.36633566753131 ], [ 76.557942647924477, 15.36703411967407 ], [ 76.553194148974185, 15.373266001014764 ], [ 76.546797362240468, 15.375459250495735 ], [ 76.540603918106257, 15.381297275242385 ], [ 76.548317495240099, 15.386063312935814 ], [ 76.552079067925902, 15.393063581935492 ], [ 76.55742694513124, 15.398760746813272 ], [ 76.571130986701192, 15.402046052645197 ], [ 76.591036176553672, 15.4121912751477 ], [ 76.594508366498872, 15.416383223508298 ], [ 76.596414201975861, 15.42634908055855 ], [ 76.612176568900352, 15.443657453487429 ], [ 76.641731796254959, 15.444114644000821 ], [ 76.659362814488219, 15.449057617196519 ], [ 76.661728676477153, 15.449064595614184 ], [ 76.662877400600863, 15.447292506741711 ], [ 76.676465966636357, 15.454929178333398 ], [ 76.684009731688903, 15.468322213608273 ], [ 76.694903666721245, 15.476740093596028 ], [ 76.693755407681309, 15.478640774403297 ], [ 76.707903646607946, 15.48787445140778 ], [ 76.723910534266878, 15.49284422509383 ], [ 76.742509956295009, 15.491083856760339 ], [ 76.780090166137654, 15.492712166512336 ], [ 76.80773867123942, 15.51192946258193 ], [ 76.8111119054265, 15.515882439437336 ], [ 76.806716594202911, 15.527677313670788 ], [ 76.809747186362401, 15.540018329418603 ], [ 76.815981175197862, 15.551690710159523 ], [ 76.827007217121206, 15.558566023935846 ], [ 76.829358514455336, 15.570095143697621 ], [ 76.833869588606944, 15.581427491217086 ], [ 76.831673757794235, 15.59766525475924 ], [ 76.835745998500343, 15.602036187664863 ], [ 76.832585241206658, 15.61430980485328 ], [ 76.82904470611733, 15.619371509103754 ], [ 76.831988800198062, 15.624030115289097 ], [ 76.841264445000903, 15.630410147453228 ], [ 76.845850554303624, 15.635934288090468 ], [ 76.859089848315804, 15.644770050791283 ], [ 76.859453025100848, 15.651305972072484 ], [ 76.88317278924022, 15.677843212877177 ], [ 76.887679467294717, 15.684997870015703 ], [ 76.892677782277204, 15.687538715113 ], [ 76.90020243250585, 15.688720110842839 ], [ 76.908580302180837, 15.693238639945696 ], [ 76.911027438847256, 15.698069573858021 ], [ 76.91506813292763, 15.701559009310142 ], [ 76.923841718614909, 15.730247402834115 ], [ 76.927550997534269, 15.735165070343314 ], [ 76.929695012793289, 15.743507311525478 ], [ 76.938385631671835, 15.756593660307347 ], [ 76.938596476818162, 15.759717622731843 ], [ 76.94282917891266, 15.763264375976805 ], [ 76.952490409612864, 15.76625153727041 ], [ 76.963148527195102, 15.773990944288288 ], [ 76.966981044902056, 15.780442760212306 ], [ 76.99573667982142, 15.807521646505478 ], [ 77.017836622953766, 15.824438636986418 ], [ 77.024423252548857, 15.837639936367836 ], [ 77.035883020303189, 15.829050017069708 ], [ 77.04012853620597, 15.832691229963231 ], [ 77.041177525379723, 15.829913795520973 ], [ 77.047148690864418, 15.830535200151344 ], [ 77.048203202848555, 15.82793287391028 ], [ 77.051347331439729, 15.829708880984281 ], [ 77.054432007036624, 15.828804054662417 ], [ 77.053898223296756, 15.830179427846561 ], [ 77.063629131639416, 15.830001706683287 ], [ 77.066305517352887, 15.826470779980685 ], [ 77.0638919486003, 15.802226871294009 ], [ 77.066876090994228, 15.80202080896742 ], [ 77.0674320148742, 15.792207569506715 ], [ 77.066237723938343, 15.784817157521582 ], [ 77.060244953931459, 15.786323034547102 ], [ 77.056848928082729, 15.768460866837712 ], [ 77.05218275076524, 15.769735069643096 ], [ 77.050754805312536, 15.764010391058809 ], [ 77.056164666003809, 15.762145961808541 ], [ 77.054095765026844, 15.755766812678234 ], [ 77.047816619209598, 15.756238348710886 ], [ 77.049208794723725, 15.72996882242092 ], [ 77.080104136310595, 15.727473835915683 ], [ 77.079018267335925, 15.716051930256032 ], [ 77.0879453484783, 15.714730320958278 ], [ 77.082610217247776, 15.698729211924155 ], [ 77.078686468237791, 15.695100892738587 ], [ 77.094041638394813, 15.690744113956743 ], [ 77.093859835537316, 15.689050392396638 ], [ 77.108567172956867, 15.681824530027317 ], [ 77.1092137879794, 15.679369949251159 ], [ 77.113883832657351, 15.677459327912558 ], [ 77.11369168650198, 15.675388335244893 ], [ 77.121739119104049, 15.671157776224957 ], [ 77.120183596349449, 15.667089431751108 ], [ 77.128336238846899, 15.66587485016602 ], [ 77.121883516962214, 15.632449171373295 ], [ 77.121428781235551, 15.630947399488726 ], [ 77.11996985067033, 15.631299797586633 ], [ 77.108102235912568, 15.638326959415961 ], [ 77.107001296851763, 15.637680758773602 ], [ 77.10685641119818, 15.64113093765388 ], [ 77.102719820226923, 15.643030192595285 ], [ 77.102344893765277, 15.645552457748614 ], [ 77.100317117091976, 15.645992371113238 ], [ 77.095182417482789, 15.652068103300786 ], [ 77.090114833036466, 15.65288114728035 ], [ 77.087103887451306, 15.656904453865222 ], [ 77.082961708029586, 15.65891405835327 ], [ 77.071212605551068, 15.645482316997485 ], [ 77.046983031718739, 15.638447663148305 ], [ 77.034689863994018, 15.63681417843434 ], [ 77.034740245815499, 15.634924654658887 ], [ 77.031457394278434, 15.635104043521439 ], [ 77.030532111738481, 15.621188881429868 ], [ 77.032702808936563, 15.620836681096014 ], [ 77.031323085762466, 15.611133613194923 ], [ 77.032696103508613, 15.60995745737703 ], [ 77.032133269497038, 15.60551134430445 ], [ 77.033308354271725, 15.605227104872121 ], [ 77.026068695212658, 15.58076929004808 ], [ 77.031052087005463, 15.545694402134286 ], [ 77.031296599133569, 15.507125690878334 ], [ 77.030081756384206, 15.502736673217884 ], [ 77.028520790680318, 15.500164469399836 ], [ 77.024686033394929, 15.502542204149481 ], [ 77.014931516566293, 15.502477747452899 ], [ 77.010555507692388, 15.504921190785778 ], [ 76.991350409957377, 15.506464082113444 ], [ 76.974470947267037, 15.510717999587326 ], [ 76.973728227619432, 15.507094247353065 ], [ 76.974657804930075, 15.495638215278802 ], [ 76.976568338742297, 15.49071157514358 ], [ 76.984432969972616, 15.485228766938208 ], [ 76.993088127513118, 15.48202048734381 ], [ 76.99815218605616, 15.47757512114595 ], [ 76.999419699557819, 15.471692720930582 ], [ 77.010032236308263, 15.449836694066731 ], [ 77.026700825422836, 15.441226989185209 ], [ 77.034606794911426, 15.431682542471696 ], [ 77.034461426759833, 15.421112941324033 ], [ 77.028838897614918, 15.405481012407234 ], [ 77.033083204543217, 15.400136465992045 ], [ 77.044971089140503, 15.393653881578725 ], [ 77.047843005905889, 15.388073123951729 ], [ 77.048255885673186, 15.385251136165598 ], [ 77.04429761407782, 15.37776645054841 ], [ 77.043172245717273, 15.36336490226992 ], [ 77.04416513965316, 15.357848216198807 ], [ 77.063886540982068, 15.345065946801864 ], [ 77.066187974920041, 15.337293213437428 ], [ 77.064129956052028, 15.327539627058771 ], [ 77.074960255181708, 15.325636758140572 ], [ 77.101250691003813, 15.333347532392409 ], [ 77.113526911788568, 15.333635293012405 ], [ 77.113039781541858, 15.326920007053552 ], [ 77.117137465641846, 15.325385785583066 ], [ 77.117187771712622, 15.313419178120533 ], [ 77.118708040361355, 15.31331974095718 ], [ 77.117891279504349, 15.294384765726917 ], [ 77.151773228961758, 15.291956277348165 ], [ 77.152002700479045, 15.275428032358189 ], [ 77.147606969432971, 15.274866633804816 ], [ 77.147454688580609, 15.272268782682913 ], [ 77.153891749676703, 15.273488488867773 ], [ 77.154236064004962, 15.271133572893662 ], [ 77.159479995060877, 15.268917710101483 ], [ 77.15996863207738, 15.267207020454853 ], [ 77.167900779214278, 15.267903539760709 ], [ 77.168018075465014, 15.25773734825928 ], [ 77.143996234704261, 15.256760716005164 ], [ 77.142951785985048, 15.250979345053354 ], [ 77.140488816824885, 15.251467744301856 ], [ 77.135697592343163, 15.24158243549337 ], [ 77.132838750414024, 15.24227333334273 ], [ 77.131972657236247, 15.240073504633186 ], [ 77.126222367789254, 15.240335514602929 ], [ 77.124784712163319, 15.227247563509616 ], [ 77.147377026313748, 15.224720217234001 ], [ 77.146897011814502, 15.221392247618191 ], [ 77.151568246898492, 15.218856803509009 ], [ 77.151367844615351, 15.215487900166906 ], [ 77.154764959584796, 15.215437423409981 ], [ 77.159116302527039, 15.201685194349656 ], [ 77.161876056750486, 15.201847245120186 ], [ 77.166521374449715, 15.187203366034787 ], [ 77.16926662502182, 15.171856232215566 ], [ 77.167548735966534, 15.171696925474381 ], [ 77.166927974945295, 15.168982551571888 ], [ 77.164618855947523, 15.168986700526045 ], [ 77.162584272419565, 15.157823570540268 ], [ 77.141035076694891, 15.158990398244796 ], [ 77.134508981972587, 15.148459226152568 ], [ 77.136867116375981, 15.148062195609395 ], [ 77.13749046952114, 15.143761050449674 ], [ 77.148729207753121, 15.141620886822652 ], [ 77.148443071978065, 15.140231266600351 ], [ 77.150876624412007, 15.13977488460468 ], [ 77.152805101002002, 15.13947296897816 ], [ 77.153114540890229, 15.141140322888127 ], [ 77.156929586202736, 15.140602797950518 ], [ 77.156729784009855, 15.125233288677348 ], [ 77.149587304473698, 15.111298473746601 ], [ 77.142389253556246, 15.105162477250948 ], [ 77.129771919099213, 15.101015392106229 ], [ 77.127515438774566, 15.07153032435507 ], [ 77.120152227841245, 15.052365822515409 ], [ 77.119304387573493, 15.04488690843403 ], [ 77.115161990223029, 15.045968072462635 ], [ 77.11300531362123, 15.033374341064487 ], [ 77.093819395572936, 15.03565031788435 ], [ 77.090654648669272, 15.029047657973406 ], [ 77.085178093440703, 15.030862940611687 ], [ 77.082746796471994, 15.005603770505914 ], [ 77.06082851493673, 15.005768253858495 ], [ 77.044236244760199, 15.009223102014706 ], [ 77.04981331568186, 15.022503848212596 ], [ 77.049350052779474, 15.033007740741263 ], [ 77.041778483846329, 15.033214974080133 ], [ 77.034770408453895, 15.031072974842067 ], [ 77.003995189062877, 15.034189757060602 ], [ 77.002601837602029, 15.031140189529006 ], [ 76.986244134228599, 15.026444426119831 ], [ 76.985496131348057, 15.015511898397291 ], [ 76.965891957118174, 15.018133134308487 ], [ 76.95035581771667, 15.030989493259595 ], [ 76.945067284777835, 15.031940754877128 ], [ 76.935568645127418, 15.030101567160958 ], [ 76.923644372427688, 15.031499589844703 ], [ 76.918044334164207, 15.036178285068862 ], [ 76.906347390565571, 15.033331860259176 ], [ 76.894499049475911, 15.037664748791414 ], [ 76.87728106676758, 15.031168911972035 ], [ 76.877691752831012, 15.036260110095338 ], [ 76.86942451255365, 15.053132979622013 ], [ 76.865632072342166, 15.055637432081189 ], [ 76.866170983297749, 15.059789917036435 ], [ 76.864477971706393, 15.058412721901451 ], [ 76.862082783118396, 15.059558434859055 ], [ 76.861691767089752, 15.062386000751383 ], [ 76.849851266256451, 15.068921481533721 ], [ 76.836120170679138, 15.079952214317792 ], [ 76.823931204924207, 15.080635813014286 ], [ 76.812258331705891, 15.08660481047078 ], [ 76.800928422815403, 15.095479401453559 ], [ 76.794909343186447, 15.091301142620676 ], [ 76.792694021843502, 15.086474696349397 ], [ 76.787153908416869, 15.087388321777027 ], [ 76.786260463011885, 15.081482692012818 ], [ 76.783347797162648, 15.076646929953638 ], [ 76.778896875412954, 15.078911882825437 ], [ 76.777500992409628, 15.077078081749461 ], [ 76.780652082222886, 15.074883246524296 ], [ 76.775075812617999, 15.070406910014389 ], [ 76.77348327301857, 15.059123131572674 ], [ 76.7767058558873, 15.054217257233899 ], [ 76.780568298130177, 15.042608378222759 ], [ 76.783719254429528, 15.042365214421149 ], [ 76.786044096753869, 15.037175701653714 ], [ 76.785967554590343, 15.02751264965813 ], [ 76.790504110312256, 15.020742649789446 ], [ 76.787597090853055, 15.008536933316156 ], [ 76.783636356084898, 15.004144403561453 ], [ 76.778518224349384, 15.006707393544149 ], [ 76.775234525988893, 14.993843135644122 ], [ 76.772158120990156, 14.990574922209268 ], [ 76.760971062845073, 14.990071626650412 ], [ 76.753897108639904, 14.984173306637063 ], [ 76.748364195837979, 14.986788266524352 ], [ 76.742687736431918, 14.987362239563241 ], [ 76.734234037775877, 14.985368998622224 ], [ 76.73022576264222, 14.995801128351767 ], [ 76.728031066186503, 14.997494844571724 ], [ 76.728535142345351, 15.00007419847103 ], [ 76.727203180138616, 15.000067917007408 ], [ 76.727989651856063, 15.009588831704258 ], [ 76.735969349076143, 15.022531781003986 ], [ 76.732891289888386, 15.031938359091994 ], [ 76.729587680741218, 15.03314760411534 ], [ 76.719450235092424, 15.034253563762245 ], [ 76.717615479481481, 15.036207800790461 ], [ 76.712580295875512, 15.033241917945803 ], [ 76.70359200252588, 15.033078601097168 ], [ 76.702492803312083, 15.029375556723359 ], [ 76.704333099242561, 15.020991313135088 ], [ 76.700822714409711, 15.016193171079806 ], [ 76.693075369400631, 15.019139284977554 ], [ 76.685838930785664, 15.018432704248083 ], [ 76.686096715352662, 15.021971696157689 ], [ 76.6890966650043, 15.023154792544451 ], [ 76.687469353505222, 15.025052073668611 ], [ 76.677425096804186, 15.024654868907122 ], [ 76.675749296985259, 15.021369459261967 ], [ 76.671342596759757, 15.019138248203978 ] ] ] ] } },
{ "type": "Feature", "properties": { "DISTRICT": "Belagavi" }, "geometry": { "type": "MultiPolygon", "coordinates": [ [ [ [ 74.305225101150526, 15.805716062864057 ], [ 74.31398508336828, 15.799880114137464 ], [ 74.314056135056603, 15.796503703671412 ], [ 74.310184698063438, 15.791563097806481 ], [ 74.302511474557249, 15.787492274898911 ], [ 74.293872899617838, 15.795866030658294 ], [ 74.289524420531862, 15.787077498681578 ], [ 74.281195216265218, 15.789911299792884 ], [ 74.27489289494207, 15.795281261451262 ], [ 74.270847318344963, 15.795079530941438 ], [ 74.266493650269112, 15.797547188616566 ], [ 74.268000039823875, 15.799956816253893 ], [ 74.266520173820908, 15.807662357530056 ], [ 74.268983544474452, 15.816046327044825 ], [ 74.26288789493961, 15.829417060026651 ], [ 74.292595091353689, 15.832208541584201 ], [ 74.305225101150526, 15.805716062864057 ] ] ], [ [ [ 74.732540113443093, 16.719250343265568 ], [ 74.737187251372504, 16.723702929436378 ], [ 74.753054769331555, 16.73136357458624 ], [ 74.752516281538249, 16.732999619066309 ], [ 74.759998169062726, 16.74141755336786 ], [ 74.763935529922719, 16.741894651598244 ], [ 74.769600191337531, 16.745371310915559 ], [ 74.771812186735332, 16.750889154291254 ], [ 74.784218458077618, 16.750830922604106 ], [ 74.795422409865793, 16.747343950613832 ], [ 74.798242131272147, 16.75375792037649 ], [ 74.844301155934517, 16.762026492041109 ], [ 74.849775233515757, 16.772571719554811 ], [ 74.865428766964229, 16.7639753142921 ], [ 74.868602186933714, 16.774193030650405 ], [ 74.890990762195159, 16.771342390964353 ], [ 74.919436975453166, 16.772746634034895 ], [ 74.910318089081173, 16.789821132401183 ], [ 74.910107319884872, 16.815674865255382 ], [ 74.908215962678611, 16.823737907028569 ], [ 74.909943640196033, 16.836436427485925 ], [ 74.907314145367621, 16.85032362902929 ], [ 74.901351544439791, 16.8626288819164 ], [ 74.910641568435096, 16.864300958395123 ], [ 74.925987460347145, 16.863961628305127 ], [ 74.923554721652124, 16.867176350446375 ], [ 74.925260401449165, 16.86754378776299 ], [ 74.925402099431437, 16.872222138694145 ], [ 74.935198919762286, 16.870964096184697 ], [ 74.935592906786596, 16.878932175971276 ], [ 74.944450707130599, 16.882478848216955 ], [ 74.944566866933101, 16.88114327503018 ], [ 74.960282046667501, 16.881008365435878 ], [ 74.963723423459413, 16.910654091680854 ], [ 74.958507992884464, 16.905318700192019 ], [ 74.954528343014502, 16.905085322888379 ], [ 74.955029950066603, 16.909960493533063 ], [ 74.943336705413671, 16.911120825604428 ], [ 74.938183042752883, 16.917035797628426 ], [ 74.932717709925484, 16.918598571966584 ], [ 74.933864010367884, 16.923991965692924 ], [ 74.921408342036173, 16.929675726346755 ], [ 74.923181150741698, 16.939559978869905 ], [ 74.930634539951143, 16.942156563692688 ], [ 74.931312824211773, 16.94482865174945 ], [ 74.936665926487521, 16.944789272431663 ], [ 74.942974305199982, 16.940408569563651 ], [ 74.947158418727938, 16.940106878927452 ], [ 74.949998633215586, 16.933927628467142 ], [ 74.959282116540351, 16.927792011058457 ], [ 74.962932091039335, 16.928125761796768 ], [ 74.965023122805945, 16.928995835724649 ], [ 74.964677571133564, 16.930983091950765 ], [ 74.959802735427715, 16.933714233590248 ], [ 74.958875140538581, 16.937301272165715 ], [ 74.960039031598583, 16.939855779887573 ], [ 74.967042997244448, 16.941237339680619 ], [ 74.964117132542754, 16.947544331033335 ], [ 74.973490683472477, 16.951031346790479 ], [ 74.994794347002482, 16.952004382258277 ], [ 75.000388103856679, 16.95031673108765 ], [ 75.005414501656034, 16.946648740255569 ], [ 75.026881164712947, 16.94485740361737 ], [ 75.025122947589495, 16.939312243589701 ], [ 75.025765419077956, 16.92872007423226 ], [ 75.026305185529566, 16.932240466990358 ], [ 75.035833478340635, 16.933203494897825 ], [ 75.037735058983486, 16.935903472540591 ], [ 75.039992876660392, 16.935939534203889 ], [ 75.041187871761963, 16.940648811732895 ], [ 75.045186493971926, 16.942310035805644 ], [ 75.061142407601338, 16.941631790564731 ], [ 75.070170072663359, 16.946840643621666 ], [ 75.072713803286277, 16.946711467548379 ], [ 75.074624155051396, 16.950483783165222 ], [ 75.07820497476861, 16.949270088153487 ], [ 75.085261523690122, 16.952050210027199 ], [ 75.090136267580604, 16.9520185251057 ], [ 75.092381107809302, 16.940278166585269 ], [ 75.092341008525821, 16.925930217027069 ], [ 75.096107648163851, 16.913937301344543 ], [ 75.102629464518913, 16.912741782322204 ], [ 75.117533859225063, 16.913524660075545 ], [ 75.120037593073718, 16.902382046974502 ], [ 75.134957524503463, 16.894673775089426 ], [ 75.132663457738417, 16.889965380588027 ], [ 75.136251242682974, 16.874422396351061 ], [ 75.155538438126612, 16.86805018095005 ], [ 75.164764040591834, 16.867030574050847 ], [ 75.176460240513833, 16.86798342407085 ], [ 75.188807198566067, 16.874994215931039 ], [ 75.181890227923574, 16.843463707108786 ], [ 75.217489144341627, 16.841903283026252 ], [ 75.227992620961288, 16.843446927367822 ], [ 75.237709467101936, 16.867694561178283 ], [ 75.265495647379183, 16.863138944064577 ], [ 75.272999691413887, 16.869235153900917 ], [ 75.282511589537179, 16.881005888790742 ], [ 75.289809092967062, 16.904702425500933 ], [ 75.282439234464803, 16.912077565198121 ], [ 75.280026173516447, 16.923712084931704 ], [ 75.280652793410525, 16.953227567007051 ], [ 75.279517963451397, 16.956864471316511 ], [ 75.341589148035538, 16.956209589225836 ], [ 75.343108621444813, 16.952857372759539 ], [ 75.342013108880892, 16.946003539589203 ], [ 75.336382916441735, 16.925453234131325 ], [ 75.334459502979016, 16.912076203229127 ], [ 75.333935418101277, 16.894503574487107 ], [ 75.335806665682284, 16.868873905623946 ], [ 75.339690185382807, 16.870548912495725 ], [ 75.358393519636749, 16.87122851588158 ], [ 75.369211980541877, 16.866691547601082 ], [ 75.375149440931608, 16.867093039649387 ], [ 75.377256120623258, 16.865468691363819 ], [ 75.380890914825414, 16.866197610414652 ], [ 75.385142514420323, 16.863864255890672 ], [ 75.395025381238639, 16.863001878055393 ], [ 75.381434490326754, 16.83407690200589 ], [ 75.378865089627183, 16.823169885427866 ], [ 75.379957813402683, 16.810630367351457 ], [ 75.377962635255386, 16.81027289341527 ], [ 75.378798559189079, 16.798442087174315 ], [ 75.381083226471731, 16.798559271768084 ], [ 75.385967647980806, 16.76349674015632 ], [ 75.385152886669729, 16.76143530072428 ], [ 75.379452596176691, 16.762324399389261 ], [ 75.366500855203299, 16.759823875477945 ], [ 75.36650481025238, 16.743398626957781 ], [ 75.363655211825346, 16.737710429328718 ], [ 75.364228482564926, 16.734867486461873 ], [ 75.362413055728368, 16.730107543563754 ], [ 75.365470106280952, 16.722514809794291 ], [ 75.363591770300474, 16.720127192500843 ], [ 75.364915630183418, 16.71735644698083 ], [ 75.362310149131957, 16.714300928253273 ], [ 75.316754490956868, 16.718543848355385 ], [ 75.287887311868516, 16.714358465687472 ], [ 75.264605138689589, 16.691615839958118 ], [ 75.262815094759404, 16.680372313552578 ], [ 75.265818821477851, 16.666811910790528 ], [ 75.268115552396537, 16.640940185079714 ], [ 75.261831274155142, 16.619968273574099 ], [ 75.255488905102268, 16.618587381256095 ], [ 75.258493722804729, 16.612452183022391 ], [ 75.256588776217313, 16.609578081858686 ], [ 75.259856177609791, 16.607354521932159 ], [ 75.251613774291656, 16.604770447941952 ], [ 75.243839057868399, 16.607460264661931 ], [ 75.232539935091594, 16.614221473615114 ], [ 75.224369058818937, 16.615581762375147 ], [ 75.217183872855912, 16.614898598887081 ], [ 75.201374125393514, 16.608268008560046 ], [ 75.18005304541694, 16.603901137849363 ], [ 75.170751406719106, 16.598992939073753 ], [ 75.158658498381087, 16.585679766227791 ], [ 75.159016666904861, 16.566574542652255 ], [ 75.166300730546297, 16.554264444926499 ], [ 75.167115904337493, 16.545044608946363 ], [ 75.162804090036119, 16.533263795531493 ], [ 75.155385361631147, 16.527230629871326 ], [ 75.132003926280021, 16.521425543254278 ], [ 75.124642146981216, 16.509964156480617 ], [ 75.120225958563665, 16.506624118999053 ], [ 75.11226818657002, 16.505649424883629 ], [ 75.104371515874803, 16.510886193829091 ], [ 75.099298537787618, 16.527301165048911 ], [ 75.088946902309289, 16.539419044880784 ], [ 75.086261222895544, 16.554218038940103 ], [ 75.081724221187756, 16.560651184895303 ], [ 75.071637797816408, 16.566667399823622 ], [ 75.06746828419513, 16.550106594727136 ], [ 75.067313025027559, 16.539059678702383 ], [ 75.007309832100958, 16.538197004646044 ], [ 75.006415223613146, 16.533755795370457 ], [ 75.004189119526686, 16.533925461402319 ], [ 75.003869150270589, 16.531326545603108 ], [ 75.000767393135405, 16.530172082264784 ], [ 74.997774619348064, 16.517485707489424 ], [ 74.994854900088185, 16.516728710238151 ], [ 74.988256168401193, 16.500378117695156 ], [ 74.988971103351005, 16.478198799867855 ], [ 74.987895894157958, 16.470870016696828 ], [ 74.986326157086694, 16.470398519652566 ], [ 74.986283825238573, 16.462858600228664 ], [ 74.990927761343286, 16.462521123110434 ], [ 74.991261558606709, 16.46108196081477 ], [ 74.988475306910345, 16.453342509542583 ], [ 74.999030495702883, 16.454612855545651 ], [ 75.002278525684503, 16.457978654274374 ], [ 75.015725794687583, 16.458574143169859 ], [ 75.014719969502153, 16.45290435459188 ], [ 75.017518516472691, 16.439387613998814 ], [ 75.02312749094331, 16.439870680108196 ], [ 75.02320099505323, 16.43527784645724 ], [ 75.028206364921417, 16.433004302744529 ], [ 75.037036258399965, 16.434882606171012 ], [ 75.077183280134378, 16.437699582326211 ], [ 75.071828775855323, 16.40402469590969 ], [ 75.050035836120443, 16.399776164583766 ], [ 75.048470805460695, 16.398854642039208 ], [ 75.048191279067126, 16.395762035265825 ], [ 75.040530905643365, 16.395677544593877 ], [ 75.040479285735756, 16.39769030247114 ], [ 75.038848921190706, 16.397435707999978 ], [ 75.034418688347415, 16.384954113762458 ], [ 75.032638076753628, 16.35816386801725 ], [ 75.033937225405751, 16.33979754483644 ], [ 75.043655979714103, 16.319587190014683 ], [ 75.057791447118916, 16.331490260711579 ], [ 75.063990065080304, 16.32633158672316 ], [ 75.077546698937454, 16.331955455713331 ], [ 75.088157510709038, 16.329820132964862 ], [ 75.095614008887864, 16.324892501180329 ], [ 75.109444706715024, 16.328526664301492 ], [ 75.116029431839621, 16.326196617153368 ], [ 75.124044715454872, 16.330752421302506 ], [ 75.131134092376001, 16.330997087850974 ], [ 75.138419071171626, 16.325960144022137 ], [ 75.131624224400596, 16.304231840221497 ], [ 75.131899714257329, 16.300887631897123 ], [ 75.129108186081069, 16.296200509726006 ], [ 75.130358180426597, 16.294653407400922 ], [ 75.129603293527467, 16.286962995901344 ], [ 75.155965722563536, 16.280536315884163 ], [ 75.170015601013262, 16.280295834348728 ], [ 75.174438848083042, 16.275970343407391 ], [ 75.17829641006324, 16.27490899393262 ], [ 75.195110430576506, 16.274399805862661 ], [ 75.2176494484453, 16.26860186546304 ], [ 75.224556905449077, 16.262410285211296 ], [ 75.234132623174887, 16.259627820568806 ], [ 75.232291006435403, 16.250223086439146 ], [ 75.23930649284668, 16.251128373089834 ], [ 75.229769836559385, 16.231483644904468 ], [ 75.231186285877826, 16.227517712298841 ], [ 75.230231666688681, 16.224636735629591 ], [ 75.233084598160488, 16.218734065004739 ], [ 75.233628935384601, 16.212371021268453 ], [ 75.232381779752416, 16.209638732231522 ], [ 75.249276774653367, 16.204332351044918 ], [ 75.270319619278311, 16.207506755564008 ], [ 75.280722816857789, 16.199930599774312 ], [ 75.285672441649396, 16.202108382525417 ], [ 75.288714403707004, 16.19166798619796 ], [ 75.286191806717028, 16.188859342999759 ], [ 75.284698055407858, 16.176767189215596 ], [ 75.292557566663817, 16.172481235896331 ], [ 75.287400715670387, 16.151961732923901 ], [ 75.275744138695245, 16.120412191085844 ], [ 75.298424033886874, 16.117365711597817 ], [ 75.327827131932551, 16.115723327793436 ], [ 75.338738930214276, 16.120720170431756 ], [ 75.341606981818927, 16.124464877571977 ], [ 75.346363137557205, 16.123201473818533 ], [ 75.353781428889178, 16.128065154629649 ], [ 75.353631906798697, 16.116306914515572 ], [ 75.355530095275597, 16.115126956795102 ], [ 75.400189228719626, 16.113356993424553 ], [ 75.404304822463942, 16.113716393314583 ], [ 75.406841450248393, 16.12580910937568 ], [ 75.412132582728447, 16.130274474036668 ], [ 75.419002792632213, 16.10003454031115 ], [ 75.42953698734631, 16.096778215956562 ], [ 75.427693987835497, 16.093734775513735 ], [ 75.430500757016347, 16.080429485208935 ], [ 75.427363555545227, 16.057855738207312 ], [ 75.418467661485039, 16.056474219359686 ], [ 75.416029362064009, 16.053167305456878 ], [ 75.41602021087013, 16.032528084159242 ], [ 75.423107326949548, 16.032587635027493 ], [ 75.426765163045914, 16.00771395297134 ], [ 75.433563260126903, 16.007166273361808 ], [ 75.438938476844044, 16.004129117797813 ], [ 75.436248212413915, 15.988883221096353 ], [ 75.430766653135208, 15.970748804829823 ], [ 75.439791606989743, 15.966123482334982 ], [ 75.432998315690838, 15.945101266176028 ], [ 75.428461498190245, 15.937475773813608 ], [ 75.430516821484261, 15.934855459981526 ], [ 75.424805622289313, 15.921942553070114 ], [ 75.440681927378364, 15.918253984588086 ], [ 75.438588936934792, 15.911066700521459 ], [ 75.436977961143526, 15.893601412494919 ], [ 75.446636605683281, 15.892666599781156 ], [ 75.446503207467543, 15.890204526847837 ], [ 75.443040254523538, 15.889046508861689 ], [ 75.447154926444298, 15.886383776246007 ], [ 75.449347050329024, 15.887177131493001 ], [ 75.449235635907584, 15.884588370679047 ], [ 75.453034126235181, 15.881655711542317 ], [ 75.451130561325087, 15.861826595227463 ], [ 75.457634280371977, 15.861420209507202 ], [ 75.457872787397761, 15.817933285496878 ], [ 75.455255391189951, 15.818141807201572 ], [ 75.453067907974685, 15.810616403499344 ], [ 75.451177471265225, 15.811046120075558 ], [ 75.447384719146385, 15.793602427084011 ], [ 75.439497371346164, 15.795046133171176 ], [ 75.436210287183314, 15.778120611675133 ], [ 75.413831390296437, 15.784192456097902 ], [ 75.42403548561191, 15.825509930729725 ], [ 75.424873098929638, 15.842349647695981 ], [ 75.411555264926818, 15.841150325835216 ], [ 75.408155790082461, 15.838960959281851 ], [ 75.405828365689601, 15.839051437669156 ], [ 75.403012158533102, 15.841864384164237 ], [ 75.398762514601231, 15.839598748885443 ], [ 75.385213181442481, 15.838551335715367 ], [ 75.381948666074038, 15.840297632491744 ], [ 75.382412629475382, 15.84352602022639 ], [ 75.375380631162926, 15.846048910062526 ], [ 75.365701203158864, 15.814030552494042 ], [ 75.364691828699719, 15.804472615421755 ], [ 75.341007540648619, 15.804734301459758 ], [ 75.339004986408852, 15.827684517692481 ], [ 75.329989674888623, 15.824525974658066 ], [ 75.333021977938785, 15.816633816173894 ], [ 75.326788011929608, 15.812962151588545 ], [ 75.320741819070662, 15.810541705806225 ], [ 75.320066348661129, 15.812831817942195 ], [ 75.30300169543564, 15.812419817983793 ], [ 75.304140518104305, 15.80234355121711 ], [ 75.303337007750912, 15.785692483518728 ], [ 75.305363774568235, 15.766398953580119 ], [ 75.317565700515445, 15.764209620287573 ], [ 75.317884257909142, 15.746239448237725 ], [ 75.31376931939549, 15.730334832816887 ], [ 75.301514887869288, 15.727978731039853 ], [ 75.292887791577854, 15.728415079072176 ], [ 75.293091284895297, 15.741440915571934 ], [ 75.275234706801413, 15.740674515159686 ], [ 75.27365456525402, 15.723192308000868 ], [ 75.276106061655227, 15.723454050332791 ], [ 75.276650172225487, 15.722101357588388 ], [ 75.278598601909863, 15.689770041162548 ], [ 75.277349522418746, 15.689269428175669 ], [ 75.271764122332925, 15.661665354581809 ], [ 75.272972904431469, 15.648276524779765 ], [ 75.248798655462636, 15.647119496043157 ], [ 75.236180522333569, 15.679150476677378 ], [ 75.218059212665011, 15.677291870088522 ], [ 75.218402268395039, 15.681228161425224 ], [ 75.20327096301699, 15.681433837655975 ], [ 75.202386321037466, 15.64920588017667 ], [ 75.186874714428271, 15.649288760133564 ], [ 75.185894899895459, 15.655632323468296 ], [ 75.183544245895988, 15.657724514143482 ], [ 75.180393358148237, 15.656126340356785 ], [ 75.171589995400041, 15.660545712971583 ], [ 75.155138907786792, 15.659489194178425 ], [ 75.150954918072358, 15.661536105318357 ], [ 75.149145481513926, 15.659024998111873 ], [ 75.147111690764746, 15.66071709954092 ], [ 75.140213523820023, 15.658360586662244 ], [ 75.139025124362774, 15.660037049864011 ], [ 75.13232664794198, 15.66052432197626 ], [ 75.12884227042133, 15.665061859681041 ], [ 75.122982409772106, 15.666478701535862 ], [ 75.12327175014218, 15.668434163462985 ], [ 75.107001663964638, 15.672302042494133 ], [ 75.104737073667479, 15.661375973022546 ], [ 75.100635709960969, 15.662038096786096 ], [ 75.096527905542061, 15.62575278144619 ], [ 75.092186038768659, 15.608526422473947 ], [ 75.089799873052883, 15.612013074480716 ], [ 75.08677892552619, 15.612598808559317 ], [ 75.08565285492142, 15.615798766388442 ], [ 75.082467925515857, 15.617115999993073 ], [ 75.080221184074361, 15.622455924638455 ], [ 75.06404402296711, 15.625114894374247 ], [ 75.064593148248008, 15.627547304071278 ], [ 75.061967120736568, 15.630221358468118 ], [ 75.055792848232713, 15.632734644996358 ], [ 75.063154573469333, 15.669414310607042 ], [ 75.060998848264376, 15.672993399793191 ], [ 75.059395457489558, 15.683026642383172 ], [ 75.049776605216849, 15.682876502551734 ], [ 75.04671429890773, 15.670592321141052 ], [ 75.028516854298459, 15.670055510676752 ], [ 75.027431519582919, 15.651873482268908 ], [ 75.023394471565069, 15.652129301334705 ], [ 75.019444648833925, 15.64487154516895 ], [ 74.991623242250085, 15.650961512920743 ], [ 74.978663662057201, 15.648293869402469 ], [ 74.966939975290245, 15.653076043524901 ], [ 74.964240632956177, 15.645406779666059 ], [ 74.965197748391589, 15.62641275530792 ], [ 74.956217517553696, 15.625773592522956 ], [ 74.944878845769196, 15.62244958023645 ], [ 74.93224143561693, 15.622639709512754 ], [ 74.924594969564481, 15.624327801851955 ], [ 74.912494300586701, 15.630493053257375 ], [ 74.892026491550951, 15.630686199409615 ], [ 74.887222928826233, 15.629815859435034 ], [ 74.881949221889272, 15.623577327685467 ], [ 74.878322522553191, 15.621214296897588 ], [ 74.877643193484261, 15.622177624592627 ], [ 74.878031487054898, 15.61706409462489 ], [ 74.856302880846044, 15.612548108467299 ], [ 74.855667814299764, 15.611035076458815 ], [ 74.846712229174642, 15.608200573109141 ], [ 74.840196118609143, 15.608294349658296 ], [ 74.838646367202159, 15.612009119628826 ], [ 74.830075592829786, 15.609988934203004 ], [ 74.828520803682395, 15.608475799879219 ], [ 74.829985157634169, 15.590080463753766 ], [ 74.832182708638157, 15.590871906064676 ], [ 74.835803104851976, 15.585372294098025 ], [ 74.837918095580093, 15.577084966039966 ], [ 74.840908026947062, 15.574593748039609 ], [ 74.823441174919026, 15.56785533866454 ], [ 74.823130668799621, 15.566363945158216 ], [ 74.820023753809821, 15.565618170654874 ], [ 74.820313700753118, 15.562038822950406 ], [ 74.812138225236751, 15.556860745006571 ], [ 74.811009431194464, 15.554268829888683 ], [ 74.807965242386317, 15.553462475199874 ], [ 74.807484034867088, 15.550697568090062 ], [ 74.797057145403301, 15.547586461295669 ], [ 74.810749958089445, 15.520334064577026 ], [ 74.809214318541763, 15.510768977885313 ], [ 74.81437244577333, 15.503965559482005 ], [ 74.805896948182692, 15.501129585406241 ], [ 74.8019627634594, 15.50150591857199 ], [ 74.805466199085018, 15.497409490085595 ], [ 74.803605071382236, 15.496488550203864 ], [ 74.799601437292878, 15.498989029594485 ], [ 74.799293039981762, 15.497383310778631 ], [ 74.797239426916718, 15.497592821659053 ], [ 74.798645181273429, 15.493532713008197 ], [ 74.794918899453137, 15.490489507059733 ], [ 74.792730896254767, 15.486037861237087 ], [ 74.785965061046383, 15.48598461549887 ], [ 74.786859009061217, 15.478357316211229 ], [ 74.785364503466042, 15.471378302896994 ], [ 74.778258869365573, 15.458528276323275 ], [ 74.768774820079628, 15.470687024992548 ], [ 74.764334109540059, 15.473387326864842 ], [ 74.761315824690698, 15.470095508996909 ], [ 74.76006278090405, 15.47097578507282 ], [ 74.75901186312889, 15.474254050379303 ], [ 74.755625733933257, 15.476717073364611 ], [ 74.75629383857806, 15.479526962557442 ], [ 74.753176591377937, 15.485105592925136 ], [ 74.754394913732199, 15.488074411570102 ], [ 74.749868362177239, 15.490713539832898 ], [ 74.748365194432637, 15.4953670763147 ], [ 74.742521417651602, 15.494125367284701 ], [ 74.737902469897975, 15.49042878248477 ], [ 74.726683623343263, 15.488006161482772 ], [ 74.728906284169497, 15.483738033610576 ], [ 74.72790017721924, 15.483131613703081 ], [ 74.730104668834628, 15.482009418976954 ], [ 74.729325226980379, 15.479145546615376 ], [ 74.730635160934625, 15.479026346323845 ], [ 74.730935281397194, 15.476788959077375 ], [ 74.728765268061622, 15.475741955457877 ], [ 74.732121618043479, 15.469329494377158 ], [ 74.736149174201046, 15.465909313366438 ], [ 74.743457381513863, 15.466060698379312 ], [ 74.7427423931275, 15.463828092189022 ], [ 74.743907427503032, 15.463120200891051 ], [ 74.741819867756732, 15.461771536034348 ], [ 74.743385069658629, 15.460562979934986 ], [ 74.742429074664301, 15.451789044772658 ], [ 74.738316964573528, 15.448967595699528 ], [ 74.740075087780895, 15.447896112249053 ], [ 74.739156092961196, 15.445288213997877 ], [ 74.735468484604056, 15.444167719925467 ], [ 74.736439559144571, 15.440434288813389 ], [ 74.729926952084597, 15.43569731104075 ], [ 74.731658879732436, 15.433717489941539 ], [ 74.729393296549517, 15.431231793734668 ], [ 74.733378006450877, 15.422615489814136 ], [ 74.738107401990675, 15.421885561174463 ], [ 74.740884034630639, 15.419248296945597 ], [ 74.741050778912452, 15.411009220880109 ], [ 74.73189286877647, 15.40797964613335 ], [ 74.726698683646774, 15.410326596082379 ], [ 74.716646811739849, 15.411153555833167 ], [ 74.706263902445514, 15.407271258346404 ], [ 74.698646928068655, 15.409846417208449 ], [ 74.68892484964995, 15.398670581709371 ], [ 74.66638230567537, 15.393142390328622 ], [ 74.649919203127411, 15.391216841118428 ], [ 74.640266743756158, 15.381588313530463 ], [ 74.634094878605822, 15.368254232098515 ], [ 74.613772220563348, 15.35927957096265 ], [ 74.601181799479349, 15.369410113311071 ], [ 74.595656200374236, 15.377754985543801 ], [ 74.587681547123864, 15.380485141325403 ], [ 74.574074181495305, 15.392232714731184 ], [ 74.567584416116802, 15.403449954790723 ], [ 74.553672975194061, 15.40956526656133 ], [ 74.547373395717472, 15.414808068522333 ], [ 74.538993251059566, 15.416916340259309 ], [ 74.538500844027865, 15.415880857112244 ], [ 74.533828588646372, 15.418783430983131 ], [ 74.516482559033363, 15.402013800956059 ], [ 74.509941756867562, 15.402935904411731 ], [ 74.506128073394066, 15.412485227775356 ], [ 74.509280017535886, 15.427733878700801 ], [ 74.508114730057386, 15.430638635697271 ], [ 74.506072769517573, 15.433631832668876 ], [ 74.494624853630043, 15.438409191956328 ], [ 74.491266641376214, 15.435428626158018 ], [ 74.490039584134408, 15.437023659144666 ], [ 74.491818498292744, 15.443754010933468 ], [ 74.489788952013924, 15.442706445483257 ], [ 74.487945435667399, 15.438214830425697 ], [ 74.484390720061938, 15.437305427811253 ], [ 74.484051429001951, 15.433582897403825 ], [ 74.481474687282969, 15.430102209696333 ], [ 74.477401555300901, 15.428709465085312 ], [ 74.472372017062241, 15.432664541770132 ], [ 74.462982861079254, 15.432868901704225 ], [ 74.461079039670523, 15.430318963338916 ], [ 74.46222774353555, 15.430108953630896 ], [ 74.456434545152106, 15.425510809677686 ], [ 74.460375330382689, 15.420613528289804 ], [ 74.451180088624866, 15.421367632560843 ], [ 74.445659462339151, 15.419637612868737 ], [ 74.452048805694218, 15.408006297583789 ], [ 74.450229000347818, 15.409091389219926 ], [ 74.449685386482443, 15.405708415999197 ], [ 74.446664841633051, 15.406670923140933 ], [ 74.438579955102298, 15.405533510672921 ], [ 74.437485265986496, 15.402511721733015 ], [ 74.434560986092904, 15.401622788491073 ], [ 74.432889704592668, 15.396884035600525 ], [ 74.428464501775039, 15.397997737808472 ], [ 74.423819020895266, 15.422530534704887 ], [ 74.421988625047803, 15.463290697067499 ], [ 74.41922429245102, 15.464705451610763 ], [ 74.417927650020658, 15.46936828361067 ], [ 74.41538516930261, 15.470103093844367 ], [ 74.412129169190663, 15.474184137485459 ], [ 74.409389038141711, 15.475008049425115 ], [ 74.404294263105299, 15.473367874039063 ], [ 74.394251172651252, 15.480779854124794 ], [ 74.390604461004344, 15.480062150858238 ], [ 74.386389202061011, 15.483618414890872 ], [ 74.373608303000779, 15.479562155428146 ], [ 74.353112332874147, 15.506691317178898 ], [ 74.342268741407565, 15.517718756803424 ], [ 74.327110515186348, 15.516370502782216 ], [ 74.29077452238559, 15.523512593518447 ], [ 74.281797844340815, 15.523105312310934 ], [ 74.278471710567331, 15.521464189347954 ], [ 74.278854306711594, 15.523601855778169 ], [ 74.281348473860831, 15.524586374101249 ], [ 74.282306080738024, 15.531240055357964 ], [ 74.277654434191035, 15.546026447815851 ], [ 74.264276928314644, 15.557868468590184 ], [ 74.262661219886681, 15.56398422422655 ], [ 74.261110205802964, 15.563787274209227 ], [ 74.258784081589766, 15.55970137362185 ], [ 74.249306892163588, 15.566557326889056 ], [ 74.245618336618833, 15.566420407048012 ], [ 74.250648471793255, 15.575865040800178 ], [ 74.248694246661188, 15.57880814669468 ], [ 74.258492543585547, 15.592400423405056 ], [ 74.257518508740205, 15.598019843570542 ], [ 74.259243021049471, 15.60092520249138 ], [ 74.259753677346112, 15.607649586659278 ], [ 74.264440702661389, 15.615117725488005 ], [ 74.262625436749133, 15.618731975105401 ], [ 74.261987000332894, 15.617785289769328 ], [ 74.259738880487902, 15.619539304388288 ], [ 74.260092802307554, 15.620945476535496 ], [ 74.255858952931959, 15.624394494159324 ], [ 74.246947237587406, 15.620923069626802 ], [ 74.244927001258191, 15.625061010272754 ], [ 74.252004386329475, 15.65346886938655 ], [ 74.251291884241425, 15.655411392758879 ], [ 74.244562944702054, 15.658697322514167 ], [ 74.242440996881385, 15.661477720893233 ], [ 74.238341198445767, 15.66246463364717 ], [ 74.237833336210969, 15.66679547037721 ], [ 74.235871814891226, 15.668706819696705 ], [ 74.229698707066646, 15.667053689562234 ], [ 74.228554723488628, 15.664676972557363 ], [ 74.222732551764082, 15.66840617242679 ], [ 74.217575167235424, 15.662309241251947 ], [ 74.215568540280941, 15.662665173221207 ], [ 74.220815275474052, 15.657212424716116 ], [ 74.223274872896511, 15.657244633974328 ], [ 74.222773875848176, 15.655857009011671 ], [ 74.217766206442377, 15.652284811781197 ], [ 74.205520922664007, 15.650385287386589 ], [ 74.203572522758648, 15.656230670482433 ], [ 74.204632502561125, 15.663126792700098 ], [ 74.203971119181034, 15.66202945852765 ], [ 74.188887791699869, 15.665836087755313 ], [ 74.186344783678422, 15.674040090201888 ], [ 74.19069410332348, 15.674915881738297 ], [ 74.189094789364489, 15.67875154042099 ], [ 74.190438746982423, 15.682104421858647 ], [ 74.188137225887843, 15.680274891169088 ], [ 74.181500912926651, 15.682010628704885 ], [ 74.175529557454468, 15.677872439945254 ], [ 74.172461054303298, 15.673573603001033 ], [ 74.167488915898545, 15.671913614906432 ], [ 74.164314096966876, 15.657392998830792 ], [ 74.165235548482954, 15.654791836682726 ], [ 74.156622313598362, 15.65493106449259 ], [ 74.153205298691901, 15.650275404339638 ], [ 74.144174173508404, 15.651230530042829 ], [ 74.13662314217683, 15.648876094078643 ], [ 74.118476257304238, 15.652097348648718 ], [ 74.112326837022238, 15.658501621559772 ], [ 74.10443024910677, 15.657876324121805 ], [ 74.09561671955322, 15.66369516141719 ], [ 74.088132475863219, 15.673197811933802 ], [ 74.092404595709183, 15.67554501311939 ], [ 74.108730569255897, 15.67264631069283 ], [ 74.114944429553006, 15.674336197499628 ], [ 74.126135617936512, 15.680618923419644 ], [ 74.132405453237666, 15.692526239839561 ], [ 74.130906748161593, 15.701348238906194 ], [ 74.133426265306156, 15.703171208121708 ], [ 74.132899094283829, 15.705668066101708 ], [ 74.128653194700377, 15.708541556587903 ], [ 74.126739377959098, 15.708184436757284 ], [ 74.127008744293562, 15.718925359389887 ], [ 74.122217869859114, 15.720862587992757 ], [ 74.126355789293115, 15.725133589376984 ], [ 74.131241074575854, 15.723332269058718 ], [ 74.133351770058596, 15.725183791593595 ], [ 74.134029110252087, 15.730253584187668 ], [ 74.138713897044482, 15.730959973186765 ], [ 74.141804654806407, 15.734461514349714 ], [ 74.144072490364948, 15.733603580844584 ], [ 74.150517806230553, 15.735956703138228 ], [ 74.151509747129694, 15.737744083052828 ], [ 74.150489250090956, 15.740858990523252 ], [ 74.159364091733835, 15.749446399556842 ], [ 74.189673067918363, 15.752665551651745 ], [ 74.202637962056329, 15.758288971846689 ], [ 74.20460860729861, 15.762083605609996 ], [ 74.205401621334957, 15.772884400973121 ], [ 74.209677918685699, 15.781985035339391 ], [ 74.213751653084969, 15.780563668747494 ], [ 74.216024751581656, 15.784476976123539 ], [ 74.219254540380561, 15.785858331669912 ], [ 74.228889735024353, 15.789151047152448 ], [ 74.232433927450671, 15.787291387187924 ], [ 74.234748140536524, 15.779105706238941 ], [ 74.230689774505663, 15.774681320514663 ], [ 74.228090846811128, 15.767387385750025 ], [ 74.228012489752899, 15.756168226578689 ], [ 74.231492085145533, 15.753747711042074 ], [ 74.233721288386647, 15.748434733067551 ], [ 74.236568469023254, 15.748194562185068 ], [ 74.235919570476099, 15.745458524897751 ], [ 74.24119929869795, 15.7431264569228 ], [ 74.253736762875121, 15.744961574384279 ], [ 74.2687933353929, 15.754504547858483 ], [ 74.280313350768964, 15.744399372492502 ], [ 74.287041666660272, 15.741202528169918 ], [ 74.294927681027559, 15.743825853590588 ], [ 74.30177142084807, 15.748452031080602 ], [ 74.309115661715822, 15.749866552545098 ], [ 74.309830986445434, 15.755262091734037 ], [ 74.318093922182982, 15.757230013255629 ], [ 74.318899632623243, 15.765968046002103 ], [ 74.323190591065199, 15.772442479384949 ], [ 74.336936684030761, 15.767581271005669 ], [ 74.340454137280986, 15.76466381234126 ], [ 74.345231349172252, 15.764213505245218 ], [ 74.350206330932664, 15.768383254167372 ], [ 74.350896102764182, 15.77078006043434 ], [ 74.353192896249908, 15.770476761528137 ], [ 74.358753704060121, 15.774966049890722 ], [ 74.362168265530684, 15.78241218165202 ], [ 74.368244317713945, 15.785828817226111 ], [ 74.372180328049893, 15.797912558385683 ], [ 74.370330503955458, 15.798804505391873 ], [ 74.371918370149913, 15.799470399585088 ], [ 74.370660143743592, 15.801139200235264 ], [ 74.371421369979643, 15.803181124565205 ], [ 74.368724188944057, 15.806510743856208 ], [ 74.370120894547838, 15.806755695930194 ], [ 74.369954429734975, 15.811994800803186 ], [ 74.361389703705896, 15.815168137243658 ], [ 74.360218207411947, 15.817628962772206 ], [ 74.365485678537297, 15.819028117913067 ], [ 74.366072898337265, 15.8256364154013 ], [ 74.370751376489466, 15.830280789049185 ], [ 74.372111780502522, 15.829736764548239 ], [ 74.372708064392455, 15.832122748738769 ], [ 74.377431658729009, 15.832199640571922 ], [ 74.376167781410132, 15.833014470799307 ], [ 74.37928127595427, 15.835583321671006 ], [ 74.379696346422847, 15.838060698684499 ], [ 74.380490678453654, 15.838257942478805 ], [ 74.37982084708878, 15.836382894103128 ], [ 74.380985148332357, 15.835344573323052 ], [ 74.381876992041398, 15.838963396336304 ], [ 74.384027678921782, 15.840540338163219 ], [ 74.38259520235394, 15.841415269582152 ], [ 74.383155722993834, 15.849410335510161 ], [ 74.370318829076211, 15.851037445521913 ], [ 74.344770804541113, 15.850317388316189 ], [ 74.337918621682661, 15.854946785568295 ], [ 74.34324442435765, 15.857173860028265 ], [ 74.346419065798599, 15.860308844650444 ], [ 74.345166953851333, 15.862997502180995 ], [ 74.350732463588841, 15.865715690085949 ], [ 74.357973074348166, 15.873468830952177 ], [ 74.363248003938111, 15.875092738087311 ], [ 74.365274342893514, 15.882267583654606 ], [ 74.364530387331598, 15.89358531076874 ], [ 74.368650900114417, 15.893857958224023 ], [ 74.366023603727001, 15.890914967381191 ], [ 74.373779628688112, 15.886049437980896 ], [ 74.378614097753868, 15.880191966806628 ], [ 74.38253396168669, 15.860355734181695 ], [ 74.386723669186452, 15.859998616342256 ], [ 74.387665450881826, 15.854111956341988 ], [ 74.391142975467858, 15.854821277503254 ], [ 74.391830994196397, 15.85303504685772 ], [ 74.397623655491614, 15.850571332245872 ], [ 74.402330385940644, 15.852327665580731 ], [ 74.401176924844918, 15.853832005588346 ], [ 74.40225444801051, 15.854620111139107 ], [ 74.406171582757906, 15.855467015105409 ], [ 74.406401052441836, 15.864551640329092 ], [ 74.403620346642839, 15.864843379009516 ], [ 74.397490052557828, 15.869889837682202 ], [ 74.39283478149747, 15.87853979098098 ], [ 74.396852142116742, 15.880719550863144 ], [ 74.393967352074725, 15.900015502409856 ], [ 74.390738563594752, 15.899817382426729 ], [ 74.386987203101, 15.901505773035829 ], [ 74.386383433614498, 15.903592109379135 ], [ 74.38459752280302, 15.903353045529336 ], [ 74.428426723981218, 15.952268732917313 ], [ 74.439328901867071, 15.976785204683825 ], [ 74.437493563079201, 15.98024247846566 ], [ 74.439718690805691, 15.980978310386678 ], [ 74.44387800090567, 15.986372152478378 ], [ 74.442687495854869, 15.991592181953322 ], [ 74.444998091071142, 15.992611103651944 ], [ 74.446455605059754, 15.99686633841176 ], [ 74.444378917697946, 16.003321009203983 ], [ 74.447069576471563, 16.003644615176125 ], [ 74.450306597516459, 16.012559549435696 ], [ 74.455300135967235, 16.019027653067614 ], [ 74.463315940507343, 16.043543652958387 ], [ 74.462938346573239, 16.04934720133588 ], [ 74.457004276090501, 16.047578932704251 ], [ 74.44902435537297, 16.053915029025291 ], [ 74.446037148023308, 16.051947318016701 ], [ 74.443124998610955, 16.052348246678523 ], [ 74.430067928090608, 16.059265128978073 ], [ 74.422540348983702, 16.055408975611098 ], [ 74.41475776250293, 16.05516783579554 ], [ 74.403986886100128, 16.050914940082155 ], [ 74.401081165089764, 16.04536086508298 ], [ 74.381347457841187, 16.035674252903735 ], [ 74.370651392609787, 16.038578563276744 ], [ 74.37887826979609, 16.05378880946796 ], [ 74.373180606594545, 16.055213116484055 ], [ 74.365539140829895, 16.052258410841681 ], [ 74.360130629225239, 16.053330395845901 ], [ 74.371671320918324, 16.067451461358452 ], [ 74.372367521453796, 16.078501461199288 ], [ 74.382041295512778, 16.079658918012623 ], [ 74.383689929544218, 16.083409234070722 ], [ 74.391421433399529, 16.080459052584139 ], [ 74.391863943351709, 16.082755067537828 ], [ 74.38910330720897, 16.087754011041483 ], [ 74.389816940245836, 16.089577059606572 ], [ 74.407232433347602, 16.094066849611927 ], [ 74.408750486384079, 16.095207696317495 ], [ 74.410199230957602, 16.102744491829114 ], [ 74.42744916700039, 16.112532120549901 ], [ 74.443167523740115, 16.105648789705153 ], [ 74.458882613112749, 16.104852506047479 ], [ 74.45924986742601, 16.100395457878058 ], [ 74.472854477483892, 16.09290328232434 ], [ 74.473104167455645, 16.090789568066324 ], [ 74.476592631791704, 16.090087156950229 ], [ 74.482230683739303, 16.089539886050321 ], [ 74.484656525747894, 16.091196988930012 ], [ 74.485932717100809, 16.100352388596395 ], [ 74.488604492270923, 16.100948553557448 ], [ 74.491080962923959, 16.104135816613468 ], [ 74.490843877380058, 16.113419679597452 ], [ 74.484821739879834, 16.14226124576798 ], [ 74.479811542172186, 16.145163983271527 ], [ 74.479731097743027, 16.147764835352671 ], [ 74.488141173114755, 16.156818744382313 ], [ 74.489714021811594, 16.163137429039114 ], [ 74.489317536505808, 16.177279669072565 ], [ 74.493911036794685, 16.186653895176214 ], [ 74.505578040428347, 16.189454205520136 ], [ 74.507414404314673, 16.194708399304819 ], [ 74.506059282840795, 16.200708894843999 ], [ 74.50806395227815, 16.20200940909864 ], [ 74.500713069280152, 16.204418901434906 ], [ 74.4957940306832, 16.212494410328055 ], [ 74.495415753110152, 16.216655582083298 ], [ 74.502348246127113, 16.221791434537991 ], [ 74.502434023688465, 16.223555041147179 ], [ 74.495801008470778, 16.234141881316852 ], [ 74.49042824240864, 16.234450431180857 ], [ 74.479873777576231, 16.249997372632379 ], [ 74.477783178814349, 16.250252757775716 ], [ 74.468886606531029, 16.239613446631662 ], [ 74.455927575389978, 16.243982744541203 ], [ 74.454818757353934, 16.253246708882507 ], [ 74.436797630773881, 16.25124831700543 ], [ 74.436443793454075, 16.257642045142781 ], [ 74.417606008079915, 16.258075804425506 ], [ 74.414997286296284, 16.277556452079313 ], [ 74.4161248728728, 16.28014080137163 ], [ 74.413550417544002, 16.283579470274489 ], [ 74.407585249136432, 16.283438573764688 ], [ 74.385625092464778, 16.276887685714147 ], [ 74.383314273034316, 16.291699836718784 ], [ 74.381120965285177, 16.291570413028147 ], [ 74.372438093377724, 16.296793836495421 ], [ 74.369502532467408, 16.292350139955889 ], [ 74.364834646154179, 16.293755225842926 ], [ 74.361817311596425, 16.291562690297845 ], [ 74.357379571504708, 16.291308626527773 ], [ 74.345201876050339, 16.293526108305251 ], [ 74.342907790222597, 16.29056546143466 ], [ 74.353546288584653, 16.283280700614572 ], [ 74.349022328338449, 16.275638896820343 ], [ 74.349208636943857, 16.276839480526025 ], [ 74.343409309127907, 16.278402953899185 ], [ 74.342354955319252, 16.276563259703131 ], [ 74.343678343732222, 16.273630400605413 ], [ 74.338399936709891, 16.271235958407321 ], [ 74.333545192842891, 16.27554730646148 ], [ 74.335491503473889, 16.271583510948087 ], [ 74.334075962004576, 16.268341120686987 ], [ 74.329254845890588, 16.267798877228827 ], [ 74.324856195787348, 16.271434714713877 ], [ 74.32438414940026, 16.27694125535097 ], [ 74.322730270492272, 16.277911324709216 ], [ 74.321087663412953, 16.284353874458851 ], [ 74.323347795301871, 16.285807496330815 ], [ 74.326401789295005, 16.285252254173695 ], [ 74.324991346639862, 16.288052913142455 ], [ 74.328262573620819, 16.293071362841264 ], [ 74.332491953174383, 16.292187017806732 ], [ 74.335098144655802, 16.289522244079276 ], [ 74.336749001195798, 16.290795004017543 ], [ 74.338544564540854, 16.290033515465236 ], [ 74.33949777650372, 16.292639552178287 ], [ 74.342588681879519, 16.290881211270293 ], [ 74.341805300235862, 16.293897189738104 ], [ 74.343709516843816, 16.295955958541256 ], [ 74.342672414643104, 16.29827870059373 ], [ 74.34047425066116, 16.297688817075063 ], [ 74.340093215146965, 16.302628318844331 ], [ 74.335967437752657, 16.307349418559724 ], [ 74.331760856300093, 16.304784378371995 ], [ 74.334284067284486, 16.308021626492767 ], [ 74.331507573601499, 16.313769384622454 ], [ 74.323501343604335, 16.312582706548113 ], [ 74.323445829846648, 16.316040171103317 ], [ 74.333447940272762, 16.320122438449641 ], [ 74.330142967560619, 16.326007496259635 ], [ 74.326432134294748, 16.323102945495236 ], [ 74.321244863253526, 16.322907017539293 ], [ 74.314696144699639, 16.326509706600525 ], [ 74.322010135638038, 16.333956358191678 ], [ 74.314705567813164, 16.340421826624951 ], [ 74.320244524485943, 16.343296606274052 ], [ 74.327301822462175, 16.342229080025856 ], [ 74.315643507118352, 16.355850793644596 ], [ 74.318375057720772, 16.353984670324564 ], [ 74.325141098923382, 16.358401035517424 ], [ 74.319844610058681, 16.36804030414352 ], [ 74.320058190373445, 16.37597312596613 ], [ 74.317010798841295, 16.379096539377851 ], [ 74.318669134979601, 16.380132929253591 ], [ 74.325145732118756, 16.378689946730546 ], [ 74.328228204149909, 16.385038968991246 ], [ 74.327241674504563, 16.391809012419031 ], [ 74.33623255125481, 16.394481692623838 ], [ 74.337839335303642, 16.391407072532012 ], [ 74.340462307326945, 16.39021207098628 ], [ 74.342170196660447, 16.385685101315318 ], [ 74.341477123481766, 16.382934087078542 ], [ 74.343379149856503, 16.382430977673319 ], [ 74.345898785793537, 16.377651266977455 ], [ 74.345371989821686, 16.373302114258806 ], [ 74.347753884890906, 16.367126678859456 ], [ 74.353523897808358, 16.365987706003157 ], [ 74.354528397927425, 16.370538961083621 ], [ 74.352592313620661, 16.38178253798073 ], [ 74.35538982231472, 16.381699439216057 ], [ 74.356930612104037, 16.383319282312609 ], [ 74.358376724019791, 16.391207566413403 ], [ 74.362999743903771, 16.395454145453368 ], [ 74.362050809157211, 16.401653476165979 ], [ 74.363501523530104, 16.404854801732064 ], [ 74.351611199932492, 16.406439404613938 ], [ 74.344786923963767, 16.405460898685078 ], [ 74.340066137798075, 16.402030503225394 ], [ 74.335594104000492, 16.401242803039811 ], [ 74.332552214803627, 16.412280697896197 ], [ 74.327839028632638, 16.419009496923316 ], [ 74.330200158871904, 16.420765957186394 ], [ 74.331556984467312, 16.424862762688505 ], [ 74.337043423980191, 16.428813764041937 ], [ 74.332362522463626, 16.436046085801802 ], [ 74.335817113130275, 16.445432717608991 ], [ 74.329230310950479, 16.447196045054195 ], [ 74.332105230510749, 16.455232348576953 ], [ 74.324992548028106, 16.455770597376318 ], [ 74.319866472434612, 16.453402004500422 ], [ 74.311848171176678, 16.453184936370604 ], [ 74.306034509254516, 16.45521741898278 ], [ 74.296897876643229, 16.463962707166953 ], [ 74.291697939579208, 16.461385297191288 ], [ 74.289492394145924, 16.462839615262556 ], [ 74.288218321360844, 16.476605833890446 ], [ 74.291955841181448, 16.485373915956661 ], [ 74.29135167718097, 16.504672807647783 ], [ 74.279183723374928, 16.504744857048401 ], [ 74.277917984875359, 16.499354274658359 ], [ 74.274147647626179, 16.49353995370133 ], [ 74.27476138419172, 16.485359244570411 ], [ 74.260545849191914, 16.479784591972152 ], [ 74.2570126857362, 16.488835075588895 ], [ 74.247659497786344, 16.496096535826073 ], [ 74.249855484713549, 16.499405229155421 ], [ 74.254507575378156, 16.500797011774985 ], [ 74.26468050368922, 16.500562802899587 ], [ 74.271564755678412, 16.503687876223406 ], [ 74.278078677931063, 16.504590740531853 ], [ 74.278527125455113, 16.511741020059571 ], [ 74.275802157889544, 16.521065029636791 ], [ 74.269598828426325, 16.522141460861899 ], [ 74.26391066751161, 16.539741936623482 ], [ 74.270494515369876, 16.548343837278377 ], [ 74.272021868761541, 16.548167900519385 ], [ 74.279019998592631, 16.544297733006982 ], [ 74.281105629648479, 16.541533220946192 ], [ 74.28074802381721, 16.532585702345944 ], [ 74.283486708021698, 16.524956237129544 ], [ 74.288058899402401, 16.528257213091816 ], [ 74.288783708263438, 16.531837090273612 ], [ 74.291136081855498, 16.533900569014612 ], [ 74.301223023998702, 16.529980608769275 ], [ 74.30241873286441, 16.526002400936399 ], [ 74.301004935311951, 16.523662702512581 ], [ 74.306557930797567, 16.50403892024595 ], [ 74.31116105566251, 16.503600019462439 ], [ 74.315639380711858, 16.504275122949782 ], [ 74.316290572572697, 16.555475572349849 ], [ 74.317890861473259, 16.554567143760398 ], [ 74.323958520878463, 16.557495882728915 ], [ 74.33154088142787, 16.552884635615712 ], [ 74.334948209013248, 16.548755310574187 ], [ 74.339276792977302, 16.54880144496947 ], [ 74.346649558810014, 16.556218418666461 ], [ 74.354425212087918, 16.555692978486974 ], [ 74.35346552195584, 16.55933407569465 ], [ 74.356206228200165, 16.560033072113828 ], [ 74.360257776818784, 16.555597347037455 ], [ 74.358200232229052, 16.554159755359493 ], [ 74.357654209413596, 16.555467881592847 ], [ 74.357916710973427, 16.552864459543251 ], [ 74.356643766220984, 16.552410269276777 ], [ 74.358262387668972, 16.538978010402886 ], [ 74.362409057664266, 16.539077697639662 ], [ 74.372769163452716, 16.535120988992531 ], [ 74.377254217188963, 16.52874460150592 ], [ 74.380997022024985, 16.529192202634732 ], [ 74.387293030145258, 16.535958941474952 ], [ 74.388880370383959, 16.552379923457131 ], [ 74.3871340114639, 16.559986552617399 ], [ 74.393496006093329, 16.565295988739855 ], [ 74.391160309786244, 16.565365570695182 ], [ 74.39051985020707, 16.567872023270819 ], [ 74.395610188950769, 16.573056866206468 ], [ 74.396689861204308, 16.582858187819067 ], [ 74.408388957681169, 16.583338600415985 ], [ 74.417948790435418, 16.586139090927851 ], [ 74.42214712697276, 16.584710794766714 ], [ 74.426316994356966, 16.596061816419194 ], [ 74.435171703982149, 16.600921257055603 ], [ 74.466341906343274, 16.605285590169174 ], [ 74.464142952028666, 16.615891649455282 ], [ 74.46557088372397, 16.616347524967498 ], [ 74.465797953256185, 16.624231839609529 ], [ 74.459013370341438, 16.633709096217384 ], [ 74.455373696416743, 16.647144319897183 ], [ 74.458726975757273, 16.648983209631862 ], [ 74.456112428483962, 16.655754920883755 ], [ 74.463351625431756, 16.658386630511284 ], [ 74.470102915954243, 16.664686367978042 ], [ 74.472870653302181, 16.664709494985683 ], [ 74.475430319441287, 16.654627081662159 ], [ 74.475195611591758, 16.647525283926761 ], [ 74.482678757525733, 16.636940796441717 ], [ 74.490023584723872, 16.630290948649229 ], [ 74.495697800120212, 16.630007456214287 ], [ 74.5011736944614, 16.633526331928614 ], [ 74.523885659018305, 16.633641071701813 ], [ 74.544722554610459, 16.635669626158432 ], [ 74.545059996871615, 16.629178276905638 ], [ 74.542887641677723, 16.626749967141603 ], [ 74.544484135197266, 16.59548386904207 ], [ 74.559105921553694, 16.59510950161496 ], [ 74.566912452493327, 16.58556030684267 ], [ 74.565066999275146, 16.580171203251606 ], [ 74.556158625733886, 16.573246729048925 ], [ 74.555327445220399, 16.563909574658016 ], [ 74.560877002212266, 16.56304212292941 ], [ 74.5660026727451, 16.558886905208645 ], [ 74.567601298027554, 16.555496973502272 ], [ 74.572595547093883, 16.555008252970403 ], [ 74.573165551715476, 16.559178056681173 ], [ 74.574862761106544, 16.560231711703338 ], [ 74.58020624217356, 16.560291381523722 ], [ 74.584204710078041, 16.557982287519081 ], [ 74.585501710211602, 16.559034593699472 ], [ 74.584459538035532, 16.562594903080946 ], [ 74.587580816642742, 16.566320746585589 ], [ 74.600127107308253, 16.564730180947301 ], [ 74.602806531234876, 16.566295488029869 ], [ 74.604437848424865, 16.569717139467805 ], [ 74.608808269498454, 16.569813169990265 ], [ 74.614222609587188, 16.574192590927925 ], [ 74.614513711488698, 16.579016713046226 ], [ 74.618381886133861, 16.584496210932052 ], [ 74.622577495338433, 16.580164356659036 ], [ 74.628236673526402, 16.5784055826167 ], [ 74.629597652710942, 16.578413965254381 ], [ 74.633025397068153, 16.583953588805169 ], [ 74.634271655191469, 16.583516708389016 ], [ 74.635226008906315, 16.583662758704136 ], [ 74.632775766514115, 16.591907895983812 ], [ 74.631364252197869, 16.591945488639603 ], [ 74.632326549737428, 16.603718664766657 ], [ 74.633217491103878, 16.606848590870079 ], [ 74.64006046022844, 16.612461120081829 ], [ 74.646405490555281, 16.611848331255366 ], [ 74.65390492237816, 16.607026964071785 ], [ 74.660185034921042, 16.605158797026327 ], [ 74.67126848777184, 16.609890121929606 ], [ 74.672150332337779, 16.611875592197226 ], [ 74.674141721322314, 16.611987552527729 ], [ 74.675744494744734, 16.609975656078458 ], [ 74.676319445924662, 16.611828606402113 ], [ 74.67819954152553, 16.611897638017734 ], [ 74.683754055598911, 16.609333357588941 ], [ 74.684234940015969, 16.607438953604625 ], [ 74.686510461072217, 16.608390387994906 ], [ 74.684527109694287, 16.609932903878274 ], [ 74.687124318416167, 16.609338631821672 ], [ 74.687999763393009, 16.611957803002898 ], [ 74.685570739113587, 16.618201495729295 ], [ 74.674166307110681, 16.622793769986764 ], [ 74.666815695569596, 16.629816838860904 ], [ 74.658162864785581, 16.630544353640424 ], [ 74.65164545535427, 16.637944343859594 ], [ 74.656368385138478, 16.641284389739113 ], [ 74.658508738505887, 16.645559687286173 ], [ 74.665182249695746, 16.665391077450558 ], [ 74.679646261302054, 16.666157572039918 ], [ 74.679102077402689, 16.673151072489699 ], [ 74.689352769117008, 16.676873231950211 ], [ 74.688659330277105, 16.681598833717114 ], [ 74.681474599661243, 16.681080060851709 ], [ 74.681164440870916, 16.683929608978168 ], [ 74.681349153107476, 16.686729685243083 ], [ 74.689249204147586, 16.686357473553254 ], [ 74.689719859374435, 16.696237160256729 ], [ 74.688202055095502, 16.705210032243254 ], [ 74.689270403541613, 16.707981222787875 ], [ 74.687574402625614, 16.708485278956339 ], [ 74.688602827850403, 16.712299584011042 ], [ 74.686417525551661, 16.713257295710772 ], [ 74.69094343727258, 16.718467550959936 ], [ 74.693418304355546, 16.716169947195208 ], [ 74.706425484247731, 16.715401805443765 ], [ 74.727420613485279, 16.716922469322132 ], [ 74.727321492527167, 16.719581901961334 ], [ 74.730255185467641, 16.720531056079764 ], [ 74.732540113443093, 16.719250343265568 ] ] ], [ [ [ 75.041865341087245, 16.454129952605609 ], [ 75.041213078513593, 16.438957141950365 ], [ 75.037408571689681, 16.439266400350597 ], [ 75.039049912227128, 16.453032708856043 ], [ 75.041865341087245, 16.454129952605609 ] ] ] ] } },
{ "type": "Feature", "properties": { "DISTRICT": "Bengaluru (Rural)" }, "geometry": { "type": "Polygon", "coordinates": [ [ [ 77.193191549857062, 13.26943705293646 ], [ 77.199888510752899, 13.268392809385999 ], [ 77.201390258868798, 13.26539817492367 ], [ 77.207557594582681, 13.261958549083092 ], [ 77.219641945716972, 13.262842224930086 ], [ 77.22215037081078, 13.267505955938979 ], [ 77.219516574879165, 13.273549183267512 ], [ 77.222989151432742, 13.290701265880644 ], [ 77.222720194857871, 13.29651953472761 ], [ 77.229666558327381, 13.314576278766484 ], [ 77.234014513423688, 13.310255988395289 ], [ 77.237049169778075, 13.310988708271923 ], [ 77.239622351172642, 13.308800764239642 ], [ 77.242275372636144, 13.302567984327613 ], [ 77.24740847736382, 13.30182929520285 ], [ 77.252993812470038, 13.302732308820104 ], [ 77.254738577372052, 13.3087533521146 ], [ 77.270249188684204, 13.310910638664819 ], [ 77.269480581592219, 13.306139678668298 ], [ 77.275410059954822, 13.297547707077072 ], [ 77.282167612289953, 13.297043940814433 ], [ 77.280697103841717, 13.30080228605534 ], [ 77.281575473367994, 13.310828883163222 ], [ 77.309077606270307, 13.310067920571768 ], [ 77.311991986934657, 13.320629227567103 ], [ 77.320332712121683, 13.323728412338365 ], [ 77.329829580012557, 13.330208406909817 ], [ 77.333358073573578, 13.328466225351669 ], [ 77.338514688570697, 13.328835485862598 ], [ 77.339265374631537, 13.334247028949333 ], [ 77.343786362942836, 13.337591887941548 ], [ 77.345943778833231, 13.349284318705028 ], [ 77.34245689043675, 13.350268841290207 ], [ 77.341547270327055, 13.355028008255042 ], [ 77.34255389723792, 13.365896231485102 ], [ 77.345367415009832, 13.373258740082539 ], [ 77.33916424401103, 13.374339749575999 ], [ 77.34047217690474, 13.374471889766902 ], [ 77.343578042527525, 13.385231539797172 ], [ 77.341897462217034, 13.401617567273592 ], [ 77.34547510600153, 13.408723970827735 ], [ 77.347293113331574, 13.41801508541174 ], [ 77.356323091618549, 13.414234755664728 ], [ 77.361797553768653, 13.415125387058545 ], [ 77.365094787347189, 13.426556306134394 ], [ 77.362673584725343, 13.436039402675101 ], [ 77.359641246286643, 13.43839514208811 ], [ 77.35423555550345, 13.439152943049304 ], [ 77.34886539667248, 13.445585319403838 ], [ 77.348909639881668, 13.457198348206289 ], [ 77.356146496669808, 13.461972564801449 ], [ 77.365555941955677, 13.462084541174253 ], [ 77.367043215955633, 13.469658056832003 ], [ 77.373601573436943, 13.470846581290484 ], [ 77.370802801097568, 13.477921377730265 ], [ 77.37295588109501, 13.483220178739112 ], [ 77.376264419769072, 13.484341863114468 ], [ 77.376496003790052, 13.489917524624751 ], [ 77.378574796446244, 13.493225144030324 ], [ 77.384950154352978, 13.499232453455409 ], [ 77.399604433447038, 13.493001815957435 ], [ 77.407783303390005, 13.495854136807271 ], [ 77.415926683951568, 13.491014742652084 ], [ 77.416739560658399, 13.484299927900546 ], [ 77.42422463047113, 13.483837043685019 ], [ 77.426264947423135, 13.482175504603578 ], [ 77.4229148582709, 13.471459991662053 ], [ 77.434795812068572, 13.468515658431993 ], [ 77.434168376010774, 13.464094668765036 ], [ 77.436250118663096, 13.463017016669713 ], [ 77.443583334206309, 13.461312449173423 ], [ 77.448386745839429, 13.462363940995141 ], [ 77.451180605801383, 13.465297321186885 ], [ 77.454537399480202, 13.465767472331086 ], [ 77.455044111326956, 13.463993113583054 ], [ 77.454892573498412, 13.46856318612487 ], [ 77.456926358244274, 13.468846163617421 ], [ 77.461616995266169, 13.462830633255578 ], [ 77.471834645421154, 13.469194040220833 ], [ 77.47706204464059, 13.466314870278298 ], [ 77.483559674673828, 13.467198724232503 ], [ 77.488192414490612, 13.461557767385003 ], [ 77.49369181481768, 13.458514222217456 ], [ 77.506462590650258, 13.456285332747541 ], [ 77.504397769155489, 13.445098325091722 ], [ 77.516404698137308, 13.443469398898401 ], [ 77.516091018566925, 13.439802798743058 ], [ 77.520784538727483, 13.431881827312136 ], [ 77.535603858512701, 13.430542278808383 ], [ 77.538183783963262, 13.435948131721023 ], [ 77.544635593985703, 13.436903418222037 ], [ 77.550867201990528, 13.434650979196473 ], [ 77.549838416591498, 13.430578607244836 ], [ 77.551541277983119, 13.42227457709002 ], [ 77.550805360352854, 13.418356647185284 ], [ 77.586706564969006, 13.421617204688438 ], [ 77.588566305534457, 13.418478222171979 ], [ 77.592393194303085, 13.418545158262072 ], [ 77.592889252983355, 13.421864966568982 ], [ 77.59045995660027, 13.421469347686621 ], [ 77.589249773008902, 13.43622838148643 ], [ 77.599048118587746, 13.436312320556604 ], [ 77.601933865726238, 13.441952436186904 ], [ 77.604048316095813, 13.441198687013161 ], [ 77.607938922708854, 13.42383671843854 ], [ 77.615913603798376, 13.419108152732012 ], [ 77.608879078926066, 13.414569000805477 ], [ 77.605787912708422, 13.416037368821836 ], [ 77.599867760422867, 13.41474654987195 ], [ 77.598938815895508, 13.411062140020835 ], [ 77.601375805060883, 13.411243865856967 ], [ 77.598863698335833, 13.406417975143983 ], [ 77.601168348758463, 13.404753158493735 ], [ 77.601707635510834, 13.398972668733503 ], [ 77.603356512242925, 13.397465198407088 ], [ 77.606676755972103, 13.398035538334021 ], [ 77.608056164391954, 13.400280844893318 ], [ 77.607561074350386, 13.407893585635501 ], [ 77.608523100490729, 13.40563201918428 ], [ 77.615935996670302, 13.400908116609749 ], [ 77.619227107923649, 13.400894147315107 ], [ 77.620397487110111, 13.402539184055245 ], [ 77.6175521928661, 13.393706503511043 ], [ 77.612408827292697, 13.385903409802248 ], [ 77.620811509963147, 13.382624580902458 ], [ 77.621875010734954, 13.380472783700569 ], [ 77.620910104660354, 13.375188426173587 ], [ 77.627096944379133, 13.376988593633927 ], [ 77.63279722734255, 13.375525987113114 ], [ 77.636049548839367, 13.385933761414806 ], [ 77.637561231749558, 13.384697559440861 ], [ 77.638249319732708, 13.393932883727413 ], [ 77.647348477686933, 13.391758060137079 ], [ 77.649914051027991, 13.392669322472933 ], [ 77.653311987880329, 13.398088547467983 ], [ 77.657578455049205, 13.397748653122514 ], [ 77.657507577284363, 13.392351945660034 ], [ 77.651044845307212, 13.386428469873737 ], [ 77.659002646459442, 13.382349677328904 ], [ 77.661176146619979, 13.375784426076795 ], [ 77.656227216469588, 13.371353939342844 ], [ 77.656827318048556, 13.36219809105426 ], [ 77.655262888187849, 13.357058969804736 ], [ 77.666995981492732, 13.35069439506284 ], [ 77.667387008055925, 13.347326279586277 ], [ 77.678267920228649, 13.345054089077948 ], [ 77.680169085501362, 13.344977275665782 ], [ 77.682965482331909, 13.352759962091877 ], [ 77.685069890311624, 13.350254412678398 ], [ 77.688060616445526, 13.34956047041471 ], [ 77.688943235812715, 13.344892507565906 ], [ 77.693266288498378, 13.342706749250038 ], [ 77.696640025411881, 13.336412102738633 ], [ 77.698911899928916, 13.336021677517756 ], [ 77.703670719175747, 13.343053161809543 ], [ 77.703569132492504, 13.345720015008983 ], [ 77.699144021395028, 13.347337825167655 ], [ 77.69876629395732, 13.358793616187691 ], [ 77.705481009095124, 13.361971677905185 ], [ 77.707774009226014, 13.361288801848039 ], [ 77.708618937993521, 13.363648086999163 ], [ 77.710372494288634, 13.363446905440544 ], [ 77.709066452077323, 13.365577787727551 ], [ 77.716058097816713, 13.365089017728739 ], [ 77.717648449483931, 13.363323766141738 ], [ 77.717729727066413, 13.352855915578235 ], [ 77.715868623860118, 13.351084374351133 ], [ 77.728047480539146, 13.351014942584438 ], [ 77.729774398344318, 13.360784880614327 ], [ 77.726268901206254, 13.361439236022436 ], [ 77.727597895374771, 13.361545409162131 ], [ 77.726227026767063, 13.362382667400563 ], [ 77.726159338354606, 13.36287574917281 ], [ 77.736021280536917, 13.358965079313863 ], [ 77.735504428370959, 13.360492063342354 ], [ 77.736989727274207, 13.360762429800868 ], [ 77.744659999631338, 13.353581915761769 ], [ 77.743903924603529, 13.357198744333674 ], [ 77.740883200625532, 13.359496665588129 ], [ 77.741921189174221, 13.360993052446469 ], [ 77.74849585719717, 13.358761197856774 ], [ 77.750884306289592, 13.360448979379395 ], [ 77.751302166510328, 13.363640203401978 ], [ 77.754506996761449, 13.36456519137821 ], [ 77.772225762535768, 13.357335364120944 ], [ 77.772826138499042, 13.354989093348316 ], [ 77.77991633510571, 13.352281035729522 ], [ 77.791137616042775, 13.35209277335915 ], [ 77.791048565074135, 13.345792077534774 ], [ 77.794504117507756, 13.341983629034019 ], [ 77.79846822725564, 13.33915283815854 ], [ 77.809917534380332, 13.336121742510748 ], [ 77.80900530978613, 13.333256126542841 ], [ 77.816311380703667, 13.331051887321681 ], [ 77.827285334431068, 13.324799142491829 ], [ 77.823940774815014, 13.318719119090503 ], [ 77.825403703976534, 13.315777657179659 ], [ 77.82216299904718, 13.312728945213067 ], [ 77.818909858115802, 13.313928947635331 ], [ 77.817454395639359, 13.310328636636354 ], [ 77.814630903920559, 13.309878477008414 ], [ 77.812170048289417, 13.312303874140458 ], [ 77.813630294120742, 13.31578203912064 ], [ 77.811031547544189, 13.316750179327611 ], [ 77.804551382735141, 13.311232308748439 ], [ 77.815125963914838, 13.309246431694532 ], [ 77.814539122018047, 13.30377281567625 ], [ 77.828602596675822, 13.303757153025195 ], [ 77.828304908280643, 13.299902672757042 ], [ 77.830133895775944, 13.298732576790229 ], [ 77.829141629300338, 13.289492823758671 ], [ 77.822214364869225, 13.291008403894891 ], [ 77.822816155787706, 13.2957541176243 ], [ 77.817031775528761, 13.296114428918115 ], [ 77.809293133577356, 13.262052243798088 ], [ 77.815262214812549, 13.26091420268704 ], [ 77.821841903452537, 13.25730213851716 ], [ 77.81900963582828, 13.254666827716637 ], [ 77.817200082923051, 13.255372700840001 ], [ 77.811332710869536, 13.246765411440386 ], [ 77.809385979143698, 13.247899673877185 ], [ 77.807883600953645, 13.246938442782636 ], [ 77.806258418046141, 13.2415377764775 ], [ 77.814011285579838, 13.238627014820656 ], [ 77.819059534013533, 13.247471141107431 ], [ 77.819749437332888, 13.251660179294984 ], [ 77.833942732504838, 13.244655945265027 ], [ 77.850112330930585, 13.24132243700236 ], [ 77.848542749781799, 13.220511618071132 ], [ 77.849968711964266, 13.218711541033098 ], [ 77.859563088151191, 13.219986499278297 ], [ 77.857938497005847, 13.221451087750939 ], [ 77.857758951483177, 13.227356973823744 ], [ 77.863189074245611, 13.240745870331216 ], [ 77.865093960386332, 13.23701532970521 ], [ 77.87676146548398, 13.234243708084589 ], [ 77.879898670651343, 13.239312507598385 ], [ 77.87327852313355, 13.244464375255076 ], [ 77.876998313843686, 13.246249820667629 ], [ 77.879771498380407, 13.252106052423317 ], [ 77.888164272226305, 13.250044968958552 ], [ 77.891328270372441, 13.257541673177853 ], [ 77.904812130436525, 13.254600512896356 ], [ 77.906194360701889, 13.252324703197008 ], [ 77.905102566045699, 13.245462870599075 ], [ 77.9023503159287, 13.242138528101499 ], [ 77.891558614513073, 13.235673166005345 ], [ 77.906670770858867, 13.232498074273016 ], [ 77.914202152503449, 13.231620344794681 ], [ 77.915008841734164, 13.239753133429282 ], [ 77.929496750217595, 13.238937953229813 ], [ 77.935432149258688, 13.245825748366807 ], [ 77.945512921159576, 13.243792716444116 ], [ 77.948068580334805, 13.250504659760569 ], [ 77.956235858208956, 13.249072283802038 ], [ 77.965576891449487, 13.244435210453016 ], [ 77.964196308934262, 13.232182364196028 ], [ 77.955978270566661, 13.227894395558993 ], [ 77.954196107670128, 13.222355053637735 ], [ 77.951119213064302, 13.223305182314107 ], [ 77.949273766926922, 13.219775396785719 ], [ 77.946287419082907, 13.218697109602116 ], [ 77.946668406178006, 13.214318943075259 ], [ 77.949495106782052, 13.213862011863597 ], [ 77.951999734196889, 13.214354585869847 ], [ 77.952044041483674, 13.218459324399468 ], [ 77.954204235592726, 13.217364829956797 ], [ 77.957727187478767, 13.218419372339808 ], [ 77.954275259554507, 13.205191263587341 ], [ 77.956297745525006, 13.203891911033619 ], [ 77.956215133116103, 13.200729678449184 ], [ 77.961336763187219, 13.199475933120462 ], [ 77.960798154423529, 13.195812177357794 ], [ 77.963560102837988, 13.192175413456917 ], [ 77.961131361302847, 13.182856344209281 ], [ 77.958681194367969, 13.18283846376216 ], [ 77.955697142711756, 13.176334015268907 ], [ 77.954510210561509, 13.171627905639497 ], [ 77.955291802048933, 13.164415259271763 ], [ 77.952811501168867, 13.160335126148652 ], [ 77.958900498255446, 13.158185324730688 ], [ 77.957452442524726, 13.152882481142498 ], [ 77.960553868950342, 13.151491291433688 ], [ 77.954637264639274, 13.142287834695052 ], [ 77.95748954152559, 13.129441656785735 ], [ 77.955400855040253, 13.125633153859392 ], [ 77.948316695474361, 13.127079999770217 ], [ 77.946326530211039, 13.123415536053304 ], [ 77.937948386280567, 13.125866573677813 ], [ 77.935896486936826, 13.114124308561601 ], [ 77.939416167049728, 13.109412300218597 ], [ 77.933544395921373, 13.108252002845084 ], [ 77.92588804127962, 13.110194992487484 ], [ 77.923788511720943, 13.116648569988127 ], [ 77.915124030907194, 13.11744286112916 ], [ 77.913484959591344, 13.10988689114521 ], [ 77.908202540460039, 13.108065192211019 ], [ 77.901230259726489, 13.101961903335594 ], [ 77.902160693639772, 13.099128506673932 ], [ 77.905638674906612, 13.096424084715691 ], [ 77.911737766861876, 13.0942782627392 ], [ 77.91517680295938, 13.085560514606264 ], [ 77.91200038000818, 13.078448750016339 ], [ 77.917996849005192, 13.078486994498983 ], [ 77.926925126275918, 13.081979736015178 ], [ 77.926218202049867, 13.075018375593475 ], [ 77.931606770786885, 13.074158848924201 ], [ 77.938431560031063, 13.078396358161262 ], [ 77.93927781878881, 13.083929445100331 ], [ 77.941493094723441, 13.077757652449398 ], [ 77.941597015718628, 13.069115096085225 ], [ 77.93810384494509, 13.066730560305526 ], [ 77.927635185484547, 13.068748001477404 ], [ 77.921925622530679, 13.060259725752616 ], [ 77.918742048740839, 13.051089743838611 ], [ 77.914857506410584, 13.049400987429067 ], [ 77.900803283147383, 13.051095667392579 ], [ 77.898270485347197, 13.053864382137599 ], [ 77.892359469265671, 13.054736184380127 ], [ 77.889938864819271, 13.049626211857607 ], [ 77.89487324798084, 13.045911414236352 ], [ 77.88913855031565, 13.045247102326895 ], [ 77.88764306751402, 13.037169811762382 ], [ 77.893699852449458, 13.035059536587081 ], [ 77.890575574148201, 13.023499957466738 ], [ 77.887399174552911, 13.018922619014285 ], [ 77.886294613475869, 13.009864062485272 ], [ 77.878929337121974, 13.005998078797759 ], [ 77.872496508712999, 12.994987338123362 ], [ 77.870443647595536, 12.985762325412423 ], [ 77.871362668162547, 12.973698750746525 ], [ 77.864491178275543, 12.973225723534219 ], [ 77.865861578878707, 12.96869017872919 ], [ 77.864860470013937, 12.965749831561164 ], [ 77.871417842918106, 12.960668460197549 ], [ 77.867012536624756, 12.950525714423193 ], [ 77.869889737883753, 12.947065336183993 ], [ 77.873598688259719, 12.94560030246228 ], [ 77.872172549585258, 12.940958828182895 ], [ 77.867533203575121, 12.93377456177782 ], [ 77.857613432239759, 12.935354592173868 ], [ 77.850835938610743, 12.931265726033027 ], [ 77.847822596527735, 12.926173869599909 ], [ 77.840860600618427, 12.92537318889595 ], [ 77.842198913573867, 12.91425198636427 ], [ 77.845438880320089, 12.916461967339856 ], [ 77.851228418189066, 12.915653125830257 ], [ 77.856524183756832, 12.916860570945396 ], [ 77.860434308231362, 12.915775464635963 ], [ 77.859398885565469, 12.905695297548256 ], [ 77.85104299727881, 12.891549244942659 ], [ 77.853117833283974, 12.88912227989224 ], [ 77.852182040620491, 12.885557379089187 ], [ 77.853951628591005, 12.884308263193381 ], [ 77.853039545586427, 12.876723811991006 ], [ 77.86537268060458, 12.877156486679977 ], [ 77.867597691032728, 12.867701940020119 ], [ 77.857162061098464, 12.868997076017761 ], [ 77.857189179182328, 12.867617224605974 ], [ 77.85051770977077, 12.865868153691629 ], [ 77.847662475487596, 12.869115345010037 ], [ 77.838764808542336, 12.869409296462694 ], [ 77.831872138278072, 12.874211225830166 ], [ 77.832314288236404, 12.882382906397051 ], [ 77.830028737086735, 12.889449973555433 ], [ 77.823565699405421, 12.900826774185536 ], [ 77.821182060106054, 12.90240089770402 ], [ 77.822476186166966, 12.906841343331141 ], [ 77.821033342935749, 12.911950262559399 ], [ 77.816817857007862, 12.914298251840169 ], [ 77.816500069600096, 12.916001591358945 ], [ 77.817820795396685, 12.919211641176046 ], [ 77.816804501587683, 12.921701390902641 ], [ 77.829656209646998, 12.919653156263971 ], [ 77.832766890562567, 12.923371608671497 ], [ 77.831842647716144, 12.925622069161792 ], [ 77.822322519781423, 12.928718026029564 ], [ 77.820349335617394, 12.924939889918113 ], [ 77.816321449946685, 12.925693948701806 ], [ 77.809702644757891, 12.934287255398884 ], [ 77.803216298270939, 12.919434565645018 ], [ 77.797685951092916, 12.918642875330249 ], [ 77.798381328227094, 12.925624758075442 ], [ 77.782525359628451, 12.928113553889732 ], [ 77.776871467155445, 12.932240920392085 ], [ 77.778004581628707, 12.93578266957171 ], [ 77.774998963987841, 12.939538994494788 ], [ 77.765135239985639, 12.942388654324372 ], [ 77.765490091690623, 12.945434005605371 ], [ 77.772729240487536, 12.951506509538911 ], [ 77.766879005499902, 12.959577297309902 ], [ 77.772085851640441, 12.965931682681138 ], [ 77.777629174816241, 12.968157158227637 ], [ 77.778791054218217, 12.966807352395778 ], [ 77.784063867891106, 12.966730084258351 ], [ 77.783203030015144, 12.970900876797366 ], [ 77.778628373161808, 12.970576877670986 ], [ 77.778795891713884, 12.972813694265035 ], [ 77.776201677974512, 12.975137342506878 ], [ 77.778375852962455, 12.977962675286303 ], [ 77.77466827779908, 12.980458735105556 ], [ 77.776913392444143, 12.985194827762262 ], [ 77.775605561790229, 12.991509638409871 ], [ 77.774118243323002, 12.991885822643628 ], [ 77.774748294062519, 13.001115686587335 ], [ 77.772559452979365, 13.002527406292549 ], [ 77.775569549700307, 13.003552852957741 ], [ 77.775836368034405, 13.005755386460466 ], [ 77.773354381589627, 13.0063983089654 ], [ 77.774144447298113, 13.013159661366732 ], [ 77.771719460716895, 13.01523837993614 ], [ 77.775079705222694, 13.02257821817105 ], [ 77.776323880585167, 13.022338799921959 ], [ 77.777880703451032, 13.03009052121927 ], [ 77.781552946507105, 13.033327415238528 ], [ 77.77900365465014, 13.034576998570227 ], [ 77.774737660144751, 13.045518228303632 ], [ 77.776782938614332, 13.047469846386285 ], [ 77.770066089457828, 13.048378900799365 ], [ 77.770522436697433, 13.054215424697354 ], [ 77.767988500880961, 13.05697189060418 ], [ 77.767245425814295, 13.064631229196507 ], [ 77.762838744275399, 13.070771150771577 ], [ 77.75834916949799, 13.073738341901144 ], [ 77.758940407425726, 13.077405793199405 ], [ 77.76090115179089, 13.077751682668982 ], [ 77.760155297168822, 13.081419992090179 ], [ 77.765553383021484, 13.081474710118247 ], [ 77.766920345301642, 13.088358502010806 ], [ 77.764138090555704, 13.102548945541789 ], [ 77.766499082367645, 13.10762868657226 ], [ 77.759559805355593, 13.113817797859841 ], [ 77.754631358571388, 13.113317839450845 ], [ 77.747867647145924, 13.116066994877986 ], [ 77.732108349310849, 13.114322749331988 ], [ 77.733584353940415, 13.123295724549978 ], [ 77.726745412209368, 13.126050900808172 ], [ 77.724102894801305, 13.125409185637642 ], [ 77.730033336676925, 13.131319012695764 ], [ 77.729060305129494, 13.133290694333224 ], [ 77.733774405270594, 13.142879442119861 ], [ 77.732978318332314, 13.144817834613779 ], [ 77.728395208136448, 13.145783142607412 ], [ 77.730045678312322, 13.155548604435289 ], [ 77.733418529099026, 13.160103695662221 ], [ 77.729084001293629, 13.161847572689528 ], [ 77.730750663668516, 13.1651951807298 ], [ 77.727281590656858, 13.169118432070247 ], [ 77.730259048385932, 13.173506583278927 ], [ 77.726618732692074, 13.176085562288478 ], [ 77.729336928609627, 13.185822691652778 ], [ 77.727242539343578, 13.192529103475044 ], [ 77.713549518618365, 13.196299494980765 ], [ 77.708956040090655, 13.190235952726319 ], [ 77.699984496144452, 13.190269873228688 ], [ 77.694798352025572, 13.194273511953499 ], [ 77.690488579945551, 13.20287843348402 ], [ 77.687007594832139, 13.203063027006808 ], [ 77.686899342759631, 13.193760291689552 ], [ 77.679810100904277, 13.190856728806065 ], [ 77.67436410543867, 13.190210733457102 ], [ 77.671238346889595, 13.191746623888982 ], [ 77.670996622846701, 13.1852960985035 ], [ 77.664161042564956, 13.185851348820137 ], [ 77.661389373692245, 13.184472553961204 ], [ 77.650507717205073, 13.190229005730405 ], [ 77.653142892180014, 13.191416136017262 ], [ 77.657220906671057, 13.199296468233261 ], [ 77.643206291344868, 13.200585370241168 ], [ 77.637027097056603, 13.202763624267833 ], [ 77.63782174413565, 13.204845227586016 ], [ 77.623179480724517, 13.206814225368785 ], [ 77.613941914879405, 13.205592734712123 ], [ 77.616194611853601, 13.20321215135972 ], [ 77.603716903233249, 13.202614450964303 ], [ 77.599589536602181, 13.194091698874978 ], [ 77.575046386764399, 13.198326302367574 ], [ 77.56765973897285, 13.201555059527239 ], [ 77.569748114847656, 13.207489004702486 ], [ 77.571505848681312, 13.207322436333198 ], [ 77.569536731822694, 13.21598587909911 ], [ 77.557380236526001, 13.219879989077228 ], [ 77.559552237152616, 13.231989762063495 ], [ 77.551707515979643, 13.23467619136262 ], [ 77.549359396354802, 13.231630318975188 ], [ 77.543317859251516, 13.233084935980534 ], [ 77.54169069177911, 13.226295772225555 ], [ 77.538693648326941, 13.225636705082369 ], [ 77.537247465272472, 13.219069226712568 ], [ 77.526468455083275, 13.221656066159833 ], [ 77.525332001941933, 13.217205708544347 ], [ 77.522290216227177, 13.213666286899517 ], [ 77.522017438592783, 13.20816231044947 ], [ 77.521333374678136, 13.206862932000456 ], [ 77.521380978152564, 13.210847387244167 ], [ 77.518160479119814, 13.209447749097013 ], [ 77.520088605848102, 13.214141716247655 ], [ 77.518377728705062, 13.214261196280209 ], [ 77.519419272358377, 13.216404842561777 ], [ 77.518466727913079, 13.220598886394843 ], [ 77.511510871593316, 13.222867990732668 ], [ 77.512040327931217, 13.226050819534409 ], [ 77.507931046884494, 13.227116348794278 ], [ 77.506868749279249, 13.224056431294157 ], [ 77.499711698748285, 13.227106633690704 ], [ 77.483213185627278, 13.222778409410347 ], [ 77.479210833507764, 13.224213162131395 ], [ 77.474376761540398, 13.215103416562901 ], [ 77.473479843171432, 13.207069965738031 ], [ 77.478912831898739, 13.20689505823367 ], [ 77.478243402872579, 13.195444255083956 ], [ 77.475015226325397, 13.183298665864363 ], [ 77.468663398902919, 13.173723992336209 ], [ 77.468992135811945, 13.1622981871724 ], [ 77.464157034687801, 13.162274160897558 ], [ 77.460638559755452, 13.160376651616273 ], [ 77.442989769156156, 13.166889941349631 ], [ 77.433378335846115, 13.165797261079003 ], [ 77.412719923229275, 13.126264656835744 ], [ 77.409098001601166, 13.122609218248574 ], [ 77.404128029101059, 13.120968181804306 ], [ 77.403815798709743, 13.127937128572855 ], [ 77.40050433328382, 13.127940954989674 ], [ 77.399140799394772, 13.126456171039163 ], [ 77.397355776780216, 13.116181167122489 ], [ 77.401449446665879, 13.115044677055481 ], [ 77.401278293970961, 13.109441014377968 ], [ 77.417916244966861, 13.102798443514201 ], [ 77.41630901344206, 13.098131025160956 ], [ 77.420101141130104, 13.09670229213733 ], [ 77.416953156653776, 13.091149807372721 ], [ 77.422040045263657, 13.089035593787031 ], [ 77.420974129110377, 13.085022139220127 ], [ 77.422139486850426, 13.08390730074164 ], [ 77.42595736137946, 13.085106487460425 ], [ 77.430111277161814, 13.083584268976077 ], [ 77.424781484241294, 13.067688076987279 ], [ 77.416774680601691, 13.068864864523967 ], [ 77.414722965668616, 13.072407296917266 ], [ 77.412196390368734, 13.072532409411147 ], [ 77.397261832547869, 13.071624837131912 ], [ 77.396860305620052, 13.069829579598503 ], [ 77.389837709440286, 13.069377516878331 ], [ 77.384100955460625, 13.066775649076069 ], [ 77.382215617746795, 13.055830971517469 ], [ 77.391773632929272, 13.055334771232793 ], [ 77.39382934821019, 13.053225487700917 ], [ 77.390807538369017, 13.02582797040653 ], [ 77.378524626452844, 13.027328773832583 ], [ 77.376927690670229, 13.029935479686952 ], [ 77.376927607722166, 13.01665454120206 ], [ 77.370790652265356, 13.016335672695762 ], [ 77.369966076921088, 13.008680419205328 ], [ 77.372953035630928, 13.004275854096679 ], [ 77.370305130126042, 12.999696400361969 ], [ 77.372014512691266, 12.992152828119197 ], [ 77.367449144470484, 12.990888277273944 ], [ 77.365332929483245, 12.987877232166463 ], [ 77.359621973031778, 12.988567490730821 ], [ 77.355242524952033, 12.985568551626486 ], [ 77.353659382816232, 12.978189338410129 ], [ 77.349902348109694, 12.974342705718128 ], [ 77.338868636487746, 12.972424994218066 ], [ 77.33761983444343, 12.978374605828154 ], [ 77.328700403021372, 12.976998733320125 ], [ 77.326045211065448, 12.993366618350041 ], [ 77.32220005307849, 13.004574111032559 ], [ 77.32113348233878, 13.004446292126154 ], [ 77.321677323956123, 13.008773036559296 ], [ 77.328134694311174, 13.009308433912018 ], [ 77.326616776456419, 13.011489681416332 ], [ 77.32576336563713, 13.021859622155052 ], [ 77.330529069219054, 13.027569715388307 ], [ 77.328812152976298, 13.031069197116658 ], [ 77.330178942998103, 13.036525291682498 ], [ 77.329353439205207, 13.039632147946431 ], [ 77.331035001901327, 13.041342792777622 ], [ 77.330585502558634, 13.047917995998802 ], [ 77.321926277591757, 13.049031286234055 ], [ 77.310668284018547, 13.04625576785711 ], [ 77.308629220193808, 13.056888962053634 ], [ 77.309534296490185, 13.085942343603488 ], [ 77.313773729995987, 13.10681423238303 ], [ 77.303174984043011, 13.110907871958894 ], [ 77.298583085319621, 13.108685905727656 ], [ 77.291990346322905, 13.110566753911291 ], [ 77.290999585478772, 13.120941293915926 ], [ 77.286983461321995, 13.120453022715568 ], [ 77.284956659470865, 13.133739273023297 ], [ 77.280763428046924, 13.135005118514588 ], [ 77.278905322377142, 13.135083212400545 ], [ 77.276893395014596, 13.120471328696167 ], [ 77.27385071225676, 13.118679169443658 ], [ 77.266791446735269, 13.119805577686702 ], [ 77.265159322550147, 13.125684302988219 ], [ 77.266803673620501, 13.126116984043012 ], [ 77.264906421745238, 13.131577080385458 ], [ 77.267056442966023, 13.134734255275953 ], [ 77.267319364893112, 13.143363123792092 ], [ 77.271480224083135, 13.143822868473952 ], [ 77.272540575856297, 13.141789008860684 ], [ 77.274477164976119, 13.142885198613106 ], [ 77.274184954258629, 13.153511907916531 ], [ 77.269797118614463, 13.154046661935153 ], [ 77.265433518762464, 13.151599579115356 ], [ 77.257504759563005, 13.153446007044064 ], [ 77.246717736318701, 13.153205391916273 ], [ 77.240409194964442, 13.145764675132355 ], [ 77.231695684146914, 13.147261783190562 ], [ 77.230675067016477, 13.14510649440362 ], [ 77.221532650162786, 13.146261368704696 ], [ 77.22183632968877, 13.148408113355783 ], [ 77.215480289252795, 13.148781571349392 ], [ 77.21300070576477, 13.153453221723113 ], [ 77.213622101314968, 13.157169239915348 ], [ 77.216531172401446, 13.159100929365543 ], [ 77.21607916376044, 13.165286051863813 ], [ 77.207497541589433, 13.173269575497239 ], [ 77.205859710723729, 13.180986527007176 ], [ 77.202724122478216, 13.182092478317701 ], [ 77.206522321952392, 13.188329523975279 ], [ 77.20697494801361, 13.197280656281622 ], [ 77.203595873851569, 13.197030993261574 ], [ 77.202463060240532, 13.194474582785983 ], [ 77.198622029947359, 13.195237302578585 ], [ 77.19929855273368, 13.20271874796912 ], [ 77.194088639032202, 13.20937421072613 ], [ 77.193384922947516, 13.225327365485176 ], [ 77.188467467787618, 13.225165276125249 ], [ 77.183605162518077, 13.230044722814737 ], [ 77.185152463727107, 13.23823752544739 ], [ 77.189657311616031, 13.237910098749941 ], [ 77.191009423397929, 13.241455627040512 ], [ 77.190630219365559, 13.24592465729013 ], [ 77.187580676969105, 13.250439827171224 ], [ 77.186404438580624, 13.255803630124126 ], [ 77.184740827385426, 13.256579217792698 ], [ 77.188369629345573, 13.275541598149358 ], [ 77.189987800935569, 13.276062496341799 ], [ 77.193463362870403, 13.273566914069194 ], [ 77.193191549857062, 13.26943705293646 ] ] ] } },
{ "type": "Feature", "properties": { "DISTRICT": "Bengaluru (Urban)" }, "geometry": { "type": "MultiPolygon", "coordinates": [ [ [ [ 77.552578938598487, 12.794595260180408 ], [ 77.549306390864416, 12.79419486248603 ], [ 77.550931052011208, 12.797911585757952 ], [ 77.552683929052435, 12.797273488050061 ], [ 77.551597377483404, 12.795276349393127 ], [ 77.552578938598487, 12.794595260180408 ] ] ], [ [ [ 77.551707515979643, 13.23467619136262 ], [ 77.559552237152616, 13.231989762063495 ], [ 77.557467155414926, 13.219725560800578 ], [ 77.569536731822694, 13.21598587909911 ], [ 77.571505848681312, 13.207322436333198 ], [ 77.569748114847656, 13.207489004702486 ], [ 77.56765973897285, 13.201555059527239 ], [ 77.575046386764399, 13.198326302367574 ], [ 77.599589536602181, 13.194091698874978 ], [ 77.603716903233249, 13.202614450964303 ], [ 77.616194611853601, 13.20321215135972 ], [ 77.613941914879405, 13.205592734712123 ], [ 77.623179480724517, 13.206814225368785 ], [ 77.63782174413565, 13.204845227586016 ], [ 77.637027097056603, 13.202763624267833 ], [ 77.643206291344868, 13.200585370241168 ], [ 77.657220906671057, 13.199296468233261 ], [ 77.653142892180014, 13.191416136017262 ], [ 77.650507717205073, 13.190229005730405 ], [ 77.661389373692245, 13.184472553961204 ], [ 77.664161042564956, 13.185851348820137 ], [ 77.670996622846701, 13.1852960985035 ], [ 77.671238346889595, 13.191746623888982 ], [ 77.67436410543867, 13.190210733457102 ], [ 77.679810100904277, 13.190856728806065 ], [ 77.686899342759631, 13.193760291689552 ], [ 77.687007594832139, 13.203063027006808 ], [ 77.690488579945551, 13.20287843348402 ], [ 77.694798352025572, 13.194273511953499 ], [ 77.699984496144452, 13.190269873228688 ], [ 77.708956040090655, 13.190235952726319 ], [ 77.713549518618365, 13.196299494980765 ], [ 77.72726768331016, 13.192511251320434 ], [ 77.729336928609627, 13.185822691652778 ], [ 77.726618732692074, 13.176085562288478 ], [ 77.730259048385932, 13.173506583278927 ], [ 77.727281590656858, 13.169118432070247 ], [ 77.730750663668516, 13.1651951807298 ], [ 77.729084001293629, 13.161847572689528 ], [ 77.733418529099026, 13.160103695662221 ], [ 77.730045678312322, 13.155548604435289 ], [ 77.728395208136448, 13.145783142607412 ], [ 77.732978318332314, 13.144817834613779 ], [ 77.733774405270594, 13.142879442119861 ], [ 77.729060305129494, 13.133290694333224 ], [ 77.730033336676925, 13.131319012695764 ], [ 77.724102894801305, 13.125409185637642 ], [ 77.726745412209368, 13.126050900808172 ], [ 77.733584353940415, 13.123295724549978 ], [ 77.732108349310849, 13.114322749331988 ], [ 77.747867647145924, 13.116066994877986 ], [ 77.754631358571388, 13.113317839450845 ], [ 77.759559805355593, 13.113817797859841 ], [ 77.766499082367645, 13.10762868657226 ], [ 77.764138090555704, 13.102548945541789 ], [ 77.766920345301642, 13.088358502010806 ], [ 77.765553383021484, 13.081474710118247 ], [ 77.760155297168822, 13.081419992090179 ], [ 77.76090115179089, 13.077751682668982 ], [ 77.758940407425726, 13.077405793199405 ], [ 77.75834916949799, 13.073738341901144 ], [ 77.762838744275399, 13.070771150771577 ], [ 77.767245425814295, 13.064631229196507 ], [ 77.767988500880961, 13.05697189060418 ], [ 77.770522436697433, 13.054215424697354 ], [ 77.770066089457828, 13.048378900799365 ], [ 77.776782938614332, 13.047469846386285 ], [ 77.774737660144751, 13.045518228303632 ], [ 77.77900365465014, 13.034576998570227 ], [ 77.781552946507105, 13.033327415238528 ], [ 77.777880703451032, 13.03009052121927 ], [ 77.776323880585167, 13.022338799921959 ], [ 77.775079705222694, 13.02257821817105 ], [ 77.771719460716895, 13.01523837993614 ], [ 77.774144447298113, 13.013159661366732 ], [ 77.773354381589627, 13.0063983089654 ], [ 77.775836368034405, 13.005755386460466 ], [ 77.775569549700307, 13.003552852957741 ], [ 77.772559452979365, 13.002527406292549 ], [ 77.774748294062519, 13.001115686587335 ], [ 77.774118243323002, 12.991885822643628 ], [ 77.775605561790229, 12.991509638409871 ], [ 77.776913392444143, 12.985194827762262 ], [ 77.77466827779908, 12.980458735105556 ], [ 77.778375852962455, 12.977962675286303 ], [ 77.776201677974512, 12.975137342506878 ], [ 77.778795891713884, 12.972813694265035 ], [ 77.778628373161808, 12.970576877670986 ], [ 77.783203030015144, 12.970900876797366 ], [ 77.784063867891106, 12.966730084258351 ], [ 77.778791054218217, 12.966807352395778 ], [ 77.777629174816241, 12.968157158227637 ], [ 77.772085851640441, 12.965931682681138 ], [ 77.766879005499902, 12.959577297309902 ], [ 77.772729240487536, 12.951506509538911 ], [ 77.765490091690623, 12.945434005605371 ], [ 77.765135239985639, 12.942388654324372 ], [ 77.774998963987841, 12.939538994494788 ], [ 77.778004581628707, 12.93578266957171 ], [ 77.776871467155445, 12.932240920392085 ], [ 77.782525359628451, 12.928113553889732 ], [ 77.798381328227094, 12.925624758075442 ], [ 77.797685951092916, 12.918642875330249 ], [ 77.803216298270939, 12.919434565645018 ], [ 77.809702644757891, 12.934287255398884 ], [ 77.816321449946685, 12.925693948701806 ], [ 77.820349335617394, 12.924939889918113 ], [ 77.822322519781423, 12.928718026029564 ], [ 77.831842647716144, 12.925622069161792 ], [ 77.832766890562567, 12.923371608671497 ], [ 77.829656209646998, 12.919653156263971 ], [ 77.816804501587683, 12.921701390902641 ], [ 77.817820795396685, 12.919211641176046 ], [ 77.816500069600096, 12.916001591358945 ], [ 77.816817857007862, 12.914298251840169 ], [ 77.821033342935749, 12.911950262559399 ], [ 77.822476186166966, 12.906841343331141 ], [ 77.821182060106054, 12.90240089770402 ], [ 77.823565699405421, 12.900826774185536 ], [ 77.830028737086735, 12.889449973555433 ], [ 77.832314288236404, 12.882382906397051 ], [ 77.831872138278072, 12.874211225830166 ], [ 77.836839365858069, 12.871828338956602 ], [ 77.836963673417145, 12.870355601755023 ], [ 77.832592736203196, 12.867559124731615 ], [ 77.8330786020978, 12.862016503889613 ], [ 77.825691689233963, 12.860403243168712 ], [ 77.822917588647826, 12.855993517649772 ], [ 77.815237650016172, 12.855926355558577 ], [ 77.807898792297095, 12.847679966522406 ], [ 77.799003695247265, 12.851945625490139 ], [ 77.796797159779345, 12.844962749418354 ], [ 77.794831270574008, 12.845499454742207 ], [ 77.792588597682695, 12.843406991440339 ], [ 77.795589204829469, 12.834800768490574 ], [ 77.810091471507974, 12.830692429769851 ], [ 77.807950213376216, 12.823256214591781 ], [ 77.809778688132965, 12.815822694468492 ], [ 77.802240936798398, 12.817144082681342 ], [ 77.800015066432849, 12.806312815144834 ], [ 77.803964318284329, 12.804792383962566 ], [ 77.805336959816941, 12.800312153157881 ], [ 77.809053214111117, 12.797084457506971 ], [ 77.808546200400684, 12.795786211328922 ], [ 77.804688346200237, 12.794117871733892 ], [ 77.801497590883301, 12.796331924123933 ], [ 77.800466411226225, 12.794457359335288 ], [ 77.799769035822678, 12.795860906678529 ], [ 77.79670983270762, 12.793609079041 ], [ 77.788289487958039, 12.779707624634405 ], [ 77.778891033392512, 12.767907043824982 ], [ 77.785320539523852, 12.762109721777945 ], [ 77.795008336852135, 12.758230787923765 ], [ 77.792001845238048, 12.746749490020566 ], [ 77.784012500739948, 12.741134428766621 ], [ 77.769591479773652, 12.740256013591919 ], [ 77.762996939845451, 12.73640063689346 ], [ 77.761059484768367, 12.727258495325106 ], [ 77.774341683549849, 12.724132255347682 ], [ 77.770695573310093, 12.718258518831519 ], [ 77.769704487424661, 12.713205541803095 ], [ 77.76612733327481, 12.712972229860121 ], [ 77.765068948307018, 12.702642715870619 ], [ 77.762570664173808, 12.696958744306929 ], [ 77.754161572152199, 12.69729446209239 ], [ 77.741041429833771, 12.7008036973314 ], [ 77.737561506147983, 12.698392851002332 ], [ 77.735678191288955, 12.693205967140127 ], [ 77.740991295631119, 12.685435070634137 ], [ 77.741001612539236, 12.673733495481004 ], [ 77.738722330926478, 12.672054599078068 ], [ 77.730073259000775, 12.672887560303478 ], [ 77.724781186290443, 12.670804270463785 ], [ 77.72321111491047, 12.679384930829785 ], [ 77.711960497920529, 12.683394107988917 ], [ 77.710862985224281, 12.666393550731822 ], [ 77.702700896497419, 12.660801494589625 ], [ 77.691892176052235, 12.660536036769244 ], [ 77.689648730093396, 12.658493775906322 ], [ 77.678699716687788, 12.660240443585881 ], [ 77.678869687616171, 12.661927777566779 ], [ 77.676146720403707, 12.663449047352836 ], [ 77.677344232349512, 12.672156492144323 ], [ 77.675497126795136, 12.673571382255112 ], [ 77.677065774614675, 12.679327058509857 ], [ 77.663253299281294, 12.683272424756774 ], [ 77.597931726899617, 12.668091741058896 ], [ 77.596331303606547, 12.66416276555073 ], [ 77.594638529413828, 12.666797032574591 ], [ 77.599985211139327, 12.677519351024324 ], [ 77.603701314700956, 12.692457416013657 ], [ 77.612847925245831, 12.703324475718194 ], [ 77.614244078784083, 12.711953915396377 ], [ 77.594692331037365, 12.72092093789435 ], [ 77.578681050033424, 12.708234810973808 ], [ 77.575713839125569, 12.703855570660654 ], [ 77.568070323087497, 12.701203118854664 ], [ 77.561261097266069, 12.708675739511625 ], [ 77.559097588197574, 12.713260845169197 ], [ 77.559254714093484, 12.721472632984176 ], [ 77.557143502137819, 12.727507596839379 ], [ 77.557585301734818, 12.730945209624291 ], [ 77.562450877241517, 12.7321596728495 ], [ 77.571852688873449, 12.731017427579863 ], [ 77.572794667535121, 12.732487967295492 ], [ 77.56799363049528, 12.735443309832799 ], [ 77.570639379665138, 12.742820315482833 ], [ 77.576547786936572, 12.751194341325668 ], [ 77.585376332645737, 12.751703297485211 ], [ 77.590721233745924, 12.750157393337789 ], [ 77.595325889933605, 12.751530381810507 ], [ 77.598430878396513, 12.758239072824235 ], [ 77.592037918768554, 12.77604982622305 ], [ 77.592129992387385, 12.779829651477016 ], [ 77.5882194919201, 12.783404066205332 ], [ 77.579718532249501, 12.787785483505408 ], [ 77.577247226984213, 12.785894109776086 ], [ 77.571413177852577, 12.778878550574087 ], [ 77.570743590020626, 12.762257455546216 ], [ 77.566412817966679, 12.759233125787112 ], [ 77.558576764000748, 12.765349170756489 ], [ 77.55617873632653, 12.77730846687275 ], [ 77.556352933966593, 12.781059365944962 ], [ 77.561223934886428, 12.783261824418652 ], [ 77.563562449437057, 12.788149503616765 ], [ 77.552905460377943, 12.789686293275366 ], [ 77.555996627167545, 12.799605099155384 ], [ 77.545802172691239, 12.800745198567531 ], [ 77.542134467496624, 12.798546397018145 ], [ 77.542334868645071, 12.794728416278216 ], [ 77.547625736360004, 12.789887223181392 ], [ 77.549435041273483, 12.785296131506346 ], [ 77.543849116082825, 12.775835722851214 ], [ 77.55168282301382, 12.772425239022395 ], [ 77.546099926868692, 12.769551352710474 ], [ 77.54095007911188, 12.748115621472142 ], [ 77.534697771877276, 12.755915400459203 ], [ 77.521807655742847, 12.731683661346002 ], [ 77.51710914413438, 12.735744785800648 ], [ 77.519550941939286, 12.741939317050882 ], [ 77.51276858360302, 12.746796873914237 ], [ 77.507939269945027, 12.737598724562446 ], [ 77.502846451998252, 12.735646896778254 ], [ 77.502684696004351, 12.737187906077335 ], [ 77.493096229620292, 12.740048197309973 ], [ 77.492704627217279, 12.741567299860307 ], [ 77.486431824063729, 12.742812473282275 ], [ 77.484463712548433, 12.747781424180994 ], [ 77.476002744602965, 12.752564218908521 ], [ 77.473970901277369, 12.756609243881854 ], [ 77.476315830953254, 12.76065843925598 ], [ 77.474079149499389, 12.764576523377777 ], [ 77.478524074008675, 12.78053396984768 ], [ 77.476631703130906, 12.784900368743639 ], [ 77.471882469621477, 12.788580731230208 ], [ 77.470004997001567, 12.793941760531936 ], [ 77.471338499751752, 12.798044630768308 ], [ 77.479609856679531, 12.799027585301655 ], [ 77.483122504398452, 12.802300470872954 ], [ 77.477757527865791, 12.806443473791433 ], [ 77.478782574522484, 12.811452131466321 ], [ 77.476346360843934, 12.809833067739254 ], [ 77.47629109016502, 12.811937934196514 ], [ 77.471084649299399, 12.811527750968116 ], [ 77.461110200709015, 12.807330921634641 ], [ 77.454662835686364, 12.816659530248158 ], [ 77.449238467719013, 12.818733503821987 ], [ 77.448225395703318, 12.815510613562882 ], [ 77.446448879079483, 12.814910978331893 ], [ 77.446251868813192, 12.809822941893163 ], [ 77.444833080224953, 12.809658705039601 ], [ 77.44400694286162, 12.806653200500218 ], [ 77.440258583659983, 12.809870783919015 ], [ 77.436215231542704, 12.809682290436259 ], [ 77.433500931753159, 12.823415676350901 ], [ 77.429762952356697, 12.822998724407446 ], [ 77.419905709645747, 12.826236649160602 ], [ 77.422491623216118, 12.835563851856303 ], [ 77.429955332297382, 12.83968337163007 ], [ 77.434683847749213, 12.838692509580831 ], [ 77.433977937945613, 12.844513632575522 ], [ 77.43770113960349, 12.849741782152103 ], [ 77.427486443259298, 12.85100860038979 ], [ 77.429235670382766, 12.856783697883632 ], [ 77.425532760181724, 12.859182798321907 ], [ 77.418769497667583, 12.869349334971234 ], [ 77.43058562031095, 12.870189069977508 ], [ 77.431301046676126, 12.874911311076014 ], [ 77.428125069178876, 12.875552064157047 ], [ 77.418546068248034, 12.871389875215465 ], [ 77.415287133095461, 12.871741232077508 ], [ 77.415960443210821, 12.875231985466119 ], [ 77.408192319012684, 12.875567094553453 ], [ 77.402591043849242, 12.870989599162495 ], [ 77.402081641441825, 12.86564326060785 ], [ 77.3949204790718, 12.869726058171794 ], [ 77.395150133057996, 12.866746711712166 ], [ 77.391985320487763, 12.865264276413907 ], [ 77.389829453453288, 12.860414065569104 ], [ 77.379978387909986, 12.857326441959591 ], [ 77.379434415752556, 12.855245924314811 ], [ 77.372489091673344, 12.855938910665813 ], [ 77.369836220836518, 12.856851188783548 ], [ 77.366145659368286, 12.870246129714896 ], [ 77.34407130305884, 12.870332408817353 ], [ 77.344982577910727, 12.876451775651747 ], [ 77.336606093199592, 12.876892911512062 ], [ 77.33667079549916, 12.883181979928738 ], [ 77.332330427159505, 12.886019741243878 ], [ 77.333198000945885, 12.887896492460996 ], [ 77.335822408577144, 12.886693233513531 ], [ 77.3435509296866, 12.88876507072653 ], [ 77.338846310912402, 12.910651349278824 ], [ 77.340288110271501, 12.933575141393623 ], [ 77.335988711309014, 12.932368675954844 ], [ 77.335132983127281, 12.947674729802065 ], [ 77.33428999458593, 12.949462652964995 ], [ 77.332468576493483, 12.949059241375091 ], [ 77.330060400119805, 12.965780202439142 ], [ 77.326179974496469, 12.968355947749862 ], [ 77.325530408973123, 12.976002968850004 ], [ 77.334885321592111, 12.978668810606518 ], [ 77.33761983444343, 12.978374605828154 ], [ 77.338868636487746, 12.972424994218066 ], [ 77.349902348109694, 12.974342705718128 ], [ 77.353659382816232, 12.978189338410129 ], [ 77.355242524952033, 12.985568551626486 ], [ 77.359621973031778, 12.988567490730821 ], [ 77.365332929483245, 12.987877232166463 ], [ 77.367449144470484, 12.990888277273944 ], [ 77.372014512691266, 12.992152828119197 ], [ 77.370305130126042, 12.999696400361969 ], [ 77.372953035630928, 13.004275854096679 ], [ 77.369966076921088, 13.008680419205328 ], [ 77.370790652265356, 13.016335672695762 ], [ 77.376927607722166, 13.01665454120206 ], [ 77.376927690670229, 13.029935479686952 ], [ 77.378524626452844, 13.027328773832583 ], [ 77.390807538369017, 13.02582797040653 ], [ 77.39382934821019, 13.053225487700917 ], [ 77.391773632929272, 13.055334771232793 ], [ 77.382215617746795, 13.055830971517469 ], [ 77.384100955460625, 13.066775649076069 ], [ 77.389837709440286, 13.069377516878331 ], [ 77.396860305620052, 13.069829579598503 ], [ 77.397261832547869, 13.071624837131912 ], [ 77.412196390368734, 13.072532409411147 ], [ 77.414722965668616, 13.072407296917266 ], [ 77.416774680601691, 13.068864864523967 ], [ 77.424781484241294, 13.067688076987279 ], [ 77.430185495451767, 13.083391355527382 ], [ 77.42595736137946, 13.085106487460425 ], [ 77.422139486850426, 13.08390730074164 ], [ 77.420974129110377, 13.085022139220127 ], [ 77.422040045263657, 13.089035593787031 ], [ 77.416953156653776, 13.091149807372721 ], [ 77.420101141130104, 13.09670229213733 ], [ 77.41630901344206, 13.098131025160956 ], [ 77.417916244966861, 13.102798443514201 ], [ 77.401278293970961, 13.109441014377968 ], [ 77.401449446665879, 13.115044677055481 ], [ 77.397355776780216, 13.116181167122489 ], [ 77.39960370805737, 13.127575536260839 ], [ 77.403815798709743, 13.127937128572855 ], [ 77.403348845021455, 13.121013108239113 ], [ 77.409098001601166, 13.122609218248574 ], [ 77.412719923229275, 13.126264656835744 ], [ 77.433378335846115, 13.165797261079003 ], [ 77.442989769156156, 13.166889941349631 ], [ 77.460638559755452, 13.160376651616273 ], [ 77.464157034687801, 13.162274160897558 ], [ 77.468992135811945, 13.1622981871724 ], [ 77.468663398902919, 13.173723992336209 ], [ 77.475015226325397, 13.183298665864363 ], [ 77.478243402872579, 13.195444255083956 ], [ 77.478912831898739, 13.20689505823367 ], [ 77.473479843171432, 13.207069965738031 ], [ 77.474376761540398, 13.215103416562901 ], [ 77.479210833507764, 13.224213162131395 ], [ 77.483213185627278, 13.222778409410347 ], [ 77.499711698748285, 13.227106633690704 ], [ 77.506868749279249, 13.224056431294157 ], [ 77.507931046884494, 13.227116348794278 ], [ 77.512040327931217, 13.226050819534409 ], [ 77.511510871593316, 13.222867990732668 ], [ 77.518466727913079, 13.220598886394843 ], [ 77.519419272358377, 13.216404842561777 ], [ 77.518377728705062, 13.214261196280209 ], [ 77.520088605848102, 13.214141716247655 ], [ 77.518160479119814, 13.209447749097013 ], [ 77.521380978152564, 13.210847387244167 ], [ 77.521333374678136, 13.206862932000456 ], [ 77.522290216227177, 13.213666286899517 ], [ 77.525332001941933, 13.217205708544347 ], [ 77.526468455083275, 13.221656066159833 ], [ 77.537247465272472, 13.219069226712568 ], [ 77.538693648326941, 13.225636705082369 ], [ 77.54169069177911, 13.226295772225555 ], [ 77.543317859251516, 13.233084935980534 ], [ 77.549359396354802, 13.231630318975188 ], [ 77.551707515979643, 13.23467619136262 ] ] ] ] } },
{ "type": "Feature", "properties": { "DISTRICT": "Bidar" }, "geometry": { "type": "MultiPolygon", "coordinates": [ [ [ [ 77.523952711324782, 17.785810129569857 ], [ 77.526798112803334, 17.78494804517053 ], [ 77.525631191426513, 17.782461398773826 ], [ 77.521614628873735, 17.782699957781524 ], [ 77.523952711324782, 17.785810129569857 ] ] ], [ [ [ 77.365612655119378, 18.450998691322997 ], [ 77.369204661955351, 18.447500181491851 ], [ 77.363196846255647, 18.436392476418717 ], [ 77.364990945856917, 18.435400265408745 ], [ 77.363453344963716, 18.430988520885847 ], [ 77.367008005635967, 18.428664529861411 ], [ 77.367147676159902, 18.418963042253445 ], [ 77.37002951577864, 18.418389494646377 ], [ 77.368034903494205, 18.413137859267437 ], [ 77.372641345592896, 18.400935078041993 ], [ 77.379088353433104, 18.402212197100827 ], [ 77.384361578335415, 18.399993161576287 ], [ 77.400947336036268, 18.402288539818439 ], [ 77.401508209495574, 18.400032564759758 ], [ 77.404365990457464, 18.399741036199643 ], [ 77.414150000056765, 18.392187977921168 ], [ 77.409832338449277, 18.376612318941682 ], [ 77.402939637376548, 18.373508375927905 ], [ 77.40169068660947, 18.37084996488748 ], [ 77.394938001633875, 18.369466662713165 ], [ 77.399685366238316, 18.359898254253661 ], [ 77.400582701998559, 18.34752852751453 ], [ 77.39507522123489, 18.347836715772008 ], [ 77.395414049705266, 18.343403972611657 ], [ 77.389359688627408, 18.342076696701341 ], [ 77.388835531367391, 18.340499365036084 ], [ 77.382614704347077, 18.340499342243415 ], [ 77.381494960748668, 18.331457320312307 ], [ 77.376099600100275, 18.332367922270535 ], [ 77.36985221173687, 18.324713384799097 ], [ 77.356300931394614, 18.32088666192632 ], [ 77.365772115227671, 18.308944387463093 ], [ 77.385475628725658, 18.308855977930758 ], [ 77.389459102126253, 18.307854514660196 ], [ 77.393551688884898, 18.304112222600132 ], [ 77.400489597993499, 18.305004822524484 ], [ 77.402936245074073, 18.302681859533397 ], [ 77.412348578781788, 18.302132046048936 ], [ 77.416886860355476, 18.306478005982004 ], [ 77.424055797345289, 18.308820847219277 ], [ 77.425640728466632, 18.307997922067482 ], [ 77.42867591968124, 18.312916295367536 ], [ 77.437682876965994, 18.310294846350658 ], [ 77.438923040262949, 18.308008602632999 ], [ 77.436954233962197, 18.30078361263439 ], [ 77.436908837378951, 18.292062365534395 ], [ 77.441173250370284, 18.282130413761557 ], [ 77.44621853657749, 18.283449271777247 ], [ 77.447700474852184, 18.269872711106199 ], [ 77.451679004334054, 18.269861341574469 ], [ 77.450855813495295, 18.267944220455327 ], [ 77.464296563580817, 18.262843776647333 ], [ 77.475257879720886, 18.265116312637886 ], [ 77.480658766680833, 18.27206663988116 ], [ 77.48880008073165, 18.268269315573633 ], [ 77.493872366767803, 18.26919308926194 ], [ 77.496483531840695, 18.274399437836724 ], [ 77.502383079987098, 18.278154981898574 ], [ 77.505158787944012, 18.284274791897477 ], [ 77.508027286027627, 18.284507014753775 ], [ 77.510180036677909, 18.293080645957538 ], [ 77.508934873862984, 18.295178686566519 ], [ 77.510670615615709, 18.297856824153175 ], [ 77.508662138662714, 18.304673760548415 ], [ 77.513171323015925, 18.310153187766023 ], [ 77.523557841316446, 18.308422788794143 ], [ 77.53536365341175, 18.297599483498985 ], [ 77.548271179378474, 18.294720007622715 ], [ 77.548699784788781, 18.292442553646026 ], [ 77.555061687633838, 18.289578949153317 ], [ 77.560894974975866, 18.284272102402369 ], [ 77.566333883507909, 18.286716684533669 ], [ 77.57244215871701, 18.294796072269545 ], [ 77.573627921501298, 18.290255334143122 ], [ 77.578492759201055, 18.286341278018167 ], [ 77.59864141100131, 18.282619820761951 ], [ 77.603426616482224, 18.279343779107343 ], [ 77.603329677118325, 18.278135930590739 ], [ 77.601355593425723, 18.278266901212007 ], [ 77.599801421678009, 18.27339362644166 ], [ 77.591371364424262, 18.261604156570108 ], [ 77.584139185815673, 18.260726815814039 ], [ 77.58161013288229, 18.258974856583372 ], [ 77.572804691274001, 18.242981900731444 ], [ 77.57239729383771, 18.239658599208692 ], [ 77.576589802570751, 18.237115214629224 ], [ 77.580669648258677, 18.231597260379186 ], [ 77.580139047763538, 18.229193121934685 ], [ 77.586399750102672, 18.217604952135577 ], [ 77.581003067054041, 18.216216240256109 ], [ 77.576190403282894, 18.201685235971144 ], [ 77.564904757043536, 18.203566206157173 ], [ 77.563068290321908, 18.195457099529765 ], [ 77.56337232700109, 18.193644270374424 ], [ 77.570213691155502, 18.192833677343689 ], [ 77.574460066282128, 18.174484138075005 ], [ 77.578085171320879, 18.171043182788569 ], [ 77.583433961011991, 18.1610502048086 ], [ 77.590936805056373, 18.156221394354965 ], [ 77.597234304428866, 18.15655274982436 ], [ 77.594075868154519, 18.136430300729742 ], [ 77.6021877293865, 18.105154919716718 ], [ 77.597690350223843, 18.09734833120714 ], [ 77.595915504815466, 18.085601824969434 ], [ 77.564908254470041, 18.075797435586072 ], [ 77.560705789243102, 18.071745456443598 ], [ 77.5578682625152, 18.063751527008513 ], [ 77.548443080885164, 18.064375810551692 ], [ 77.548033233784381, 18.053224129445276 ], [ 77.551408299926734, 18.050598875906822 ], [ 77.546604334420252, 18.036389971458728 ], [ 77.560930725870691, 18.036734763269646 ], [ 77.573109197868959, 18.032870068505563 ], [ 77.580046990453567, 18.032552771351465 ], [ 77.584273810482571, 18.027936829411633 ], [ 77.584900441206472, 18.020725181425629 ], [ 77.587446674473938, 18.014253129020808 ], [ 77.590315571543016, 18.012693480164604 ], [ 77.596122575956443, 18.01378369221062 ], [ 77.600021007805651, 18.018240901928575 ], [ 77.600247997463924, 18.021223084230964 ], [ 77.602854870680488, 18.020980540673062 ], [ 77.606666543848291, 18.017791922701978 ], [ 77.607706612813899, 18.010548492507503 ], [ 77.619521107711606, 18.006831421945378 ], [ 77.626391983330862, 17.996751370840578 ], [ 77.628675026528285, 17.998692733596652 ], [ 77.638111435635849, 17.997126908704239 ], [ 77.648984965478149, 17.999898670416368 ], [ 77.652710259626531, 17.995256626808221 ], [ 77.652065219497132, 17.987565984963535 ], [ 77.648498801105617, 17.982356043967069 ], [ 77.648741634610133, 17.979409065432847 ], [ 77.656208054123923, 17.970553691143916 ], [ 77.651388970492363, 17.961398998541998 ], [ 77.650263777924053, 17.950094241031014 ], [ 77.64096650232382, 17.953871500646038 ], [ 77.640670349737746, 17.951970647431502 ], [ 77.637011640192441, 17.952503941803151 ], [ 77.635515072851661, 17.959469790144841 ], [ 77.633341744021919, 17.960544513459915 ], [ 77.633460119453019, 17.967949416371834 ], [ 77.624538910704516, 17.959494913257455 ], [ 77.633184793376955, 17.956483911216949 ], [ 77.633036052372304, 17.949465296996209 ], [ 77.632628522607391, 17.946509005479285 ], [ 77.622148800692301, 17.944898804436104 ], [ 77.618272667950478, 17.938344821088272 ], [ 77.622190487471372, 17.928894487340596 ], [ 77.618926538777004, 17.903689521024109 ], [ 77.604285581961093, 17.907323908699851 ], [ 77.600011419521422, 17.904044198274544 ], [ 77.586231667842398, 17.908283458607436 ], [ 77.584806857176829, 17.900499720701163 ], [ 77.586420558845745, 17.893399217622321 ], [ 77.595819645132977, 17.882120782854745 ], [ 77.600904425172047, 17.880923273538389 ], [ 77.598352176571851, 17.873278288529047 ], [ 77.590028156881999, 17.871740362458763 ], [ 77.589861911144311, 17.874966329235622 ], [ 77.583420438475954, 17.877435667739878 ], [ 77.579560969312112, 17.873960586342289 ], [ 77.576370485345265, 17.875435258561385 ], [ 77.573220366993951, 17.869349646107572 ], [ 77.569587327031584, 17.867245159815834 ], [ 77.569612709484531, 17.851582415455702 ], [ 77.564797619431502, 17.851239762715647 ], [ 77.567290665483085, 17.845228472406696 ], [ 77.560509776940776, 17.837930042147772 ], [ 77.553617695516877, 17.820112127545318 ], [ 77.548637917421644, 17.819528514766471 ], [ 77.546999480718128, 17.828429882661819 ], [ 77.54353042675686, 17.827665865756028 ], [ 77.528897375565037, 17.830049987244564 ], [ 77.527290163492793, 17.82724405877364 ], [ 77.528788328448911, 17.813078235497116 ], [ 77.517457589155327, 17.807350509553583 ], [ 77.514186903174775, 17.804022815208103 ], [ 77.508442803330126, 17.78758697459557 ], [ 77.50598145716333, 17.786387086024899 ], [ 77.512265601915971, 17.782741151436781 ], [ 77.518279895562586, 17.782773523242696 ], [ 77.522310052413886, 17.780460320130487 ], [ 77.52711285453195, 17.781521194022972 ], [ 77.527359589754894, 17.780122595516833 ], [ 77.533974643499505, 17.778264295785274 ], [ 77.538266326511987, 17.779740283831817 ], [ 77.540068221883189, 17.778015793207171 ], [ 77.539738558222808, 17.774420167288852 ], [ 77.544682179437984, 17.772619859531623 ], [ 77.547942143648285, 17.767278237875153 ], [ 77.555264091957397, 17.763586111008756 ], [ 77.559002720472478, 17.763265289927215 ], [ 77.563083238317759, 17.765824434976246 ], [ 77.568869363098656, 17.766430097148035 ], [ 77.566850855743596, 17.759081857961071 ], [ 77.568436488921492, 17.747863398000931 ], [ 77.570297601422808, 17.747134649034244 ], [ 77.571006039533259, 17.744352065109503 ], [ 77.570323061409027, 17.741811688837117 ], [ 77.566399105757995, 17.739603274628973 ], [ 77.565677888950006, 17.741265665581356 ], [ 77.562333915180517, 17.740105503688433 ], [ 77.562719927777906, 17.742400422252032 ], [ 77.56030670198767, 17.740097723222281 ], [ 77.560135149039738, 17.741865838496395 ], [ 77.557795448523734, 17.74064515863985 ], [ 77.556480893851102, 17.736680970086681 ], [ 77.550331984463853, 17.736755701542034 ], [ 77.546637036801329, 17.732009211523732 ], [ 77.537624246943125, 17.731315296729864 ], [ 77.53784451327607, 17.729545876140985 ], [ 77.531491975616177, 17.72986253550614 ], [ 77.522301810159661, 17.727011136677369 ], [ 77.510619755104784, 17.719624417756183 ], [ 77.510468178648907, 17.717714803516085 ], [ 77.505959442489996, 17.716954173950864 ], [ 77.506421527839152, 17.715935420067435 ], [ 77.503196009577763, 17.717149430604792 ], [ 77.49656369652142, 17.716317147629312 ], [ 77.495321011368887, 17.710895862485383 ], [ 77.492265379101354, 17.707982044669983 ], [ 77.486499438711164, 17.708346299967442 ], [ 77.48115506258938, 17.704667809999933 ], [ 77.477519497403463, 17.705612303606667 ], [ 77.468137472116382, 17.703175429554609 ], [ 77.458926090294639, 17.698713178859975 ], [ 77.458754586436939, 17.69640194006292 ], [ 77.452938932658668, 17.694835142705827 ], [ 77.452569040770442, 17.691365940902195 ], [ 77.455349347596922, 17.68949185708955 ], [ 77.453912883071141, 17.680473226538755 ], [ 77.455083743361939, 17.674597669098418 ], [ 77.448733074236287, 17.65767518919295 ], [ 77.448503372990317, 17.65299727073538 ], [ 77.448819167492132, 17.650967965755303 ], [ 77.450538794157694, 17.650541858858958 ], [ 77.450251601770731, 17.644790870423144 ], [ 77.453449689534125, 17.636032752245896 ], [ 77.456475927043911, 17.634481819458951 ], [ 77.45146129237024, 17.621644876557703 ], [ 77.44924770607301, 17.609175028228087 ], [ 77.444766796416644, 17.609111669131494 ], [ 77.446544485420148, 17.599567045295604 ], [ 77.443926257131992, 17.592687018508808 ], [ 77.44451963673589, 17.583502560391391 ], [ 77.428296773782861, 17.587298085247856 ], [ 77.42831113956467, 17.586020662421259 ], [ 77.408331963006802, 17.582973995235864 ], [ 77.391138995128529, 17.584710387995333 ], [ 77.378606252666572, 17.583492339426041 ], [ 77.37708647572569, 17.594250098941362 ], [ 77.357734636793793, 17.601048390242081 ], [ 77.349667450334366, 17.599218263768382 ], [ 77.343215099074428, 17.587974175559534 ], [ 77.313198486720964, 17.594155792094195 ], [ 77.304488115618582, 17.598429187423385 ], [ 77.300302265963197, 17.597951675357461 ], [ 77.297613268921907, 17.603241632085123 ], [ 77.298948472258502, 17.606448175767184 ], [ 77.294363694043156, 17.608514739473403 ], [ 77.294087499710344, 17.611672182883424 ], [ 77.295956091826866, 17.614117948146998 ], [ 77.294397191338732, 17.614774544969826 ], [ 77.291215483655364, 17.611019500155727 ], [ 77.289975728410155, 17.613372441217301 ], [ 77.285146913832293, 17.614925902328743 ], [ 77.286818942614161, 17.616958933245755 ], [ 77.284037176936977, 17.618996074708559 ], [ 77.282064825519043, 17.616955403869067 ], [ 77.279457594372559, 17.617731226291799 ], [ 77.274890931392591, 17.627182119872309 ], [ 77.263078766101358, 17.625293817973336 ], [ 77.258431943481668, 17.623099908485777 ], [ 77.244326988129941, 17.629580513029921 ], [ 77.237075010589734, 17.631002437831071 ], [ 77.233302898797945, 17.629977598914106 ], [ 77.231046059900237, 17.631950877742447 ], [ 77.227835637145176, 17.631200700210169 ], [ 77.228155034135241, 17.629889727817755 ], [ 77.221693263276563, 17.631495393812951 ], [ 77.219594613291093, 17.630368948334276 ], [ 77.219986051849972, 17.628851148387291 ], [ 77.21612489560485, 17.629954868013883 ], [ 77.210125343407299, 17.62909110035212 ], [ 77.206432537500959, 17.62636958354598 ], [ 77.203768211304052, 17.62976268919472 ], [ 77.198558423127153, 17.631885395572446 ], [ 77.196440003280685, 17.631288974060851 ], [ 77.195590163112371, 17.628681261696567 ], [ 77.194105351945453, 17.615252904599863 ], [ 77.189262943840987, 17.615627213872955 ], [ 77.187197226603985, 17.618510266096557 ], [ 77.182462765853501, 17.618346201857353 ], [ 77.173036654792583, 17.624178581293798 ], [ 77.171667128047659, 17.624466550619307 ], [ 77.170240008145797, 17.621823996535884 ], [ 77.17127962010089, 17.62714833081618 ], [ 77.161395309561385, 17.628979440574582 ], [ 77.155023366640663, 17.628434821291137 ], [ 77.150894199147771, 17.631289967014656 ], [ 77.15048830591715, 17.641407340006673 ], [ 77.143313700043393, 17.647101586869997 ], [ 77.144851701762775, 17.655622085160754 ], [ 77.137446942248673, 17.657653008885415 ], [ 77.136260561087198, 17.660839653636163 ], [ 77.13193425307999, 17.661126387507203 ], [ 77.132656247965983, 17.682172237901597 ], [ 77.128178511043103, 17.681764198547729 ], [ 77.126947841190031, 17.686306944224405 ], [ 77.117678904069933, 17.686030958132779 ], [ 77.114591664170462, 17.677927177949282 ], [ 77.106301448490655, 17.673349730314317 ], [ 77.104337712625508, 17.668644514143313 ], [ 77.089397614944716, 17.668674835006154 ], [ 77.085199390501472, 17.658914762601533 ], [ 77.080843047436986, 17.662163054437816 ], [ 77.07342792269344, 17.661774590927287 ], [ 77.058038292472062, 17.673411158704365 ], [ 77.053069352320719, 17.671023269117061 ], [ 77.047540948203718, 17.67111527043318 ], [ 77.043870396109796, 17.667584856899602 ], [ 77.040994656278741, 17.66764376406174 ], [ 77.039315592577424, 17.67165193980771 ], [ 77.034894779293239, 17.671842219657218 ], [ 77.03489123770629, 17.68130305549764 ], [ 77.033323717751514, 17.682312300691269 ], [ 77.018145535398219, 17.679372989451664 ], [ 77.01376167960008, 17.68497047362526 ], [ 77.006618594733268, 17.687698839274159 ], [ 77.000602724287262, 17.695481727594835 ], [ 76.996783197633249, 17.695061794057917 ], [ 76.99402588438457, 17.697398347156618 ], [ 76.992585157522754, 17.695707128006472 ], [ 76.990042967901772, 17.696249404223927 ], [ 76.98609997701945, 17.698684154680816 ], [ 76.980496773370561, 17.697626894462353 ], [ 76.982198612945623, 17.694771210112393 ], [ 76.980232785332674, 17.687413531352004 ], [ 76.976155597834165, 17.680612820890214 ], [ 76.977497506643076, 17.665553143852257 ], [ 76.983056428214852, 17.662862460402685 ], [ 76.983136830529546, 17.658201612445996 ], [ 76.984763486764209, 17.65601953802561 ], [ 76.983747716481759, 17.652970077834539 ], [ 76.977263032722931, 17.647742943078633 ], [ 76.97062784144812, 17.646064419914229 ], [ 76.965877610814687, 17.640482453905978 ], [ 76.96056967038507, 17.638627769254413 ], [ 76.960401273838272, 17.636433876190651 ], [ 76.957221123159059, 17.634432700004254 ], [ 76.958289259353919, 17.627013502339683 ], [ 76.95732125627535, 17.620560746631444 ], [ 76.95195162343299, 17.624228427215012 ], [ 76.951338721410409, 17.620549809125038 ], [ 76.941267419196123, 17.609781343099559 ], [ 76.941250764177639, 17.606654020565589 ], [ 76.929431401557935, 17.60598702089009 ], [ 76.92191990010096, 17.60990841487876 ], [ 76.922247287413043, 17.618109228731207 ], [ 76.919483989024471, 17.621835594129415 ], [ 76.924665638806417, 17.624700874749699 ], [ 76.928438417101958, 17.631714470034524 ], [ 76.929342470456191, 17.63724937368346 ], [ 76.914177251076651, 17.639030077363305 ], [ 76.909741111773471, 17.637494705616842 ], [ 76.907626143944597, 17.634873430004504 ], [ 76.898866844238412, 17.64487516273411 ], [ 76.883103624328896, 17.642823637856878 ], [ 76.867009251881228, 17.647051434052905 ], [ 76.8554149574923, 17.643612289354241 ], [ 76.849985411513813, 17.645859101896978 ], [ 76.841828759525825, 17.653789651507182 ], [ 76.837710060404206, 17.652447934504785 ], [ 76.835346421712813, 17.649379703729476 ], [ 76.822340629004856, 17.651451634367437 ], [ 76.81863851859751, 17.649673268200296 ], [ 76.814124375698384, 17.650616271445205 ], [ 76.806863626141165, 17.648525612958963 ], [ 76.807153896610643, 17.650264619439412 ], [ 76.801847578936574, 17.650006249091856 ], [ 76.792005957174069, 17.652753918461734 ], [ 76.787538723652304, 17.647477131235519 ], [ 76.788950735533405, 17.64275482172085 ], [ 76.784440865123528, 17.639269548798524 ], [ 76.785153484957902, 17.636944202262796 ], [ 76.776896696800648, 17.636343043189783 ], [ 76.773478473221431, 17.63878952526348 ], [ 76.771408664870833, 17.646062741710654 ], [ 76.773108007648915, 17.657311398421118 ], [ 76.773059110216408, 17.665679404798812 ], [ 76.771991058854155, 17.66604771853504 ], [ 76.748671115926598, 17.667119669434115 ], [ 76.741801834084328, 17.664825465446491 ], [ 76.732836943681377, 17.665571105494994 ], [ 76.732220622759598, 17.658947938047561 ], [ 76.720708495724125, 17.654007574683071 ], [ 76.720159600932945, 17.649874669416899 ], [ 76.714804763080949, 17.639133817740671 ], [ 76.698941658186939, 17.641999044219187 ], [ 76.698727948099986, 17.646212509938124 ], [ 76.708841312295618, 17.652252205285446 ], [ 76.712242972656739, 17.657700162947545 ], [ 76.708987830793532, 17.662519389767173 ], [ 76.694884290329227, 17.6628904828587 ], [ 76.695215539531844, 17.67701419387123 ], [ 76.689883813242517, 17.684115092577173 ], [ 76.693509857877558, 17.695966350374523 ], [ 76.703411039745873, 17.693288269849347 ], [ 76.711763820001224, 17.694500353045107 ], [ 76.712563356731465, 17.696728795080698 ], [ 76.711110437158069, 17.699771281499498 ], [ 76.700505507377713, 17.706158055954941 ], [ 76.705427214734399, 17.723149497080239 ], [ 76.698936498983613, 17.727070535426961 ], [ 76.699264699111907, 17.728352100635728 ], [ 76.728294224573659, 17.737561719526113 ], [ 76.724184761524469, 17.750105995828001 ], [ 76.718390405893899, 17.751887461089098 ], [ 76.721564943668909, 17.769750389975361 ], [ 76.712676734188022, 17.774146232858214 ], [ 76.71427071413882, 17.781319591933983 ], [ 76.72143449616577, 17.788207644738186 ], [ 76.729968228517919, 17.782952195714785 ], [ 76.740699680117658, 17.779772156858165 ], [ 76.743884479228484, 17.780111895878395 ], [ 76.742512881424759, 17.784103296566602 ], [ 76.751161226397429, 17.785095536676351 ], [ 76.751288708149744, 17.787182418373618 ], [ 76.761914921005882, 17.787396335815821 ], [ 76.765751274595004, 17.791865565860117 ], [ 76.766314424612091, 17.798850979513031 ], [ 76.779258410825506, 17.798214990827525 ], [ 76.77878990370435, 17.802168672178897 ], [ 76.782550867815999, 17.806850463027395 ], [ 76.781197847987826, 17.814994763226665 ], [ 76.783892864103649, 17.820094451086302 ], [ 76.787721068418037, 17.821307819020138 ], [ 76.788788156888373, 17.825273831692908 ], [ 76.790695599293144, 17.825098309139115 ], [ 76.786907616520097, 17.833179928160177 ], [ 76.781738866508988, 17.83496837063257 ], [ 76.775013483373911, 17.841316607950173 ], [ 76.774023778235502, 17.846210286608034 ], [ 76.768347395965463, 17.851698585697509 ], [ 76.765512725982532, 17.85124684765697 ], [ 76.759769208464959, 17.855696054022026 ], [ 76.753875390331757, 17.857702430174303 ], [ 76.738446282236296, 17.856036877754839 ], [ 76.738694440503579, 17.882755813714624 ], [ 76.741190858396138, 17.894866519991407 ], [ 76.739963317651544, 17.899541799112185 ], [ 76.758761887312005, 17.89962321590216 ], [ 76.768252518204676, 17.902412477596709 ], [ 76.773447979758032, 17.891379593240991 ], [ 76.774757178550757, 17.881220616667353 ], [ 76.773804108408399, 17.878466370780554 ], [ 76.788343300661154, 17.876091888137971 ], [ 76.795082839745845, 17.872527382602591 ], [ 76.805598095161358, 17.870894302728956 ], [ 76.808082785402846, 17.871395009560604 ], [ 76.807550162190651, 17.877868214112802 ], [ 76.810062166123643, 17.88740830139681 ], [ 76.81762006267752, 17.886780802005674 ], [ 76.819479146769254, 17.883874121614316 ], [ 76.825860133637491, 17.886032591424314 ], [ 76.826147807284201, 17.884209320059234 ], [ 76.827968544220084, 17.884922560362604 ], [ 76.828215784503698, 17.883229545037739 ], [ 76.832640723678907, 17.88259005621228 ], [ 76.831541578590645, 17.886704337369569 ], [ 76.832518821095945, 17.893338924577083 ], [ 76.839587402560838, 17.899793735197054 ], [ 76.845424240814538, 17.8995951823707 ], [ 76.847083571144893, 17.90130781906381 ], [ 76.847903102607788, 17.900182590492523 ], [ 76.87166684572847, 17.898969329743558 ], [ 76.879940935663058, 17.894562638366811 ], [ 76.881305978309896, 17.895978977211321 ], [ 76.884174705705988, 17.894259149952244 ], [ 76.883651668422942, 17.899425369111722 ], [ 76.888463800533955, 17.898399807130513 ], [ 76.893637425740351, 17.899940754306709 ], [ 76.893673927094369, 17.906334654389035 ], [ 76.896186290377869, 17.906029311485575 ], [ 76.896337372502074, 17.910844558775747 ], [ 76.898810669464595, 17.909327610874101 ], [ 76.901505922734032, 17.914520540041654 ], [ 76.900406387796693, 17.917547916953982 ], [ 76.914706264963712, 17.914778332962683 ], [ 76.918865742421673, 17.916419292518597 ], [ 76.919654603280648, 17.94291568601469 ], [ 76.916891255744574, 17.956149327511195 ], [ 76.914911792030551, 17.957258229600804 ], [ 76.912426894799296, 17.974981050424212 ], [ 76.913366991167877, 17.993202719283591 ], [ 76.912542659424048, 17.996681710366303 ], [ 76.906514683558058, 17.996713914429144 ], [ 76.908039591199241, 17.998802758065654 ], [ 76.905688313208202, 18.002735981291519 ], [ 76.905688825280976, 18.009857266266465 ], [ 76.90781270697785, 18.0144490449245 ], [ 76.910940106438943, 18.013352558834701 ], [ 76.911484228461248, 18.01472217911186 ], [ 76.914471654118088, 18.035564109314972 ], [ 76.946670026195946, 18.038948805428678 ], [ 76.953437020259443, 18.041985017666676 ], [ 76.943582458826981, 18.046320565085626 ], [ 76.943754880576705, 18.049622407179847 ], [ 76.95117758175725, 18.060395240846983 ], [ 76.950808675466746, 18.062754791578094 ], [ 76.948619123131564, 18.063009523297332 ], [ 76.950419367112005, 18.063463033344913 ], [ 76.950522972638424, 18.065487361540523 ], [ 76.947450623102498, 18.070749535148543 ], [ 76.944015773557794, 18.083379292128996 ], [ 76.962348541190678, 18.09058134083471 ], [ 76.965074024287759, 18.09506333841734 ], [ 76.965351120763671, 18.098863065643393 ], [ 76.957577278874268, 18.105172621868093 ], [ 76.954311515044225, 18.110461826386445 ], [ 76.937482894121047, 18.114574861228633 ], [ 76.934389112520023, 18.112509756810834 ], [ 76.930547143181897, 18.113084047747414 ], [ 76.921721622971774, 18.117670553135063 ], [ 76.91847482255767, 18.121154557935789 ], [ 76.917953212722537, 18.124113668866364 ], [ 76.923422206563103, 18.129954428481536 ], [ 76.932469337586809, 18.133597566458064 ], [ 76.929275295434621, 18.138776953666749 ], [ 76.928333796577746, 18.13816895075443 ], [ 76.921458187394023, 18.144104138725897 ], [ 76.928997204047207, 18.154021469555826 ], [ 76.930289491272603, 18.159366315272923 ], [ 76.937066916735475, 18.159800109028957 ], [ 76.942511135209571, 18.156622548469695 ], [ 76.948422890226141, 18.169390891031661 ], [ 76.951332408477455, 18.188308499731157 ], [ 76.962409847558646, 18.190360595061968 ], [ 76.97734207762646, 18.18945322534319 ], [ 76.978906492667775, 18.192630311104431 ], [ 76.991413623315239, 18.190703252563349 ], [ 76.990593249120778, 18.185834304400711 ], [ 76.994641030812602, 18.182696880703979 ], [ 76.994506565782814, 18.17518806922541 ], [ 76.997155841917134, 18.166395030960771 ], [ 77.002619471617365, 18.162548841218655 ], [ 77.00198893770731, 18.161398938028857 ], [ 77.007763432507033, 18.160062282618288 ], [ 77.023753854835519, 18.158544681485836 ], [ 77.02346914258996, 18.162138279871463 ], [ 77.026093188836185, 18.166726703087839 ], [ 77.02359498221503, 18.175379715017584 ], [ 77.032080003731224, 18.177460331819045 ], [ 77.033573394779395, 18.182178120573514 ], [ 77.052187678393452, 18.173849913549354 ], [ 77.053052910058241, 18.160718569877503 ], [ 77.059332900377655, 18.157056467174197 ], [ 77.064272034370489, 18.151806765714603 ], [ 77.084267249889379, 18.151786313964923 ], [ 77.088139808501964, 18.153361002580816 ], [ 77.089816681389337, 18.155946264713723 ], [ 77.099935632303271, 18.158949322817286 ], [ 77.105272065300582, 18.156192927749437 ], [ 77.112039651408139, 18.156921323536476 ], [ 77.116256119636233, 18.16937123430715 ], [ 77.114667171250375, 18.173268913797042 ], [ 77.096973085864576, 18.194070469246711 ], [ 77.096942750916838, 18.196551757320226 ], [ 77.109376638458784, 18.204305136030509 ], [ 77.123731049760224, 18.206761505078582 ], [ 77.123848038456472, 18.208948786511403 ], [ 77.126585928932698, 18.209321211119022 ], [ 77.134074491802636, 18.206015193957626 ], [ 77.134635561137515, 18.207364355886263 ], [ 77.140336869664623, 18.207747880637889 ], [ 77.142802873046705, 18.217025285815641 ], [ 77.151660749233628, 18.217477997418133 ], [ 77.150861721728134, 18.22127228446595 ], [ 77.149065224339807, 18.221362077947617 ], [ 77.148767088967233, 18.239349746147347 ], [ 77.151876955335936, 18.23876652792061 ], [ 77.159816299196294, 18.256956675421609 ], [ 77.164926983900671, 18.257907721774234 ], [ 77.169803178196517, 18.261188212362274 ], [ 77.17049320383164, 18.264809348980172 ], [ 77.169045832367772, 18.264904476698174 ], [ 77.171152628575953, 18.277357256077998 ], [ 77.175131675146204, 18.284807670206437 ], [ 77.187745032806021, 18.284794935358889 ], [ 77.195663603821501, 18.279697219294217 ], [ 77.19768303884149, 18.276575724930279 ], [ 77.203175293805899, 18.27950134971648 ], [ 77.213589258851727, 18.280915041196319 ], [ 77.209685689724836, 18.28819514716254 ], [ 77.210371631997617, 18.294763099179026 ], [ 77.205278726934836, 18.294260129003149 ], [ 77.203750056472359, 18.296962529063133 ], [ 77.202055040537701, 18.310730124451403 ], [ 77.198949268230564, 18.314552648018729 ], [ 77.202160946244959, 18.32144307178217 ], [ 77.211927614459185, 18.316051635962033 ], [ 77.215158382205075, 18.323365512543631 ], [ 77.218946062425516, 18.325642969188763 ], [ 77.222688171451125, 18.338952147922647 ], [ 77.229303386685359, 18.348022349304102 ], [ 77.219537718305133, 18.348810339670848 ], [ 77.224272849156023, 18.356741682022367 ], [ 77.2258888005084, 18.36534890068927 ], [ 77.233189559426663, 18.369498634118784 ], [ 77.246281180789254, 18.370575674898198 ], [ 77.247781987672113, 18.373991834774195 ], [ 77.248413497495989, 18.375864194965033 ], [ 77.239797213205136, 18.377202293121528 ], [ 77.233377366853148, 18.388045503149915 ], [ 77.234972645860722, 18.400715021071246 ], [ 77.239975545141192, 18.408931143822247 ], [ 77.241335235919834, 18.412843851751369 ], [ 77.240197771097854, 18.413330664377121 ], [ 77.244139802143224, 18.415284532440999 ], [ 77.259685810993872, 18.413568331763308 ], [ 77.266369990081131, 18.422848340155383 ], [ 77.272765138182422, 18.422638552850255 ], [ 77.27498597299315, 18.426105935206806 ], [ 77.282473418732494, 18.430787706615003 ], [ 77.289167472640329, 18.431418040541484 ], [ 77.303933851178442, 18.439858029743295 ], [ 77.313033380591449, 18.441438319765673 ], [ 77.314803538139287, 18.441242957923961 ], [ 77.314598028427795, 18.439850760628765 ], [ 77.310877537617543, 18.437242582223114 ], [ 77.313527668103916, 18.427755278827341 ], [ 77.315400667408824, 18.427827861682584 ], [ 77.31638432542718, 18.421005527915543 ], [ 77.317780174817216, 18.422293877735637 ], [ 77.322892082496395, 18.421157936753858 ], [ 77.326193135152394, 18.41656901913418 ], [ 77.340125219623189, 18.42506810054558 ], [ 77.340093052953392, 18.438154502042238 ], [ 77.343638035389517, 18.442896514065698 ], [ 77.34704978785949, 18.44232924853987 ], [ 77.353450316027377, 18.4499266095339 ], [ 77.356378948505039, 18.449171971277803 ], [ 77.357190996028024, 18.450473615910006 ], [ 77.365612655119378, 18.450998691322997 ] ] ], [ [ [ 77.275476179228519, 18.477605460345053 ], [ 77.287359915641829, 18.47474744057028 ], [ 77.292164266122441, 18.47717754197598 ], [ 77.299572940003827, 18.476334539132576 ], [ 77.299701743952625, 18.464761853765161 ], [ 77.297986742915739, 18.464588452052475 ], [ 77.295537718835817, 18.459046077151694 ], [ 77.290216747248877, 18.455251002606229 ], [ 77.284753569842067, 18.456075834727013 ], [ 77.277941200852581, 18.45335454037167 ], [ 77.267923316657203, 18.454227458670999 ], [ 77.267850736176811, 18.458996091247716 ], [ 77.275476179228519, 18.477605460345053 ] ] ] ] } },
{ "type": "Feature", "properties": { "DISTRICT": "Chamarajanagar" }, "geometry": { "type": "Polygon", "coordinates": [ [ [ 77.461812697164049, 11.899125431804316 ], [ 77.464037789959249, 11.89341111296363 ], [ 77.462300464493751, 11.889430169849538 ], [ 77.463151343579796, 11.884979660757194 ], [ 77.460517975085907, 11.880435454171499 ], [ 77.465950510222982, 11.874469742161466 ], [ 77.462888543290163, 11.864785454724506 ], [ 77.460072107919416, 11.863718186336261 ], [ 77.462979383545928, 11.859641824431023 ], [ 77.461523997419192, 11.853976605703156 ], [ 77.466976829683915, 11.849964489903874 ], [ 77.467070247901802, 11.846671391966533 ], [ 77.462590498098351, 11.84054168209998 ], [ 77.460556762832326, 11.832113848336979 ], [ 77.456162214968728, 11.827095845465156 ], [ 77.451942854693328, 11.812702010073711 ], [ 77.45357002189111, 11.807621833486778 ], [ 77.45164369149046, 11.805286165424887 ], [ 77.452120329007116, 11.802024353725965 ], [ 77.450510410674852, 11.800798667863191 ], [ 77.451491804262915, 11.799502014757739 ], [ 77.448276989296033, 11.790095728786604 ], [ 77.441710812914053, 11.78853824819935 ], [ 77.44047129445795, 11.786344304952669 ], [ 77.443303611803017, 11.783152056094643 ], [ 77.442580298916482, 11.781835541818944 ], [ 77.437857152979774, 11.781379984232968 ], [ 77.433838081292024, 11.77823133505056 ], [ 77.428522833353711, 11.767200802052038 ], [ 77.427770719450123, 11.76111239740762 ], [ 77.422652330682794, 11.762285446151001 ], [ 77.422176275625631, 11.772526238046286 ], [ 77.413535263782151, 11.77499980717028 ], [ 77.394427368314666, 11.787864926267012 ], [ 77.38784294655612, 11.788759510613559 ], [ 77.369795077015141, 11.786882887699404 ], [ 77.368873017639999, 11.789788989434552 ], [ 77.364849882682918, 11.790445976782541 ], [ 77.359871264101585, 11.779915810476766 ], [ 77.335040276263101, 11.771529015227385 ], [ 77.327524240409076, 11.775754155556841 ], [ 77.313503089212389, 11.792813389453457 ], [ 77.293689819773235, 11.809321500520253 ], [ 77.287476569316283, 11.800583258103515 ], [ 77.274597614821047, 11.803041871109658 ], [ 77.273029200884295, 11.805425489238942 ], [ 77.26137726028935, 11.81060969690526 ], [ 77.250303870522387, 11.812925353902695 ], [ 77.249614273053695, 11.804417981537966 ], [ 77.246437641277211, 11.800202515143297 ], [ 77.238233942084733, 11.794292269198989 ], [ 77.224645108766438, 11.795920604374858 ], [ 77.189493490046729, 11.792682414702721 ], [ 77.189164154970456, 11.798694176166284 ], [ 77.182535236085684, 11.793029083428429 ], [ 77.161162764525088, 11.792525519223377 ], [ 77.151017740266937, 11.787454851651979 ], [ 77.136864216596138, 11.789668055056824 ], [ 77.134441434728146, 11.78576990994582 ], [ 77.125799153957772, 11.784438452581981 ], [ 77.121994358117902, 11.781763933246577 ], [ 77.118762958525934, 11.782231328899272 ], [ 77.119921227201999, 11.772801588215954 ], [ 77.110507941447423, 11.773529373327175 ], [ 77.113056422150422, 11.765357785507257 ], [ 77.111465603153306, 11.763953272648637 ], [ 77.112529185334324, 11.756528844176348 ], [ 77.108659427817585, 11.753209592816697 ], [ 77.111577305251728, 11.750717455399279 ], [ 77.112200699703948, 11.723758042732431 ], [ 77.105229228379997, 11.732915704117698 ], [ 77.080281301271498, 11.735846585159274 ], [ 77.081955866394836, 11.740167882619755 ], [ 77.070618112993188, 11.751527892249058 ], [ 77.056266521283291, 11.769653535675628 ], [ 77.060734752528603, 11.777251800872934 ], [ 77.070219662676237, 11.78170690389932 ], [ 77.065417470860453, 11.78984344527186 ], [ 77.063914417919563, 11.790760712806168 ], [ 77.043912103404125, 11.786504335214797 ], [ 77.045432284763734, 11.78437186989591 ], [ 77.039372975054334, 11.780027133533457 ], [ 77.035410860917807, 11.769960762809786 ], [ 77.029006508058103, 11.774575309738264 ], [ 77.035840160719644, 11.783095506335808 ], [ 77.038896224275277, 11.794030774634852 ], [ 77.032599217600705, 11.795568644530698 ], [ 77.034139129253973, 11.800030534967885 ], [ 77.030885202563738, 11.801969495895689 ], [ 77.029233601228157, 11.805300020679169 ], [ 77.016655631849858, 11.811659398022304 ], [ 77.015707868960135, 11.808392859987721 ], [ 77.0134094499588, 11.807834467672045 ], [ 77.012430695431277, 11.815164362640422 ], [ 76.99391795180847, 11.808168881490404 ], [ 76.983475929563639, 11.811531050504248 ], [ 76.984615439200127, 11.809274438640024 ], [ 76.982541982108771, 11.804749929439176 ], [ 76.984941999069818, 11.802689577064813 ], [ 76.980305500366555, 11.798231072361045 ], [ 76.981166366970569, 11.796338836993739 ], [ 76.978327093284648, 11.791285958373644 ], [ 76.974790492703164, 11.789325577085425 ], [ 76.975266834554049, 11.787495440261972 ], [ 76.969438526932379, 11.777652163887771 ], [ 76.960969506680982, 11.781640878228828 ], [ 76.956484672913803, 11.790377730729588 ], [ 76.953726807524802, 11.791611586987868 ], [ 76.950409623766092, 11.791846925278859 ], [ 76.948909514237357, 11.789652120544815 ], [ 76.941768544763221, 11.787781413379767 ], [ 76.931362237807249, 11.791783246308716 ], [ 76.922150515579929, 11.791821723848997 ], [ 76.907287264557937, 11.79587382996996 ], [ 76.905779945990645, 11.791604144648158 ], [ 76.899376751030459, 11.785113477830286 ], [ 76.899453549896677, 11.782681797865038 ], [ 76.896182986604174, 11.777938074651377 ], [ 76.897331142109451, 11.769524796373494 ], [ 76.895138132011724, 11.757616280319059 ], [ 76.887771068589842, 11.741711675704044 ], [ 76.888144911062568, 11.735854624375154 ], [ 76.88194575720631, 11.728748652492499 ], [ 76.876356675745498, 11.724966840098043 ], [ 76.873100823069223, 11.719027112691585 ], [ 76.861145849423735, 11.706114546864631 ], [ 76.858032194589626, 11.699863447078283 ], [ 76.855667992891028, 11.699935651693728 ], [ 76.850908083899185, 11.693745663613154 ], [ 76.84325365353321, 11.675328800729654 ], [ 76.843340155847201, 11.667868649298775 ], [ 76.84143059608806, 11.665906941450928 ], [ 76.841425373111576, 11.661551169289496 ], [ 76.83856355015007, 11.660586462839619 ], [ 76.83795282909189, 11.657228877193422 ], [ 76.834829788022816, 11.655665809593442 ], [ 76.835868721928094, 11.654242267270533 ], [ 76.833810134390774, 11.648323340895523 ], [ 76.837847379094455, 11.641884195532363 ], [ 76.834666565401179, 11.639610750387634 ], [ 76.838129087427703, 11.635735665392398 ], [ 76.843845928946166, 11.632882262026198 ], [ 76.845119153849865, 11.634417569333188 ], [ 76.844852051270124, 11.628496287977656 ], [ 76.842799061991968, 11.627161435198198 ], [ 76.849470170260716, 11.624789972053463 ], [ 76.848399092006915, 11.623140393596708 ], [ 76.849350377952888, 11.621573890572456 ], [ 76.852066687093057, 11.6219123807393 ], [ 76.848711712021185, 11.618927218189029 ], [ 76.850412664601677, 11.616248598563239 ], [ 76.857835432277469, 11.614332038747751 ], [ 76.857454538908712, 11.610119944682099 ], [ 76.855574173222195, 11.608356956329422 ], [ 76.857159291247982, 11.605337827013706 ], [ 76.856198508442105, 11.599474143170076 ], [ 76.853075080108823, 11.596802751496901 ], [ 76.846775189418054, 11.594959515305121 ], [ 76.832309234563908, 11.600841295919157 ], [ 76.824083729270484, 11.608052551873936 ], [ 76.817378072056485, 11.604900530484752 ], [ 76.810130402328298, 11.608495166322445 ], [ 76.796061220507326, 11.608766081423838 ], [ 76.791472459571224, 11.613125662970891 ], [ 76.774946448382892, 11.612544150296497 ], [ 76.770904846734453, 11.61567974015956 ], [ 76.762306207694479, 11.614924407501082 ], [ 76.757681005436339, 11.618114764735319 ], [ 76.748467461740759, 11.614412593609178 ], [ 76.742586719068555, 11.613898438523782 ], [ 76.737370743239822, 11.615407303364751 ], [ 76.706010677555355, 11.613831790727613 ], [ 76.701842778464297, 11.61526413037163 ], [ 76.689272080089538, 11.615033126606541 ], [ 76.68370819184338, 11.612929391290592 ], [ 76.669900594209352, 11.615446528302133 ], [ 76.649603353539362, 11.612771908050965 ], [ 76.636804716666688, 11.61350859177543 ], [ 76.616104597562625, 11.60791527357542 ], [ 76.613245236745641, 11.612224283006416 ], [ 76.604149970972912, 11.609609629110922 ], [ 76.597718665090468, 11.609657182945401 ], [ 76.59728418075494, 11.615243130311995 ], [ 76.592305727809645, 11.618168562011837 ], [ 76.5904676922611, 11.617274825982404 ], [ 76.590409284394127, 11.618589583287148 ], [ 76.583953471363998, 11.614141430448708 ], [ 76.57915537230609, 11.616206345141062 ], [ 76.576960997004321, 11.614809163524754 ], [ 76.5754660939525, 11.619472038913601 ], [ 76.56767520564145, 11.618938149552628 ], [ 76.562955423334259, 11.623372140023234 ], [ 76.559963052102418, 11.623591753541227 ], [ 76.56152767448755, 11.633035145139349 ], [ 76.559732121905796, 11.633690136488832 ], [ 76.558680591571218, 11.638985662566579 ], [ 76.554093624152117, 11.646257569759721 ], [ 76.554738357778035, 11.655822359632285 ], [ 76.553131299226749, 11.656488739572062 ], [ 76.549652510460518, 11.665397750313005 ], [ 76.551704507305445, 11.672680128387558 ], [ 76.54731636717878, 11.678291986907562 ], [ 76.527014202757201, 11.693520694169749 ], [ 76.506490977469468, 11.701234447936928 ], [ 76.50286129338771, 11.694289636048941 ], [ 76.495857459711871, 11.692300136207153 ], [ 76.495457283745395, 11.689985656293809 ], [ 76.490542721639798, 11.689009568730036 ], [ 76.488369321806331, 11.686966245966625 ], [ 76.480639431993268, 11.688735151040159 ], [ 76.480711093063476, 11.683249751889585 ], [ 76.479226686292179, 11.680677788305131 ], [ 76.472907947592333, 11.679187252520766 ], [ 76.46353290195465, 11.66919920041896 ], [ 76.459480401068973, 11.666988421307272 ], [ 76.457049468791652, 11.664000370382977 ], [ 76.457543496988663, 11.659793830704942 ], [ 76.455675023199788, 11.658453195418076 ], [ 76.452856640751108, 11.660067706782087 ], [ 76.444807347629563, 11.66036639463857 ], [ 76.439719609527842, 11.664760723045667 ], [ 76.434918322506675, 11.664066206109007 ], [ 76.43409924645124, 11.66625482521998 ], [ 76.429282611552821, 11.666271995792327 ], [ 76.428344891555682, 11.66934217976276 ], [ 76.425879176220775, 11.670977633597632 ], [ 76.419261145353119, 11.670323007396991 ], [ 76.415434726268757, 11.672027210482764 ], [ 76.414099549328682, 11.674926802308306 ], [ 76.415184436845593, 11.676133739653993 ], [ 76.41256885095639, 11.680247259334054 ], [ 76.413409531997402, 11.681249338586905 ], [ 76.411798305336518, 11.682502752784302 ], [ 76.412328876089717, 11.685342035453722 ], [ 76.408651106364673, 11.68945389464939 ], [ 76.410208942721567, 11.691205095333867 ], [ 76.409750138110041, 11.694932393815781 ], [ 76.411410503641591, 11.695557935411207 ], [ 76.409169303000127, 11.698177505181494 ], [ 76.408395386300526, 11.705387853807641 ], [ 76.405359930070844, 11.704811751740474 ], [ 76.402618714780075, 11.707007094946622 ], [ 76.402918069130948, 11.711517305435327 ], [ 76.405596847647345, 11.711303490246969 ], [ 76.408224348025328, 11.715404167020875 ], [ 76.412260581498217, 11.715765973124707 ], [ 76.413006218193175, 11.712127873178991 ], [ 76.414892669807045, 11.712922826619119 ], [ 76.416442129037179, 11.718748173001135 ], [ 76.42567941849606, 11.726582051774523 ], [ 76.417789246703123, 11.742207978137397 ], [ 76.413233880221227, 11.739301629853523 ], [ 76.409690140982306, 11.740734249981166 ], [ 76.412796058665549, 11.746024996907584 ], [ 76.412435645333915, 11.752809520834781 ], [ 76.415793849035097, 11.754153157637836 ], [ 76.41536978137799, 11.756617231021492 ], [ 76.412523752319359, 11.758497927122509 ], [ 76.413589494796469, 11.759984307467267 ], [ 76.412361156148307, 11.762186590117338 ], [ 76.416820997860427, 11.768064003600088 ], [ 76.421434383192533, 11.771113515649837 ], [ 76.423008621613477, 11.776298153525797 ], [ 76.412942919778672, 11.779349013852896 ], [ 76.412662631474461, 11.781512862769011 ], [ 76.416657323754805, 11.784038207089562 ], [ 76.41110436717004, 11.788256744990568 ], [ 76.415019302350885, 11.790361489148754 ], [ 76.420000632794086, 11.790193149259578 ], [ 76.422317303929134, 11.792155052942642 ], [ 76.421184541641992, 11.79614354304999 ], [ 76.425929739412553, 11.793488498512284 ], [ 76.42822263142611, 11.795534188621364 ], [ 76.42522608693848, 11.800632400883817 ], [ 76.425656827900298, 11.80411072395011 ], [ 76.421185873022523, 11.803356880673995 ], [ 76.411963869553418, 11.808311420864847 ], [ 76.409712622171881, 11.810456350547431 ], [ 76.409380712165742, 11.815362727044695 ], [ 76.413220472682667, 11.816774973817058 ], [ 76.413921940698913, 11.813061142719549 ], [ 76.421744623580508, 11.806694707903349 ], [ 76.425821108912544, 11.806652408788976 ], [ 76.439794010332335, 11.800375156534511 ], [ 76.452806094226858, 11.799694932091606 ], [ 76.455470966956383, 11.796585641318071 ], [ 76.459830634399466, 11.820128037085967 ], [ 76.485866936790089, 11.822631226731446 ], [ 76.482096976069485, 11.842862693361884 ], [ 76.484965512475895, 11.855751035071837 ], [ 76.489044762298306, 11.863398650595823 ], [ 76.500535535040612, 11.863226247824295 ], [ 76.531704198734502, 11.87484886616873 ], [ 76.554323810794045, 11.858314607883804 ], [ 76.55727717936702, 11.893393204078608 ], [ 76.564338391450775, 11.891488185659444 ], [ 76.564087789522233, 11.893127378833348 ], [ 76.565522440261574, 11.892735931949268 ], [ 76.571401344615936, 11.899888365645721 ], [ 76.568505309069181, 11.899675999080291 ], [ 76.571451280809043, 11.904017266686214 ], [ 76.576988488900952, 11.922688288109809 ], [ 76.570597135258978, 11.928139753564931 ], [ 76.571488155549346, 11.939405962954355 ], [ 76.560232745346028, 11.94433215843187 ], [ 76.557849869783738, 11.947817294172996 ], [ 76.572738147483861, 11.964741835977902 ], [ 76.57629617442079, 11.973473582398592 ], [ 76.577020962289168, 11.982702542286871 ], [ 76.579270659540214, 11.98756604109114 ], [ 76.585639913152662, 11.985558704124209 ], [ 76.592571382610501, 11.986519353271044 ], [ 76.597080822866133, 11.984368661411596 ], [ 76.609244299090946, 11.992487399103084 ], [ 76.620585495662453, 11.989855263118622 ], [ 76.635734899805726, 11.981815058229881 ], [ 76.642028084631065, 11.981775382469904 ], [ 76.650618790366522, 12.007355222698431 ], [ 76.653420192124457, 12.00619676401527 ], [ 76.659750180956408, 12.007769636314723 ], [ 76.671569777256906, 12.006066270732543 ], [ 76.672629645141896, 12.001933969103828 ], [ 76.674173906425409, 12.001485439095584 ], [ 76.694796399126787, 12.000605126190274 ], [ 76.699698010820882, 11.998201310302383 ], [ 76.702470383014102, 11.991236017430507 ], [ 76.704130687547504, 11.990989398301165 ], [ 76.703088547211436, 11.985247761731658 ], [ 76.716017792314929, 11.984018748072044 ], [ 76.716771329959485, 11.988152816461692 ], [ 76.724816957226196, 11.987842933723638 ], [ 76.729856294518342, 11.990524815378445 ], [ 76.732020169722219, 11.994577957054922 ], [ 76.733185252880304, 12.002744461991831 ], [ 76.736270537590372, 12.003160315382109 ], [ 76.736130175987896, 12.005370955434747 ], [ 76.739531695589278, 12.0054257343819 ], [ 76.740917636637448, 12.009787316374133 ], [ 76.742606583572197, 12.009879181511323 ], [ 76.742717821958166, 12.00847629465455 ], [ 76.746303315029564, 12.008248477901603 ], [ 76.745925660955749, 12.001952646970238 ], [ 76.74925822716466, 12.00125055132801 ], [ 76.749358259275951, 11.999548930582998 ], [ 76.764230963445812, 11.99909868274521 ], [ 76.767729828896023, 11.992296932122825 ], [ 76.787414449300712, 11.98549811854936 ], [ 76.792599216305931, 11.986519011787273 ], [ 76.792759692990373, 11.988457710559484 ], [ 76.796305741395784, 11.98925576996235 ], [ 76.795716443718206, 12.003699758111168 ], [ 76.791470148083363, 12.005733374057453 ], [ 76.794247660186727, 12.01375267868803 ], [ 76.799302030437119, 12.017341151334985 ], [ 76.805749707293998, 12.018271182516926 ], [ 76.805549222710368, 12.020675291323796 ], [ 76.8111181111679, 12.021829693195123 ], [ 76.811409444196428, 12.027312333434599 ], [ 76.817973906742381, 12.028026105880272 ], [ 76.820483058295395, 12.028112101108171 ], [ 76.82257977990507, 12.017615486866161 ], [ 76.82155490069384, 12.010062758952403 ], [ 76.827478828820617, 12.008503299729032 ], [ 76.829006358666589, 12.006082664446488 ], [ 76.833243295037761, 12.005736847471633 ], [ 76.833315496245689, 12.003806288378854 ], [ 76.837434121847068, 12.003514017856988 ], [ 76.8370459106429, 11.999702925668764 ], [ 76.845831483119881, 11.998613406325505 ], [ 76.856287458093547, 11.999582355652247 ], [ 76.858362236078761, 12.007391956124664 ], [ 76.872815457979115, 12.005552767800827 ], [ 76.873845876761209, 12.008416762540731 ], [ 76.876001146962366, 12.008449167162114 ], [ 76.883153170167176, 12.015600453494972 ], [ 76.883763942675898, 12.007065407528124 ], [ 76.886530013173655, 11.999521306456328 ], [ 76.904335675889186, 11.998527032525017 ], [ 76.918511275771436, 12.007318284942247 ], [ 76.922569548516876, 12.012512406323628 ], [ 76.935864893229834, 12.01297667396687 ], [ 76.938085468769614, 12.017491690343148 ], [ 76.938968893707781, 12.026499394612161 ], [ 76.915295274661375, 12.025836127896918 ], [ 76.913340376138066, 12.035514342297544 ], [ 76.910347892748447, 12.036635903890094 ], [ 76.910327135182996, 12.041699908956325 ], [ 76.904751422906571, 12.042463879826999 ], [ 76.902893027428064, 12.045114166187259 ], [ 76.901676991594456, 12.04332858599439 ], [ 76.89906271152411, 12.043370887600076 ], [ 76.900702642124017, 12.046923440718029 ], [ 76.890037078059919, 12.049740157729357 ], [ 76.888908923007861, 12.052271920489629 ], [ 76.890739189186775, 12.058791898931714 ], [ 76.870547865888724, 12.055999117469788 ], [ 76.867379194927466, 12.060068925118177 ], [ 76.85318023463833, 12.060276268839621 ], [ 76.854211565223196, 12.062744179726151 ], [ 76.87028257110056, 12.063354905528248 ], [ 76.873864064372498, 12.074839065886495 ], [ 76.883877008483609, 12.083178670552654 ], [ 76.880871686782328, 12.098108860763357 ], [ 76.87848031097657, 12.099900976719812 ], [ 76.879677122706454, 12.104256367797097 ], [ 76.8773322076499, 12.10494903810978 ], [ 76.876708770333565, 12.115370152289088 ], [ 76.868084579354218, 12.117875455162652 ], [ 76.860594955257739, 12.115979338252105 ], [ 76.847667778229365, 12.117724315185159 ], [ 76.845228802076562, 12.113255942250577 ], [ 76.845424437528877, 12.11917133698879 ], [ 76.838290671584787, 12.123354316560174 ], [ 76.831375324653948, 12.132744393906215 ], [ 76.831088260681213, 12.135554018923278 ], [ 76.837452827655724, 12.141116968666868 ], [ 76.839214058925123, 12.145126463432021 ], [ 76.841062247671431, 12.14547875220045 ], [ 76.840875294061718, 12.156794746044149 ], [ 76.844421301834828, 12.156284838283554 ], [ 76.852097883186346, 12.158958086873447 ], [ 76.850904648742855, 12.163355307553152 ], [ 76.846311915007874, 12.164012029092847 ], [ 76.845486640134496, 12.168683967624036 ], [ 76.853368755069425, 12.170836093181212 ], [ 76.851258262334341, 12.179161533977457 ], [ 76.85604082701667, 12.180962818282122 ], [ 76.862473344788796, 12.180240075779295 ], [ 76.863371130789986, 12.176673387095907 ], [ 76.865507958451516, 12.176659381485836 ], [ 76.865482230060053, 12.174290763988424 ], [ 76.871299552311612, 12.173992178156295 ], [ 76.869385089943307, 12.16210227838873 ], [ 76.867661988725018, 12.161689939172346 ], [ 76.871092396625684, 12.151303635201009 ], [ 76.869870742544663, 12.148055398659956 ], [ 76.871250618092631, 12.140878231953705 ], [ 76.874730187677258, 12.138993855318857 ], [ 76.881821374021754, 12.129732341915302 ], [ 76.890596777730821, 12.131136392525155 ], [ 76.890429573778633, 12.121687510669313 ], [ 76.902998812228901, 12.123222617423407 ], [ 76.903031780028996, 12.116789010463446 ], [ 76.906771620304184, 12.113494012736474 ], [ 76.923801437795603, 12.11467853465367 ], [ 76.926019987518515, 12.109717439840049 ], [ 76.930274563778852, 12.109508975649486 ], [ 76.930281552022805, 12.107252530548815 ], [ 76.933256159554787, 12.107246629691431 ], [ 76.936668394007015, 12.101983214992671 ], [ 76.947792652913009, 12.09802931174643 ], [ 76.949764593168098, 12.099665994342381 ], [ 76.951958136966468, 12.099183069814703 ], [ 76.953990421102759, 12.102132751371862 ], [ 76.970793418542726, 12.112828317904137 ], [ 76.970732906182391, 12.116894380111736 ], [ 76.968621739072901, 12.116902023321488 ], [ 76.968893849405291, 12.122288153114143 ], [ 76.976177390842153, 12.12308757709409 ], [ 76.976366881589101, 12.134314741430689 ], [ 76.979567090952244, 12.134223256472289 ], [ 76.980392972780663, 12.136517403966149 ], [ 76.982268257102533, 12.136454993011098 ], [ 76.982333137863506, 12.138358379684467 ], [ 76.986618417321623, 12.138203637109189 ], [ 76.986841931386067, 12.141106643887403 ], [ 76.988881383638173, 12.140671636685093 ], [ 76.989459000060478, 12.154816762713249 ], [ 76.988133655203981, 12.162015874978113 ], [ 76.990739393484191, 12.162384054907367 ], [ 76.991688444826622, 12.170155881064037 ], [ 76.990071099154903, 12.170934220459362 ], [ 76.990282193258096, 12.173560766109087 ], [ 76.992656753278737, 12.176358426593044 ], [ 76.998608364144175, 12.177149669333273 ], [ 76.997219612478773, 12.166600562599431 ], [ 77.002782043829356, 12.165894854156289 ], [ 77.002912836013138, 12.160539788879014 ], [ 77.013980455558666, 12.162521233421689 ], [ 77.014153659111642, 12.156579065100823 ], [ 77.012308584775198, 12.156312178765189 ], [ 77.011319727214328, 12.153677692391126 ], [ 77.013287237929134, 12.151281092787666 ], [ 77.012239541679463, 12.13703842934799 ], [ 77.015576004121598, 12.136423966873442 ], [ 77.015795091440424, 12.133270308671364 ], [ 77.022320804847823, 12.134791131540215 ], [ 77.024209269510337, 12.137321466301046 ], [ 77.036926785079075, 12.138699225866661 ], [ 77.038644835774249, 12.136408486247817 ], [ 77.038753038313772, 12.129254171131148 ], [ 77.040769025327307, 12.128472340173499 ], [ 77.042914786593926, 12.1304584231414 ], [ 77.044218530321544, 12.135784911687114 ], [ 77.046018338636401, 12.135492878583811 ], [ 77.044392685104455, 12.141823293369027 ], [ 77.040250488968766, 12.138959960960509 ], [ 77.039320987164416, 12.143884111293305 ], [ 77.04028595269375, 12.152002275403612 ], [ 77.042449945257431, 12.152955153696178 ], [ 77.043541856405398, 12.157596392379428 ], [ 77.045513261274692, 12.159230160769487 ], [ 77.045697940955307, 12.161799971514673 ], [ 77.04382664462824, 12.162122014642483 ], [ 77.044083149945607, 12.169901665690432 ], [ 77.063614715440465, 12.171300214234108 ], [ 77.079701574762524, 12.18710936284914 ], [ 77.084175617505949, 12.189780942420711 ], [ 77.105993937244506, 12.189283697872336 ], [ 77.106133844901663, 12.187234402005204 ], [ 77.11398437758794, 12.192387490177635 ], [ 77.122892870396399, 12.194402861480917 ], [ 77.127068485455339, 12.20204601704862 ], [ 77.125519811764278, 12.202873627296997 ], [ 77.131817914086355, 12.206375880346599 ], [ 77.131552653255284, 12.21937778512736 ], [ 77.134691604713026, 12.224261393223504 ], [ 77.134551801326424, 12.229872288112279 ], [ 77.127191597252349, 12.235880945637524 ], [ 77.126256778200059, 12.243044260862604 ], [ 77.132352449004927, 12.247381424685221 ], [ 77.143752125278709, 12.247324207420384 ], [ 77.157280879251402, 12.255578361999982 ], [ 77.166997039301393, 12.255544499100843 ], [ 77.170081493358879, 12.264978867394912 ], [ 77.166581942909389, 12.274143315292761 ], [ 77.166512349985638, 12.280994669511257 ], [ 77.169728693921655, 12.285904503609228 ], [ 77.168439633197238, 12.294084261714408 ], [ 77.169820546884708, 12.299973508597441 ], [ 77.166190585456633, 12.308835101248775 ], [ 77.16708518561569, 12.310262671500704 ], [ 77.176753936411217, 12.308937918658176 ], [ 77.177923517852477, 12.307072069289042 ], [ 77.192122855200736, 12.305798612074518 ], [ 77.201227976992826, 12.307682209186513 ], [ 77.207949288931559, 12.306363524907564 ], [ 77.216328570190413, 12.307148210809988 ], [ 77.224029406235687, 12.30204132949336 ], [ 77.237676618731044, 12.308586202009854 ], [ 77.249387257385493, 12.305937949396425 ], [ 77.263986213970284, 12.312766944341519 ], [ 77.26973648388956, 12.312532061653091 ], [ 77.28950383721201, 12.302033522366189 ], [ 77.295339588198445, 12.301252704980937 ], [ 77.306041294979508, 12.296708322833172 ], [ 77.311892891199363, 12.298603817915406 ], [ 77.315035255872701, 12.303660911886 ], [ 77.319281395489853, 12.304700834900553 ], [ 77.319779425728512, 12.302185038897509 ], [ 77.32614315891928, 12.302726851495477 ], [ 77.335339469390632, 12.287836343071181 ], [ 77.344548473896012, 12.277579944238756 ], [ 77.355015026020027, 12.275703309297286 ], [ 77.358097640591723, 12.277364728850525 ], [ 77.405966590910452, 12.275838891661799 ], [ 77.418354421571095, 12.286339894129849 ], [ 77.42990728036979, 12.286656120526386 ], [ 77.446801154705838, 12.257989744483583 ], [ 77.448137176013873, 12.251889311427853 ], [ 77.452404140418665, 12.247476094854056 ], [ 77.460568284704578, 12.246566917616404 ], [ 77.472796057367859, 12.240656181310129 ], [ 77.474233607283281, 12.242627600213805 ], [ 77.478811010860184, 12.239577158653773 ], [ 77.482201513933205, 12.233443081148458 ], [ 77.482413350520403, 12.22858347708082 ], [ 77.471807756668966, 12.208101769548376 ], [ 77.475594635047742, 12.205711728421939 ], [ 77.48625495907325, 12.203763400849107 ], [ 77.492064223528089, 12.197890950316395 ], [ 77.518782285004619, 12.194587269922533 ], [ 77.528722073565504, 12.199214856583186 ], [ 77.535857284235661, 12.198590212573237 ], [ 77.540627980329717, 12.202726119620429 ], [ 77.546519216731681, 12.204862707561302 ], [ 77.565271081086976, 12.196387774448059 ], [ 77.569373515076961, 12.199946574261162 ], [ 77.574108487918195, 12.201111908921362 ], [ 77.580201537801173, 12.198411068446505 ], [ 77.595792241438403, 12.198965913956853 ], [ 77.605537191800863, 12.205817059916752 ], [ 77.611392671177128, 12.2063815826836 ], [ 77.618703188209736, 12.200801033420545 ], [ 77.622348461165444, 12.200304455317697 ], [ 77.629975203998399, 12.202441802268817 ], [ 77.637442209841851, 12.196956476430204 ], [ 77.655798019323896, 12.199665475163357 ], [ 77.665478707306519, 12.198313933345215 ], [ 77.697029696581936, 12.185343295846048 ], [ 77.711967292218347, 12.18235897563447 ], [ 77.726279741182339, 12.182218989335178 ], [ 77.733730505066703, 12.177907236855967 ], [ 77.735647208669505, 12.169540985503687 ], [ 77.74283664249289, 12.162853533317445 ], [ 77.746823451025307, 12.155820658883288 ], [ 77.747715966366812, 12.141245990939243 ], [ 77.756179036138121, 12.131450581548162 ], [ 77.773300560544911, 12.121168767237108 ], [ 77.775940193147406, 12.117977197854071 ], [ 77.77685250933078, 12.113542741385066 ], [ 77.772981974176005, 12.108325059565527 ], [ 77.767616029823031, 12.10668823777867 ], [ 77.754982906930508, 12.078602791193743 ], [ 77.742747427994431, 12.070126965391239 ], [ 77.727857316591269, 12.062744725131076 ], [ 77.717324940921628, 12.046228850858538 ], [ 77.708714477900585, 12.038333828925801 ], [ 77.70599604714161, 12.030330369102561 ], [ 77.695478466185378, 12.01405772045737 ], [ 77.675913538736154, 11.969121598284437 ], [ 77.673965029363444, 11.962438958623535 ], [ 77.67538530629173, 11.952149982183522 ], [ 77.668671423660015, 11.94936239583012 ], [ 77.658244012513961, 11.949928822751128 ], [ 77.655831342106154, 11.954031846225613 ], [ 77.65120792230681, 11.954847998116737 ], [ 77.648662595851533, 11.953821761128935 ], [ 77.646963279870334, 11.950684734712047 ], [ 77.639341812398925, 11.948313745012538 ], [ 77.628705563712558, 11.946698038116136 ], [ 77.623615861815466, 11.947514700282779 ], [ 77.61254539061926, 11.942778637461171 ], [ 77.606918198203161, 11.942265095556284 ], [ 77.603316473256641, 11.937967412820802 ], [ 77.591976307586179, 11.940446129870159 ], [ 77.585871672819891, 11.937118776574586 ], [ 77.575462917846238, 11.936721918722657 ], [ 77.560472400487029, 11.942160201720689 ], [ 77.542617137300525, 11.938450728375974 ], [ 77.537968544741545, 11.932670640974749 ], [ 77.528675519374062, 11.933927816159688 ], [ 77.518529386554476, 11.93833100968533 ], [ 77.512348392865718, 11.938037326560691 ], [ 77.504217154292419, 11.941515124238796 ], [ 77.500151337875479, 11.940242305819316 ], [ 77.494560916403771, 11.943953629396384 ], [ 77.492877310974876, 11.941786487069868 ], [ 77.491738252152544, 11.921442863264877 ], [ 77.488432160676425, 11.912252421735067 ], [ 77.490688709840029, 11.910366632805268 ], [ 77.490393505419974, 11.908555350041444 ], [ 77.483207277948992, 11.900055258889692 ], [ 77.485659851360438, 11.887875096032081 ], [ 77.481187215877611, 11.893621592003987 ], [ 77.479212391277116, 11.893497773005727 ], [ 77.478038142123964, 11.890913724631481 ], [ 77.476443117478212, 11.89144389009094 ], [ 77.473300246487341, 11.899881429078947 ], [ 77.462632700395972, 11.901163002294068 ], [ 77.461812697164049, 11.899125431804316 ] ] ] } },
{ "type": "Feature", "properties": { "DISTRICT": "Chikkaballapura" }, "geometry": { "type": "Polygon", "coordinates": [ [ [ 78.194037011382875, 13.564129956936076 ], [ 78.201261014915104, 13.563492870819672 ], [ 78.198224633472449, 13.554747651160202 ], [ 78.193970919021055, 13.548248517600545 ], [ 78.194435646833497, 13.546122422496808 ], [ 78.198504743447998, 13.54492780836652 ], [ 78.201458367663065, 13.540995918220638 ], [ 78.201416647889602, 13.532745001534252 ], [ 78.20455111062266, 13.527718821603635 ], [ 78.203293700366757, 13.523195011628408 ], [ 78.197524059935503, 13.520544498224547 ], [ 78.190905308355482, 13.521162456157477 ], [ 78.188282973308205, 13.513163299709989 ], [ 78.197996968217552, 13.512612272768569 ], [ 78.199846273608316, 13.508542557398901 ], [ 78.200404113003344, 13.482474233051013 ], [ 78.207514209105383, 13.478077417974074 ], [ 78.210063518969207, 13.47125368544377 ], [ 78.205589421732483, 13.464672323470035 ], [ 78.205636945430726, 13.458110362090622 ], [ 78.200888153146892, 13.449850678988193 ], [ 78.193761795312184, 13.448457363386693 ], [ 78.194359676830288, 13.44217923034285 ], [ 78.192615283781578, 13.438838534559956 ], [ 78.18747225310041, 13.434384328901782 ], [ 78.185127276132604, 13.434574331169017 ], [ 78.186987452712273, 13.433716687872328 ], [ 78.183112636069978, 13.434050329687928 ], [ 78.18149458185475, 13.420177548540353 ], [ 78.168633888287332, 13.413576030262487 ], [ 78.159947904760941, 13.414933831711799 ], [ 78.152222205005614, 13.408758767649093 ], [ 78.147037545939966, 13.409136969714185 ], [ 78.136164563048766, 13.405611464511495 ], [ 78.133698196378106, 13.396406071175953 ], [ 78.128421970041316, 13.386366445397258 ], [ 78.124434723914192, 13.385734104608886 ], [ 78.121985417822899, 13.375648808163852 ], [ 78.128002717971142, 13.374725580602858 ], [ 78.128987173535364, 13.37334123108262 ], [ 78.143699043965412, 13.377138744177476 ], [ 78.146736814051408, 13.373799504049423 ], [ 78.148754163239133, 13.367215212497975 ], [ 78.145233476918335, 13.361607097322556 ], [ 78.148720404611808, 13.361367154019351 ], [ 78.15014862169501, 13.355932216963858 ], [ 78.150249341863955, 13.350454374706008 ], [ 78.131403964588046, 13.35277176948702 ], [ 78.131221086000366, 13.340911376152032 ], [ 78.1351665586905, 13.332131386037382 ], [ 78.133935136606325, 13.332616577273885 ], [ 78.132532638167845, 13.328934657255397 ], [ 78.109645187999945, 13.323443325045771 ], [ 78.114207622210245, 13.317588799975605 ], [ 78.120436119254492, 13.315596821639932 ], [ 78.123167934570347, 13.308642277739253 ], [ 78.135802162128243, 13.305105537697655 ], [ 78.135099385156323, 13.300657397210465 ], [ 78.136611848071084, 13.299818430221476 ], [ 78.133520887817085, 13.287200851391221 ], [ 78.126043237395862, 13.291976280471484 ], [ 78.12255081156006, 13.291945871425304 ], [ 78.118797006247931, 13.297950800487058 ], [ 78.114913391047025, 13.300390449110218 ], [ 78.108402653661045, 13.303568888061635 ], [ 78.102540772971963, 13.303713824444348 ], [ 78.097387115014754, 13.308907016698077 ], [ 78.092046110487175, 13.309188403585757 ], [ 78.091842431863498, 13.31116691920383 ], [ 78.089881703512077, 13.308478316994606 ], [ 78.089597834675459, 13.303718985873997 ], [ 78.086763131984739, 13.302063626668748 ], [ 78.079589253242816, 13.302721909336572 ], [ 78.077872157586981, 13.300934025333573 ], [ 78.075081003581687, 13.302062788708851 ], [ 78.070878962066345, 13.300329124186304 ], [ 78.060190134262442, 13.301013559575004 ], [ 78.05863306490977, 13.293344168529787 ], [ 78.053728656035602, 13.294561634678578 ], [ 78.051824953087234, 13.293498822169235 ], [ 78.046987423292762, 13.279036092621613 ], [ 78.035727365288324, 13.280967206051399 ], [ 78.030599885135686, 13.284042875398885 ], [ 78.015084125689143, 13.282990950975003 ], [ 78.013727806820569, 13.285349681165028 ], [ 78.014717316024999, 13.289870675377124 ], [ 78.011373732206778, 13.290976448811678 ], [ 78.011849337625506, 13.300894003874024 ], [ 78.000947916409444, 13.305555088640221 ], [ 77.989192804685445, 13.304558275355481 ], [ 77.987962663268263, 13.300506611968038 ], [ 77.985239123321833, 13.300566094681168 ], [ 77.984168558165848, 13.286169812533894 ], [ 77.979455364580289, 13.286985341479497 ], [ 77.967411245558978, 13.28249540044802 ], [ 77.960927710712397, 13.284436677926736 ], [ 77.957484456209329, 13.281461951733002 ], [ 77.956994171029208, 13.278717814538426 ], [ 77.95718149968863, 13.276746565275388 ], [ 77.959188502259167, 13.275937768415599 ], [ 77.959421861604454, 13.269516938696812 ], [ 77.947085178060107, 13.269464465570588 ], [ 77.945473938061326, 13.271690908841773 ], [ 77.941981347503315, 13.267317362280949 ], [ 77.938317654902519, 13.267780177793178 ], [ 77.937217280843157, 13.264490417021692 ], [ 77.941255541602885, 13.260915523097703 ], [ 77.941999551447637, 13.257911828779381 ], [ 77.938236536324894, 13.251011822768076 ], [ 77.935206094744657, 13.250065359487897 ], [ 77.935425008755701, 13.24564619870787 ], [ 77.929496750217595, 13.238937953229813 ], [ 77.915008841734164, 13.239753133429282 ], [ 77.914202152503449, 13.231620344794681 ], [ 77.891558614513073, 13.235673166005345 ], [ 77.9023503159287, 13.242138528101499 ], [ 77.905102566045699, 13.245462870599075 ], [ 77.906194360701889, 13.252324703197008 ], [ 77.904812130436525, 13.254600512896356 ], [ 77.891328270372441, 13.257541673177853 ], [ 77.888164272226305, 13.250044968958552 ], [ 77.879771498380407, 13.252106052423317 ], [ 77.876998313843686, 13.246249820667629 ], [ 77.87327852313355, 13.244464375255076 ], [ 77.879898670651343, 13.239312507598385 ], [ 77.87676146548398, 13.234243708084589 ], [ 77.865093960386332, 13.23701532970521 ], [ 77.863189074245611, 13.240745870331216 ], [ 77.857758951483177, 13.227356973823744 ], [ 77.857938497005847, 13.221451087750939 ], [ 77.859563088151191, 13.219986499278297 ], [ 77.849968711964266, 13.218711541033098 ], [ 77.848542749781799, 13.220511618071132 ], [ 77.850112330930585, 13.24132243700236 ], [ 77.833942732504838, 13.244655945265027 ], [ 77.819749437332888, 13.251660179294984 ], [ 77.819059534013533, 13.247471141107431 ], [ 77.814011285579838, 13.238627014820656 ], [ 77.806258418046141, 13.2415377764775 ], [ 77.807883600953645, 13.246938442782636 ], [ 77.809385979143698, 13.247899673877185 ], [ 77.811332710869536, 13.246765411440386 ], [ 77.817200082923051, 13.255372700840001 ], [ 77.81900963582828, 13.254666827716637 ], [ 77.821841903452537, 13.25730213851716 ], [ 77.815262214812549, 13.26091420268704 ], [ 77.809293133577356, 13.262052243798088 ], [ 77.817031775528761, 13.296114428918115 ], [ 77.822816155787706, 13.2957541176243 ], [ 77.822214364869225, 13.291008403894891 ], [ 77.829141629300338, 13.289492823758671 ], [ 77.830133895775944, 13.298732576790229 ], [ 77.828304908280643, 13.299902672757042 ], [ 77.828602596675822, 13.303757153025195 ], [ 77.814539122018047, 13.30377281567625 ], [ 77.815125963914838, 13.309246431694532 ], [ 77.804551382735141, 13.311232308748439 ], [ 77.811031547544189, 13.316750179327611 ], [ 77.813630294120742, 13.31578203912064 ], [ 77.812170048289417, 13.312303874140458 ], [ 77.814630903920559, 13.309878477008414 ], [ 77.817454395639359, 13.310328636636354 ], [ 77.818909858115802, 13.313928947635331 ], [ 77.82216299904718, 13.312728945213067 ], [ 77.825403703976534, 13.315777657179659 ], [ 77.823940774815014, 13.318719119090503 ], [ 77.827285334431068, 13.324799142491829 ], [ 77.816311380703667, 13.331051887321681 ], [ 77.80900530978613, 13.333256126542841 ], [ 77.809917534380332, 13.336121742510748 ], [ 77.79846822725564, 13.33915283815854 ], [ 77.794504117507756, 13.341983629034019 ], [ 77.791048565074135, 13.345792077534774 ], [ 77.791137616042775, 13.35209277335915 ], [ 77.77991633510571, 13.352281035729522 ], [ 77.772826138499042, 13.354989093348316 ], [ 77.772225762535768, 13.357335364120944 ], [ 77.754506996761449, 13.36456519137821 ], [ 77.751302166510328, 13.363640203401978 ], [ 77.750884306289592, 13.360448979379395 ], [ 77.74849585719717, 13.358761197856774 ], [ 77.741921189174221, 13.360993052446469 ], [ 77.740883200625532, 13.359496665588129 ], [ 77.743903924603529, 13.357198744333674 ], [ 77.744659999631338, 13.353581915761769 ], [ 77.736989727274207, 13.360762429800868 ], [ 77.735504428370959, 13.360492063342354 ], [ 77.736021280536917, 13.358965079313863 ], [ 77.726159338354606, 13.36287574917281 ], [ 77.727597895374771, 13.361545409162131 ], [ 77.726268901206254, 13.361439236022436 ], [ 77.729774398344318, 13.360784880614327 ], [ 77.728047480539146, 13.351014942584438 ], [ 77.715868623860118, 13.351084374351133 ], [ 77.717729727066413, 13.352855915578235 ], [ 77.717648449483931, 13.363323766141738 ], [ 77.716058097816713, 13.365089017728739 ], [ 77.709066452077323, 13.365577787727551 ], [ 77.710372494288634, 13.363446905440544 ], [ 77.708618937993521, 13.363648086999163 ], [ 77.707774009226014, 13.361288801848039 ], [ 77.705481009095124, 13.361971677905185 ], [ 77.69876629395732, 13.358793616187691 ], [ 77.699144021395028, 13.347337825167655 ], [ 77.703569132492504, 13.345720015008983 ], [ 77.703670719175747, 13.343053161809543 ], [ 77.698911899928916, 13.336021677517756 ], [ 77.696640025411881, 13.336412102738633 ], [ 77.693266288498378, 13.342706749250038 ], [ 77.688943235812715, 13.344892507565906 ], [ 77.688060616445526, 13.34956047041471 ], [ 77.685069890311624, 13.350254412678398 ], [ 77.682965482331909, 13.352759962091877 ], [ 77.680169085501362, 13.344977275665782 ], [ 77.678267920228649, 13.345054089077948 ], [ 77.667387008055925, 13.347326279586277 ], [ 77.666995981492732, 13.35069439506284 ], [ 77.655262888187849, 13.357058969804736 ], [ 77.656827318048556, 13.36219809105426 ], [ 77.656227216469588, 13.371353939342844 ], [ 77.661176146619979, 13.375784426076795 ], [ 77.659002646459442, 13.382349677328904 ], [ 77.651044845307212, 13.386428469873737 ], [ 77.657507577284363, 13.392351945660034 ], [ 77.657578455049205, 13.397748653122514 ], [ 77.653311987880329, 13.398088547467983 ], [ 77.649914051027991, 13.392669322472933 ], [ 77.647348477686933, 13.391758060137079 ], [ 77.638249319732708, 13.393932883727413 ], [ 77.637561231749558, 13.384697559440861 ], [ 77.636049548839367, 13.385933761414806 ], [ 77.63279722734255, 13.375525987113114 ], [ 77.627096944379133, 13.376988593633927 ], [ 77.620910104660354, 13.375188426173587 ], [ 77.621875010734954, 13.380472783700569 ], [ 77.620811509963147, 13.382624580902458 ], [ 77.612408827292697, 13.385903409802248 ], [ 77.6175521928661, 13.393706503511043 ], [ 77.620397487110111, 13.402539184055245 ], [ 77.619227107923649, 13.400894147315107 ], [ 77.615935996670302, 13.400908116609749 ], [ 77.608523100490729, 13.40563201918428 ], [ 77.607561074350386, 13.407893585635501 ], [ 77.608056164391954, 13.400280844893318 ], [ 77.606676755972103, 13.398035538334021 ], [ 77.603356512242925, 13.397465198407088 ], [ 77.601707635510834, 13.398972668733503 ], [ 77.601168348758463, 13.404753158493735 ], [ 77.598863698335833, 13.406417975143983 ], [ 77.601375805060883, 13.411243865856967 ], [ 77.598938815895508, 13.411062140020835 ], [ 77.599867760422867, 13.41474654987195 ], [ 77.605787912708422, 13.416037368821836 ], [ 77.608879078926066, 13.414569000805477 ], [ 77.615913603798376, 13.419108152732012 ], [ 77.607938922708854, 13.42383671843854 ], [ 77.604048316095813, 13.441198687013161 ], [ 77.601933865726238, 13.441952436186904 ], [ 77.599048118587746, 13.436312320556604 ], [ 77.589249773008902, 13.43622838148643 ], [ 77.59045995660027, 13.421469347686621 ], [ 77.592889252983355, 13.421864966568982 ], [ 77.592393194303085, 13.418545158262072 ], [ 77.588566305534457, 13.418478222171979 ], [ 77.586706564969006, 13.421617204688438 ], [ 77.550805360352854, 13.418356647185284 ], [ 77.551541277983119, 13.42227457709002 ], [ 77.549838416591498, 13.430578607244836 ], [ 77.550867201990528, 13.434650979196473 ], [ 77.544635593985703, 13.436903418222037 ], [ 77.538183783963262, 13.435948131721023 ], [ 77.535603858512701, 13.430542278808383 ], [ 77.520784538727483, 13.431881827312136 ], [ 77.516091018566925, 13.439802798743058 ], [ 77.516404698137308, 13.443469398898401 ], [ 77.504397769155489, 13.445098325091722 ], [ 77.506462590650258, 13.456285332747541 ], [ 77.49369181481768, 13.458514222217456 ], [ 77.488192414490612, 13.461557767385003 ], [ 77.483968858751481, 13.467026741398318 ], [ 77.47706204464059, 13.466314870278298 ], [ 77.471834645421154, 13.469194040220833 ], [ 77.461616995266169, 13.462830633255578 ], [ 77.456926358244274, 13.468846163617421 ], [ 77.454892573498412, 13.46856318612487 ], [ 77.455044111326956, 13.463993113583054 ], [ 77.454537399480202, 13.465767472331086 ], [ 77.451180605801383, 13.465297321186885 ], [ 77.448386745839429, 13.462363940995141 ], [ 77.443583334206309, 13.461312449173423 ], [ 77.436250118663096, 13.463017016669713 ], [ 77.434168376010774, 13.464094668765036 ], [ 77.434795812068572, 13.468515658431993 ], [ 77.4229148582709, 13.471459991662053 ], [ 77.426264947423135, 13.482175504603578 ], [ 77.42422463047113, 13.483837043685019 ], [ 77.416739560658399, 13.484299927900546 ], [ 77.415926683951568, 13.491014742652084 ], [ 77.407783303390005, 13.495854136807271 ], [ 77.399604433447038, 13.493001815957435 ], [ 77.384057364244384, 13.499266845713864 ], [ 77.382601275393512, 13.500947491451575 ], [ 77.381665169028679, 13.514716047646726 ], [ 77.387143264246532, 13.518643036443043 ], [ 77.390613491293223, 13.519028123480224 ], [ 77.391688202333853, 13.528764115509789 ], [ 77.390553031617742, 13.536255418936948 ], [ 77.382824439831097, 13.536784849961521 ], [ 77.379707496340572, 13.548004768486026 ], [ 77.379666948065008, 13.550087419127422 ], [ 77.383292276850426, 13.549067129289854 ], [ 77.384554607457886, 13.551415492434902 ], [ 77.382991721449528, 13.574967181324872 ], [ 77.37948023576466, 13.577976891129719 ], [ 77.374401955840113, 13.589851786649254 ], [ 77.369757975825706, 13.588474406655221 ], [ 77.36365602299081, 13.590149567104618 ], [ 77.364766069551806, 13.601891592525535 ], [ 77.362777266396449, 13.602202217257069 ], [ 77.360215299348141, 13.613100441409939 ], [ 77.362221847581139, 13.62488107640122 ], [ 77.369580731409513, 13.633758532068425 ], [ 77.366911455365781, 13.636164845665462 ], [ 77.368715838216076, 13.641051846190738 ], [ 77.374455120266376, 13.64174052399529 ], [ 77.378401779446236, 13.645089836061436 ], [ 77.37679503010628, 13.649710853771746 ], [ 77.384160015933091, 13.661544221898584 ], [ 77.394503287139599, 13.665541307484382 ], [ 77.397169492944201, 13.67453682144018 ], [ 77.403493180405647, 13.67627172718289 ], [ 77.42437468044551, 13.675303396267028 ], [ 77.435479593997528, 13.673245945669272 ], [ 77.437096586063063, 13.684116598134219 ], [ 77.453339639587469, 13.682186421008534 ], [ 77.472325947717835, 13.686273491394262 ], [ 77.488332478517648, 13.686770805980142 ], [ 77.488588233776909, 13.689717235558687 ], [ 77.491129799320532, 13.6903964775153 ], [ 77.487752235802219, 13.697698579861033 ], [ 77.488260255521212, 13.704499771767788 ], [ 77.485884428590282, 13.707218632357845 ], [ 77.48594617433298, 13.711129127047871 ], [ 77.483191389205686, 13.712379988139416 ], [ 77.483479535168826, 13.715692329191286 ], [ 77.514483821526724, 13.712940256930219 ], [ 77.511896662300032, 13.697246787765929 ], [ 77.519519519916827, 13.696440427164367 ], [ 77.521401150669675, 13.690491577148647 ], [ 77.528807841534075, 13.693120831830566 ], [ 77.53398952455035, 13.706909844966923 ], [ 77.536402083591938, 13.73071447323956 ], [ 77.52801913805358, 13.740493016716217 ], [ 77.522075376320998, 13.744673264637425 ], [ 77.525055331745421, 13.753304625145999 ], [ 77.541987560650938, 13.756104120370487 ], [ 77.544506470465649, 13.754781622771869 ], [ 77.549115441722151, 13.748969726499343 ], [ 77.549101414540104, 13.741055076652483 ], [ 77.553712814466564, 13.735808926533638 ], [ 77.560432347199722, 13.72228775660669 ], [ 77.564847901501921, 13.726344629587352 ], [ 77.571302829560594, 13.738350857231566 ], [ 77.576074656654527, 13.738458656039318 ], [ 77.580688631056873, 13.734134867481114 ], [ 77.58677583785861, 13.733578157062027 ], [ 77.595972176271033, 13.748324544355212 ], [ 77.600092070898768, 13.751045060998413 ], [ 77.613393557589475, 13.752005750214153 ], [ 77.623584481910328, 13.736155333721305 ], [ 77.6275232702301, 13.734663675464967 ], [ 77.630966280169829, 13.736114923213162 ], [ 77.632202501644315, 13.738985372451854 ], [ 77.641659306304419, 13.74234740256275 ], [ 77.64200665166365, 13.748292285803295 ], [ 77.634242066019112, 13.750342832057528 ], [ 77.630277677266633, 13.753952575145595 ], [ 77.625036160911662, 13.753187267361247 ], [ 77.618462785922219, 13.755025776110518 ], [ 77.617244181447433, 13.761837383240174 ], [ 77.620504658463915, 13.768139015613562 ], [ 77.646858392817236, 13.778927693279126 ], [ 77.65164613616048, 13.783896755524719 ], [ 77.660337329302209, 13.785168199523033 ], [ 77.66876485217999, 13.783846574026873 ], [ 77.679649853553528, 13.787126140554468 ], [ 77.680784505494771, 13.778857526683737 ], [ 77.678394913094436, 13.768518651769156 ], [ 77.674382383900749, 13.762450324324709 ], [ 77.671091559523319, 13.760654477265156 ], [ 77.679142432434588, 13.76222935442094 ], [ 77.703022132199905, 13.77297497472984 ], [ 77.703117597723733, 13.764188790158682 ], [ 77.708685063931938, 13.740750077250087 ], [ 77.717362179329342, 13.740870718245569 ], [ 77.718115891439382, 13.751090042130944 ], [ 77.719897345817444, 13.751913754717298 ], [ 77.719158115638422, 13.755125454027377 ], [ 77.720502411341755, 13.756928716699496 ], [ 77.719681457023043, 13.765005193566115 ], [ 77.721824392905546, 13.767737355401566 ], [ 77.718439202064346, 13.782828228785446 ], [ 77.719242261766112, 13.78805727180624 ], [ 77.722106941089962, 13.789459877221526 ], [ 77.719111464584714, 13.800555891441372 ], [ 77.72503712756702, 13.800809950120618 ], [ 77.729090232912498, 13.802749697133981 ], [ 77.735000280619047, 13.810193717039988 ], [ 77.740849045381381, 13.812377744001248 ], [ 77.744841159776755, 13.810472540408357 ], [ 77.744790471773086, 13.812408971768484 ], [ 77.741302720643048, 13.814001875585827 ], [ 77.741963027868678, 13.814782742582139 ], [ 77.74646113900917, 13.8135852542077 ], [ 77.745291071483607, 13.809636659020335 ], [ 77.746786425513875, 13.809478744988796 ], [ 77.764093381760134, 13.817094891098757 ], [ 77.782430775927892, 13.817833038836893 ], [ 77.787254244708549, 13.820497274361207 ], [ 77.789087370999368, 13.821749521295406 ], [ 77.789050832206286, 13.829276956182857 ], [ 77.784463455434036, 13.833511228148431 ], [ 77.782263152139777, 13.843887164115811 ], [ 77.791370847830024, 13.848380669297478 ], [ 77.794283067426377, 13.847675663834597 ], [ 77.798981187319526, 13.849201896332328 ], [ 77.81233860269559, 13.847501563478149 ], [ 77.81813131789157, 13.856039581687059 ], [ 77.819600717394536, 13.862726686006615 ], [ 77.828796188243771, 13.86415956186236 ], [ 77.836609736445652, 13.869628706870943 ], [ 77.826742012952693, 13.874158091362887 ], [ 77.826576034813414, 13.875617083908596 ], [ 77.835384109564998, 13.880887965389775 ], [ 77.831014291393132, 13.897666660713178 ], [ 77.819810905601571, 13.901221589029255 ], [ 77.816025363248627, 13.904242952531346 ], [ 77.816869765588933, 13.912074619595531 ], [ 77.813318972721802, 13.918343199760876 ], [ 77.815319876100233, 13.932990266521488 ], [ 77.825454131750647, 13.944811896210972 ], [ 77.836289135152356, 13.936237924389891 ], [ 77.845914968998812, 13.935543611084263 ], [ 77.856650046022338, 13.937725696562163 ], [ 77.865040916829813, 13.936212411833738 ], [ 77.895688646023899, 13.944224361504691 ], [ 77.898322813220048, 13.935305042269606 ], [ 77.896112992805215, 13.920930772417536 ], [ 77.899637968416826, 13.916636614691974 ], [ 77.905166917510044, 13.91576599913369 ], [ 77.911025111280622, 13.909968765541022 ], [ 77.917180733385848, 13.90925848892638 ], [ 77.921691758157095, 13.906305957822758 ], [ 77.926612520843548, 13.90540762890968 ], [ 77.938678941627316, 13.920701158102274 ], [ 77.947617181125295, 13.937008845076447 ], [ 77.956598109227045, 13.939566375584553 ], [ 77.956698064071304, 13.937994642089897 ], [ 77.959520721167081, 13.937793785924358 ], [ 77.961100642628963, 13.94157498459553 ], [ 77.962023217741816, 13.955444038362865 ], [ 77.968038054614013, 13.959870134446536 ], [ 77.979988614355818, 13.958577679458859 ], [ 77.987488075185013, 13.955746972647265 ], [ 77.984923192893703, 13.949643709084247 ], [ 77.98101468202205, 13.929296109484786 ], [ 77.981319567323396, 13.927359526680549 ], [ 77.984685390984794, 13.925091606120597 ], [ 77.984743826303955, 13.908125296398032 ], [ 77.982849154829736, 13.903573658555706 ], [ 77.985720735123479, 13.90163172846051 ], [ 77.982907255477457, 13.895723078953186 ], [ 77.955795022148237, 13.890911313816257 ], [ 77.949588686389419, 13.886865436894299 ], [ 77.948978523084406, 13.87536863612414 ], [ 77.953692152823876, 13.854308184085141 ], [ 77.95368809015126, 13.836730780944666 ], [ 77.955925897161549, 13.836325940787843 ], [ 77.955758439781533, 13.829980412073917 ], [ 77.951721769432595, 13.828487178730153 ], [ 77.952329816639306, 13.826877198227532 ], [ 77.9602225535766, 13.829329745781875 ], [ 77.970759202780854, 13.82851943404804 ], [ 77.976446831246193, 13.830001480487564 ], [ 77.978354089590241, 13.837553208661733 ], [ 77.983820271698235, 13.848568558489678 ], [ 77.987666530095709, 13.853848815633386 ], [ 77.988936057964182, 13.853661120703473 ], [ 77.989202338360442, 13.861375265533749 ], [ 77.991106297833383, 13.862854705513282 ], [ 77.99260650077143, 13.868247400570379 ], [ 77.998777908979221, 13.869111760013164 ], [ 78.000220676010557, 13.872927834978702 ], [ 78.012863325374269, 13.871294118483343 ], [ 78.015694049888452, 13.865939418227507 ], [ 78.020477178593083, 13.863946775586733 ], [ 78.031948287899596, 13.864246668821792 ], [ 78.040948020893893, 13.860222674308615 ], [ 78.046389076932201, 13.862040283683504 ], [ 78.046719864285038, 13.866727261857827 ], [ 78.049848430213416, 13.87069262333649 ], [ 78.051364220384812, 13.881774383907777 ], [ 78.048725530511021, 13.896214359182515 ], [ 78.060802864027693, 13.892195589079128 ], [ 78.062454786006256, 13.890543100845006 ], [ 78.062010340233869, 13.88794524181651 ], [ 78.072548143176519, 13.884935389242367 ], [ 78.078746892525658, 13.881342453471115 ], [ 78.082325790857936, 13.861753386980249 ], [ 78.09364764474833, 13.864797562914546 ], [ 78.099835319873065, 13.862112999225426 ], [ 78.115520239018139, 13.862674620946047 ], [ 78.117183305497392, 13.852018264560082 ], [ 78.122015355177254, 13.844264837490032 ], [ 78.125078252761256, 13.830445005158342 ], [ 78.115232589476278, 13.813420883745994 ], [ 78.113829167072026, 13.80755162501702 ], [ 78.122885002987005, 13.79919632679359 ], [ 78.125782845571891, 13.786053823940524 ], [ 78.121214127512545, 13.780476995116175 ], [ 78.117858595331668, 13.769306612591185 ], [ 78.112251148614249, 13.763284798806595 ], [ 78.100109463122351, 13.758695910310522 ], [ 78.092214989081839, 13.742156282235534 ], [ 78.098481683832318, 13.738065065897523 ], [ 78.104610680630245, 13.736424791310828 ], [ 78.110406239973997, 13.726242023081877 ], [ 78.115403900178777, 13.722987556253686 ], [ 78.120592445896989, 13.714967897078598 ], [ 78.114685961318372, 13.703406023858021 ], [ 78.11311253156525, 13.692730346118834 ], [ 78.092840580360317, 13.691230387408959 ], [ 78.092186511572763, 13.692509578814608 ], [ 78.085803361270848, 13.692058420626051 ], [ 78.075902371000126, 13.698463035785513 ], [ 78.069702907580009, 13.697554167203613 ], [ 78.069299920746275, 13.691129882339249 ], [ 78.07092811116452, 13.68855502121551 ], [ 78.073413981640584, 13.68799508003965 ], [ 78.070796461371032, 13.682076093413915 ], [ 78.065712677128218, 13.676723734996454 ], [ 78.076478625183455, 13.673318808250112 ], [ 78.077100040068231, 13.667981668716692 ], [ 78.08951216269142, 13.659481198646786 ], [ 78.087303826440291, 13.652428082983858 ], [ 78.087087427346177, 13.643583493142293 ], [ 78.098578662646915, 13.642998962713781 ], [ 78.102261825223508, 13.651664187597245 ], [ 78.108000912463027, 13.653006643859303 ], [ 78.113853574480814, 13.657611753675106 ], [ 78.12518232617262, 13.655863288813322 ], [ 78.133277884471923, 13.660137338456392 ], [ 78.147682675886827, 13.656792435911438 ], [ 78.155654544396555, 13.657951110118141 ], [ 78.167501851912775, 13.655619522101917 ], [ 78.168818554468302, 13.654107820779409 ], [ 78.167382699402424, 13.643075539097685 ], [ 78.168786158787583, 13.64111316518817 ], [ 78.167630029335143, 13.637598908046733 ], [ 78.16858558091478, 13.633437807788452 ], [ 78.167230364655452, 13.632590287717097 ], [ 78.177157460351964, 13.630153499290177 ], [ 78.203953590768307, 13.628506933855819 ], [ 78.201741188234919, 13.620087600163631 ], [ 78.203672900516025, 13.617557980149558 ], [ 78.203503645790775, 13.606305002159118 ], [ 78.201458779925787, 13.60199700111248 ], [ 78.190018533763705, 13.589941308351381 ], [ 78.190661103406484, 13.583727265405768 ], [ 78.188770752339863, 13.573650847500446 ], [ 78.194037011382875, 13.564129956936076 ] ] ] } },
{ "type": "Feature", "properties": { "DISTRICT": "Chikkamagaluru" }, "geometry": { "type": "Polygon", "coordinates": [ [ [ 76.292991649914697, 13.593996494847929 ], [ 76.292156653370185, 13.592424283328784 ], [ 76.293836301688941, 13.591484249678748 ], [ 76.292427949650403, 13.590407239843643 ], [ 76.304288052932577, 13.58890063217858 ], [ 76.306557826862615, 13.591287840809509 ], [ 76.3332022585397, 13.595738157393733 ], [ 76.339905231944542, 13.578414762362899 ], [ 76.342036308387264, 13.576246706069226 ], [ 76.347099365169868, 13.576294803062737 ], [ 76.352848249788238, 13.579695319844012 ], [ 76.359290537470599, 13.556425516687076 ], [ 76.364016316342756, 13.547217553511317 ], [ 76.366405639483162, 13.548287472160863 ], [ 76.364114157765115, 13.545390685213913 ], [ 76.362491838932186, 13.530352729796325 ], [ 76.353239488054498, 13.526946332129279 ], [ 76.352145263228834, 13.525230249154289 ], [ 76.349102417686936, 13.525365530959167 ], [ 76.348132563815369, 13.518131645597082 ], [ 76.345074105318631, 13.513740226330768 ], [ 76.343047496250435, 13.513419862344014 ], [ 76.330348461034831, 13.521427503082453 ], [ 76.323432714043662, 13.530693980727698 ], [ 76.321313338300413, 13.537212377514084 ], [ 76.318239288130698, 13.536389929782876 ], [ 76.317584462425657, 13.539210077877955 ], [ 76.315883192507357, 13.531932680892574 ], [ 76.310951268006889, 13.529323380212942 ], [ 76.312049593446517, 13.52544509348318 ], [ 76.306792828791956, 13.525800503248567 ], [ 76.306791088098208, 13.524459980880861 ], [ 76.303455196226551, 13.524463602473039 ], [ 76.30071425617129, 13.521738231881267 ], [ 76.296462056555214, 13.524896301988283 ], [ 76.295526943364521, 13.527580760017358 ], [ 76.293724532023631, 13.527184436533817 ], [ 76.29117783729815, 13.507400542545206 ], [ 76.292532527858228, 13.504682282547247 ], [ 76.268790112011857, 13.506498628921642 ], [ 76.262320539494766, 13.505320246236431 ], [ 76.260968389740285, 13.511558797874976 ], [ 76.233554001966468, 13.507017536600975 ], [ 76.238148702901597, 13.495427383023291 ], [ 76.229532198365291, 13.484704599094703 ], [ 76.234389695399187, 13.480405097709005 ], [ 76.231407894503775, 13.468326662299944 ], [ 76.210957329720102, 13.467770018686203 ], [ 76.198106868262869, 13.469327305379728 ], [ 76.199868199273766, 13.460959946145437 ], [ 76.199679357094681, 13.451265029537094 ], [ 76.19382144214633, 13.450193453416178 ], [ 76.193487267358634, 13.451755497801933 ], [ 76.187089049483035, 13.452386107383985 ], [ 76.192440539976147, 13.460796104250724 ], [ 76.19403236973298, 13.468757787211981 ], [ 76.162026977601798, 13.469589811434147 ], [ 76.15836787504368, 13.459815211884219 ], [ 76.151414543978319, 13.457963264148349 ], [ 76.146829979061536, 13.448220227722333 ], [ 76.138255101035796, 13.442984448022203 ], [ 76.136165687684027, 13.444273774971222 ], [ 76.140077111724651, 13.436026575821792 ], [ 76.139046587545266, 13.427000401642717 ], [ 76.141158191415357, 13.420522890984747 ], [ 76.139497208988374, 13.41983254670863 ], [ 76.138748321192423, 13.416352330024411 ], [ 76.138580810956825, 13.41266094892706 ], [ 76.140812328388606, 13.40954387759624 ], [ 76.139403924929212, 13.406569315333515 ], [ 76.129539353646706, 13.404007080728796 ], [ 76.129534699936613, 13.400108401196023 ], [ 76.123580815151712, 13.401538251539305 ], [ 76.111183074540151, 13.400548272238149 ], [ 76.110595946544393, 13.396189879495441 ], [ 76.098496151773134, 13.391524661982142 ], [ 76.098509805050185, 13.393769072750381 ], [ 76.089099269008528, 13.392443993150643 ], [ 76.087139862917383, 13.375931609600485 ], [ 76.089085516330954, 13.371665796133653 ], [ 76.08181041618667, 13.371746948550184 ], [ 76.078068475765406, 13.374401689376 ], [ 76.056111800948941, 13.381611257936211 ], [ 76.041656250316763, 13.374203442369458 ], [ 76.038957657228849, 13.367749494598218 ], [ 76.041948165761511, 13.365210615362324 ], [ 76.032223627406097, 13.345965307981036 ], [ 76.029003924589702, 13.345451229606871 ], [ 76.03451020806871, 13.337307344609055 ], [ 76.032919576520939, 13.336580079230989 ], [ 76.034346480327997, 13.332982078051149 ], [ 76.032069048408459, 13.321344281752928 ], [ 76.036720184329596, 13.320131630891698 ], [ 76.033676083140492, 13.313491700613646 ], [ 76.033233649097113, 13.301683758221133 ], [ 76.037338671646069, 13.300325464491282 ], [ 76.037144308331378, 13.294824314993857 ], [ 76.039461207702885, 13.293879826844668 ], [ 76.040081000635254, 13.283281272162629 ], [ 76.043132986922672, 13.275633047916729 ], [ 76.040552531733113, 13.267742410017409 ], [ 76.042132957185387, 13.266082067570458 ], [ 76.038832796496735, 13.266447035310639 ], [ 76.040622783990429, 13.264041560812025 ], [ 76.036687684334154, 13.249518413995439 ], [ 76.021156952553426, 13.251794078597859 ], [ 76.017870180856448, 13.250030788742315 ], [ 76.01754481513548, 13.257709341735449 ], [ 76.014780001259226, 13.261558287944363 ], [ 75.990137489116265, 13.259908856745264 ], [ 75.988572315669558, 13.26447032579626 ], [ 75.984830920793641, 13.26504892019682 ], [ 75.984485897937006, 13.263807626326434 ], [ 75.984226329741858, 13.265613787931317 ], [ 75.9855834743054, 13.266240384116815 ], [ 75.984483371978342, 13.266643424340177 ], [ 75.97172163964963, 13.262119937637626 ], [ 75.94117846997645, 13.258590475798545 ], [ 75.93741884337858, 13.256212504222251 ], [ 75.919594904981736, 13.256991145948817 ], [ 75.91531775641198, 13.261758491652722 ], [ 75.912045860544325, 13.260351885733792 ], [ 75.910172444558683, 13.261150687255819 ], [ 75.90482120517602, 13.257877580100113 ], [ 75.900167892891716, 13.266116606254526 ], [ 75.881840024276528, 13.259940816796636 ], [ 75.87743849832853, 13.260650530519259 ], [ 75.875228787172389, 13.252533942273381 ], [ 75.871045607162358, 13.246498052054974 ], [ 75.861617959297448, 13.240196249452529 ], [ 75.860858778568925, 13.241028349634545 ], [ 75.863031685021042, 13.242708176613704 ], [ 75.859877262097527, 13.244230817764659 ], [ 75.860323890924533, 13.253612953383255 ], [ 75.855595561776767, 13.253854188373998 ], [ 75.855341934727392, 13.255820673976338 ], [ 75.857662699919246, 13.256889200396671 ], [ 75.856945436298403, 13.258368436965542 ], [ 75.851671790611192, 13.258550450628475 ], [ 75.851649107905914, 13.257133327676074 ], [ 75.847407060183357, 13.256557410710601 ], [ 75.840274196206764, 13.251348899777106 ], [ 75.835813938671578, 13.252197325923985 ], [ 75.830820038356038, 13.257438126108203 ], [ 75.824863650748384, 13.252948472573266 ], [ 75.818338785628043, 13.25773778901069 ], [ 75.818454896991426, 13.259325459783811 ], [ 75.813631956198975, 13.258464488562279 ], [ 75.813412166962252, 13.260860378575323 ], [ 75.807353164402443, 13.258853206743499 ], [ 75.809430502387244, 13.254735599296803 ], [ 75.80764170886161, 13.246896217071365 ], [ 75.812986574492356, 13.230736787383234 ], [ 75.80962147044059, 13.230749506546498 ], [ 75.809909374403261, 13.221789983509504 ], [ 75.805587370370944, 13.215627124429286 ], [ 75.799113785716273, 13.216169718818035 ], [ 75.793741535782658, 13.213689823861696 ], [ 75.789549399023571, 13.214345889513716 ], [ 75.779199875402099, 13.209951053286961 ], [ 75.77529522497386, 13.216602850718402 ], [ 75.772897698041731, 13.212948699553904 ], [ 75.770075951942744, 13.213999956938085 ], [ 75.766431673352827, 13.211987716641675 ], [ 75.761822939604002, 13.217556904101263 ], [ 75.75854748081538, 13.218072910212879 ], [ 75.752484770914762, 13.212312045610341 ], [ 75.750209938419644, 13.206213491736737 ], [ 75.748644377531093, 13.205275496103086 ], [ 75.747433008460575, 13.20683730265231 ], [ 75.743198685836546, 13.207408479400833 ], [ 75.734892848767416, 13.194922275853163 ], [ 75.732608966303005, 13.186658259833605 ], [ 75.727833102926411, 13.183281167930328 ], [ 75.730895462471025, 13.170385104847069 ], [ 75.73037071497302, 13.163569945790778 ], [ 75.734582418856789, 13.159941092711776 ], [ 75.735850641285239, 13.153525698588782 ], [ 75.740324020382729, 13.148584288764058 ], [ 75.74443319448541, 13.150465809358085 ], [ 75.7494291037209, 13.145495753715892 ], [ 75.751251335089407, 13.14610182260081 ], [ 75.753796520303226, 13.137214526102763 ], [ 75.750518416225475, 13.135736692888177 ], [ 75.752174137135995, 13.135279928947613 ], [ 75.751882035485423, 13.133360901138078 ], [ 75.748529811999688, 13.130353658687572 ], [ 75.73610992299956, 13.122322017399529 ], [ 75.737881136510723, 13.114928138828239 ], [ 75.739260405339039, 13.115364769181744 ], [ 75.740465753348246, 13.11347459125686 ], [ 75.73903014401175, 13.110482254064458 ], [ 75.736078912421021, 13.110672590931554 ], [ 75.727948989605693, 13.104902251356336 ], [ 75.726700868236762, 13.095903288266461 ], [ 75.735115261769323, 13.086144746005997 ], [ 75.742581112700961, 13.071097536532886 ], [ 75.740554629189504, 13.059623068115981 ], [ 75.741970024576688, 13.054358776583872 ], [ 75.739290839928927, 13.050185548388251 ], [ 75.742027306688442, 13.041495566516581 ], [ 75.740731905945779, 13.041560717391713 ], [ 75.740007219707806, 13.03652668218087 ], [ 75.740519750040434, 13.029845596698072 ], [ 75.727626087406833, 13.023803740475371 ], [ 75.724755524039793, 13.025296236276862 ], [ 75.723524390093331, 13.028228922688976 ], [ 75.725495766595898, 13.031792586958682 ], [ 75.72520504577939, 13.032079191552505 ], [ 75.716919151447712, 13.03091153585426 ], [ 75.710171700886349, 13.03705514104019 ], [ 75.701549356351507, 13.035603184012862 ], [ 75.696791943815825, 13.036933494202001 ], [ 75.695933592904439, 13.046054048815019 ], [ 75.69032122222265, 13.043964248432072 ], [ 75.688072663705469, 13.036816238011529 ], [ 75.690329794812939, 13.033302580245451 ], [ 75.686625355170989, 13.032506391731433 ], [ 75.683768511867896, 13.035952245632341 ], [ 75.682124417519319, 13.033641671379931 ], [ 75.682776584474297, 13.031227766399461 ], [ 75.681142771378745, 13.030287705254811 ], [ 75.678689061273502, 13.031792110955715 ], [ 75.673853583666684, 13.029769566298439 ], [ 75.675016814559939, 13.025653086312346 ], [ 75.674042024498732, 13.024599964312626 ], [ 75.672986092176401, 13.029740170125526 ], [ 75.667179552097465, 13.030003992353691 ], [ 75.666099821486185, 13.031365655391546 ], [ 75.661362503701142, 13.026315454875084 ], [ 75.658049865049719, 13.025165958439713 ], [ 75.656189513707105, 13.02927851947784 ], [ 75.649897716089058, 13.026310224164165 ], [ 75.647594596294084, 13.027330236760182 ], [ 75.646030281758087, 13.032136580916832 ], [ 75.642947068294177, 13.031584424261426 ], [ 75.64355802473365, 13.02722631916795 ], [ 75.639965081160668, 13.024838012448171 ], [ 75.640580633812959, 13.019403312365975 ], [ 75.638381383367076, 13.018109650477063 ], [ 75.638895719929423, 13.01338760484467 ], [ 75.637564477763505, 13.011028970182215 ], [ 75.631451779688888, 13.011262936352859 ], [ 75.624542500918196, 13.002272960962532 ], [ 75.619451846880764, 12.991176050291461 ], [ 75.6090360468841, 12.980616676229403 ], [ 75.601949592025733, 12.964317760583477 ], [ 75.602558737266023, 12.957581630667217 ], [ 75.594814195733207, 12.944193605231288 ], [ 75.583456454471261, 12.940389511317271 ], [ 75.571702063204313, 12.931923202757311 ], [ 75.557294658287674, 12.913238910002105 ], [ 75.549443832741574, 12.907945671381066 ], [ 75.552995606970612, 12.913538102658066 ], [ 75.552081232670361, 12.935727279950733 ], [ 75.553490126142549, 12.942672186292935 ], [ 75.551614786836808, 12.945766075003156 ], [ 75.553390929589696, 12.950191093846176 ], [ 75.546931881822545, 12.955806830425344 ], [ 75.536555294808323, 12.959971787861466 ], [ 75.533056948877004, 12.959856203806568 ], [ 75.53292463073889, 12.962081348220815 ], [ 75.528130080429719, 12.965196656509601 ], [ 75.5264170268063, 12.969288016364541 ], [ 75.523738480344747, 12.970409495199162 ], [ 75.521331400904572, 12.968185819193907 ], [ 75.517265120782966, 12.96999524995001 ], [ 75.509630130616273, 12.980512409925185 ], [ 75.501838493292453, 12.981108329129329 ], [ 75.520665526954843, 12.985728394151668 ], [ 75.522308783777419, 12.991017540083902 ], [ 75.527358947798561, 12.996398021402689 ], [ 75.52450133087163, 13.002045749724438 ], [ 75.530020518876555, 13.001977076254947 ], [ 75.5325647187003, 13.009140736218605 ], [ 75.529945775790992, 13.015982895090051 ], [ 75.529232467598959, 13.025042762219174 ], [ 75.520681039076052, 13.027340061045525 ], [ 75.520146842417063, 13.030449809042246 ], [ 75.526280141966879, 13.038080134488961 ], [ 75.527023974222345, 13.049370709638673 ], [ 75.514886806825658, 13.054734603998874 ], [ 75.519531599060301, 13.058550694691244 ], [ 75.518716368759542, 13.060708999591787 ], [ 75.507761643110527, 13.069215973598022 ], [ 75.491704003829668, 13.089286834313844 ], [ 75.487809327505602, 13.09024324579779 ], [ 75.480425896337195, 13.084362832916527 ], [ 75.478009659165281, 13.076782798619547 ], [ 75.472212747375409, 13.078817203362449 ], [ 75.467569944248311, 13.076781408794908 ], [ 75.466498701616217, 13.082855304390842 ], [ 75.473669180968727, 13.093966666556353 ], [ 75.460370177993326, 13.107168080444715 ], [ 75.452564291323654, 13.1098995252015 ], [ 75.443922527440719, 13.105991758269868 ], [ 75.441272895484786, 13.11435311429603 ], [ 75.43328105746852, 13.118469451778971 ], [ 75.432241937859331, 13.120407108936865 ], [ 75.432023014253062, 13.11746906106095 ], [ 75.426795232608342, 13.114340107395492 ], [ 75.423764127076538, 13.106117439609426 ], [ 75.41882895046507, 13.107516383792918 ], [ 75.415356215302893, 13.105553947758628 ], [ 75.409609862282693, 13.111056634363681 ], [ 75.406300565189525, 13.111747710307174 ], [ 75.409959018237643, 13.117571095178532 ], [ 75.411768691871444, 13.124946559375282 ], [ 75.407327275379117, 13.139660392962465 ], [ 75.409553014471896, 13.150075307028585 ], [ 75.407568814935033, 13.152471475212312 ], [ 75.406997405742359, 13.158067609826706 ], [ 75.390300979629018, 13.169179511002211 ], [ 75.384244977713294, 13.177885023111552 ], [ 75.373842848061742, 13.182467957975531 ], [ 75.363264337343452, 13.181987317073613 ], [ 75.356279507608519, 13.187296677976331 ], [ 75.35405231387125, 13.184740975032774 ], [ 75.341757380343111, 13.178981282917556 ], [ 75.339843694055332, 13.179322704344401 ], [ 75.33718924743944, 13.175951669329734 ], [ 75.335630445726053, 13.176371989515269 ], [ 75.334789816004516, 13.173150067619641 ], [ 75.329763228780592, 13.168205735326206 ], [ 75.329035996470594, 13.164083708312832 ], [ 75.326431037686945, 13.166172773238204 ], [ 75.324302963429062, 13.165917304516874 ], [ 75.321939686854606, 13.157723336399069 ], [ 75.317700811580877, 13.1505778320752 ], [ 75.319427817232722, 13.143837812057614 ], [ 75.318355762881637, 13.139672399531559 ], [ 75.311440270024434, 13.137954096251402 ], [ 75.310599958166861, 13.129436563158349 ], [ 75.30390376790983, 13.125709344089625 ], [ 75.294585168188888, 13.12693328215032 ], [ 75.290892505128042, 13.12951828623884 ], [ 75.288348324032199, 13.122650908914867 ], [ 75.285075204800293, 13.122763705070811 ], [ 75.283348541362599, 13.125754844529315 ], [ 75.280946779849245, 13.12455797430904 ], [ 75.277765580978709, 13.131771608913649 ], [ 75.270776713896154, 13.124719330578474 ], [ 75.264196201236288, 13.125187776902971 ], [ 75.261812802320037, 13.123714754293617 ], [ 75.255100825676649, 13.1293160593882 ], [ 75.248600644577124, 13.130034494921956 ], [ 75.247103331718449, 13.128533946710411 ], [ 75.243548307546533, 13.130468809165889 ], [ 75.237432715601656, 13.138911751346166 ], [ 75.230198557481145, 13.140469580847014 ], [ 75.22671585404332, 13.147082414498557 ], [ 75.223076928918758, 13.146153538173342 ], [ 75.215927167131014, 13.154606217866966 ], [ 75.212002280686576, 13.154103609259201 ], [ 75.209410258812142, 13.151272775665436 ], [ 75.20556794772051, 13.152131137831178 ], [ 75.207834104790678, 13.16902253431449 ], [ 75.203954454693474, 13.176316502978688 ], [ 75.201156781260806, 13.178145356432436 ], [ 75.19681042111911, 13.178038725932129 ], [ 75.195324791655224, 13.180279185294504 ], [ 75.189466696795762, 13.180950080221848 ], [ 75.186031315530954, 13.183092390269946 ], [ 75.179452294748117, 13.191697551442257 ], [ 75.164923400999143, 13.198594765664881 ], [ 75.164302708280573, 13.203607150258538 ], [ 75.167927413294919, 13.20760797785514 ], [ 75.164384117898877, 13.214333299296596 ], [ 75.152430341619663, 13.261476403846052 ], [ 75.141658223104599, 13.284981454373728 ], [ 75.138539011633469, 13.286015758566149 ], [ 75.133791709816364, 13.281603990518848 ], [ 75.13039541229044, 13.282395454569759 ], [ 75.122858559550622, 13.277646030950338 ], [ 75.117402377436349, 13.277816002896724 ], [ 75.113798374002172, 13.285527461265065 ], [ 75.107480239543875, 13.287686962377231 ], [ 75.094552726683034, 13.313206295950723 ], [ 75.095542748289191, 13.314986447799573 ], [ 75.074109021572752, 13.342420472436267 ], [ 75.085089006132335, 13.348296933417439 ], [ 75.086741232625286, 13.361369219150886 ], [ 75.096414485402846, 13.357326134448808 ], [ 75.105327847874094, 13.3591119962575 ], [ 75.109480957664928, 13.356315061675229 ], [ 75.113833505279047, 13.355859287124803 ], [ 75.124527865721021, 13.364706678974805 ], [ 75.124950848964929, 13.371515625547227 ], [ 75.12669510804777, 13.369484341591402 ], [ 75.127670361597723, 13.371183400812761 ], [ 75.124074843990257, 13.373586713730894 ], [ 75.123463050448635, 13.376641063382911 ], [ 75.124693810285194, 13.380827144017127 ], [ 75.127746430244216, 13.381669678553125 ], [ 75.127416267778315, 13.384284669056262 ], [ 75.134922920443984, 13.381294873491981 ], [ 75.137087785624217, 13.38295492274082 ], [ 75.138333317207085, 13.388447239567485 ], [ 75.141784782962574, 13.389567527141534 ], [ 75.141149972246296, 13.404095086022449 ], [ 75.139056117316883, 13.408796759344916 ], [ 75.141455870216731, 13.409002952547159 ], [ 75.144520765731997, 13.418946872177083 ], [ 75.148266114198549, 13.421843827804972 ], [ 75.147639562608617, 13.428179422283259 ], [ 75.152826042968243, 13.431395293278563 ], [ 75.147812527023845, 13.439711471445513 ], [ 75.151819005524246, 13.442311667823002 ], [ 75.155905614434374, 13.452780758780984 ], [ 75.141623906076049, 13.458605122870534 ], [ 75.140072068890177, 13.46564279826206 ], [ 75.13749674262354, 13.468991955118582 ], [ 75.138299527244158, 13.472427214737671 ], [ 75.136445205724797, 13.477932819950201 ], [ 75.147910493758175, 13.478818757172151 ], [ 75.160051322471702, 13.493159684782631 ], [ 75.160749907715442, 13.497449712971317 ], [ 75.170873826256312, 13.506633788334033 ], [ 75.17198179502337, 13.503426135581087 ], [ 75.176702416112548, 13.498721025901553 ], [ 75.17918295864591, 13.50348570053877 ], [ 75.180620167924459, 13.503078621295682 ], [ 75.181184310949448, 13.505256344533542 ], [ 75.188405277134493, 13.509113524530607 ], [ 75.195245206273583, 13.509226127510766 ], [ 75.198049073041119, 13.507335493117823 ], [ 75.199377856468672, 13.509973572083119 ], [ 75.202755294559267, 13.508991947173115 ], [ 75.205583782494145, 13.515205763987591 ], [ 75.210508405536174, 13.516299141091926 ], [ 75.210816658472112, 13.518261265347373 ], [ 75.203448510811057, 13.517514011471158 ], [ 75.20697303578109, 13.524797940911375 ], [ 75.218248306731269, 13.526471267212143 ], [ 75.219911601009272, 13.524997702409575 ], [ 75.223093477925502, 13.525923055314129 ], [ 75.224884391870816, 13.528963407501839 ], [ 75.221445249077263, 13.531607197592978 ], [ 75.220749995904129, 13.534260918721545 ], [ 75.223572110016818, 13.54829459041304 ], [ 75.220836917408931, 13.548498113561275 ], [ 75.217973445319359, 13.551305286220407 ], [ 75.219775148818229, 13.555474747037545 ], [ 75.215533710242354, 13.556359408883431 ], [ 75.216068158104349, 13.558372446097421 ], [ 75.220976763567847, 13.558713414762435 ], [ 75.221851221827535, 13.562641157475916 ], [ 75.225097943623553, 13.564987870317477 ], [ 75.22597327491647, 13.56825779248471 ], [ 75.218059295196099, 13.574842163556081 ], [ 75.212580407609778, 13.577243350395591 ], [ 75.212011461897077, 13.580801599375894 ], [ 75.211911724499188, 13.585026753138765 ], [ 75.222686087428627, 13.596271212330644 ], [ 75.22094299850238, 13.603795459656077 ], [ 75.225628840819653, 13.60584943876014 ], [ 75.230621930588455, 13.603478976059099 ], [ 75.231714051129615, 13.600010870951587 ], [ 75.235931435409839, 13.599213332501353 ], [ 75.236785373945224, 13.602060154711609 ], [ 75.24469125503127, 13.605445092496012 ], [ 75.24855087239591, 13.596364330145978 ], [ 75.254549641724097, 13.593983663694736 ], [ 75.255790494633288, 13.583472468985613 ], [ 75.25898988333428, 13.582534813464864 ], [ 75.264393530752287, 13.585371717052753 ], [ 75.270840639845673, 13.568045263263267 ], [ 75.278353876883969, 13.564067739493026 ], [ 75.279238827221519, 13.571943644497864 ], [ 75.284904799135759, 13.575270183216681 ], [ 75.287204654642451, 13.574975187690857 ], [ 75.287502033407549, 13.576475774662024 ], [ 75.288487594243435, 13.575749834658433 ], [ 75.294904902468389, 13.585184865494268 ], [ 75.297883270560305, 13.58324545870293 ], [ 75.308252348952138, 13.584070963483803 ], [ 75.310801195245247, 13.587796639245447 ], [ 75.314639215133496, 13.589458857125985 ], [ 75.32762480190604, 13.591235593539984 ], [ 75.329651521124333, 13.585831730423461 ], [ 75.331580524576097, 13.584627469720875 ], [ 75.341039240650375, 13.585841055784078 ], [ 75.343869862649811, 13.581986290824787 ], [ 75.350986175652551, 13.585866355292021 ], [ 75.353615077080903, 13.593199917807175 ], [ 75.3701276306533, 13.596152699522397 ], [ 75.364779147529092, 13.602407488084669 ], [ 75.364458888943915, 13.606866521473439 ], [ 75.367704467654576, 13.610673112571845 ], [ 75.365282694392434, 13.619261448982318 ], [ 75.37447171022005, 13.626198772433055 ], [ 75.375399067524839, 13.621944767029429 ], [ 75.379763142546523, 13.617459923483139 ], [ 75.376841968552441, 13.613749570956367 ], [ 75.385134788880819, 13.61260294600322 ], [ 75.387822880971854, 13.614229854784741 ], [ 75.38725291172365, 13.617203289385186 ], [ 75.388870903048456, 13.618318428088163 ], [ 75.387152232931285, 13.622011699619071 ], [ 75.392396203036768, 13.62444499042997 ], [ 75.393133793632899, 13.629515383114811 ], [ 75.406567961851593, 13.625759052299031 ], [ 75.406320811721244, 13.632982721653971 ], [ 75.410948298691935, 13.639334183163303 ], [ 75.410121192209004, 13.647577702340245 ], [ 75.413991254792634, 13.65312037739435 ], [ 75.405710491189154, 13.65886253518384 ], [ 75.405870198129293, 13.670896143587676 ], [ 75.402831765930401, 13.680797974866914 ], [ 75.397255950706111, 13.691535515334751 ], [ 75.393448457615307, 13.693922830463933 ], [ 75.393844365680792, 13.700628933460322 ], [ 75.387321992026315, 13.700383872157666 ], [ 75.384135131459928, 13.70447725982884 ], [ 75.380327004774372, 13.704286768642074 ], [ 75.380867737603978, 13.708497544748047 ], [ 75.384501212641169, 13.710984574130066 ], [ 75.393128418069182, 13.709002758005871 ], [ 75.403761741561667, 13.703263286691703 ], [ 75.407848496841098, 13.706428062064445 ], [ 75.416025274820768, 13.705402436672834 ], [ 75.422611614109925, 13.707787212613624 ], [ 75.425566597321549, 13.713332365757617 ], [ 75.428353830047229, 13.71508809528831 ], [ 75.438411241322683, 13.717400438440331 ], [ 75.446646773465503, 13.722029709266574 ], [ 75.455657999261661, 13.723426133059514 ], [ 75.460609166822607, 13.732790008812245 ], [ 75.460700392318017, 13.740090715553794 ], [ 75.471989289288203, 13.75080720271448 ], [ 75.489626232809584, 13.760529352171281 ], [ 75.489973001263792, 13.762036428661585 ], [ 75.48603791857532, 13.766414770097347 ], [ 75.487059803856795, 13.768448303342296 ], [ 75.489015013456083, 13.768536201298701 ], [ 75.498615988448407, 13.756838505876368 ], [ 75.502895693588528, 13.762502507315723 ], [ 75.508069762482506, 13.764638967455868 ], [ 75.507571969187822, 13.760793128884552 ], [ 75.51047262884542, 13.755339803405874 ], [ 75.51502262727719, 13.75352290540625 ], [ 75.517058040749774, 13.754547346162974 ], [ 75.519370418353915, 13.752048285269399 ], [ 75.5217180900149, 13.751905464163965 ], [ 75.520342401430838, 13.743278009075263 ], [ 75.525281986406355, 13.73889490944099 ], [ 75.528308954713737, 13.731183197198643 ], [ 75.541856153632679, 13.724569528494751 ], [ 75.553201526957324, 13.72896998622309 ], [ 75.560656265090131, 13.729066605681131 ], [ 75.570036989833994, 13.734635911781028 ], [ 75.566980168906809, 13.740776160750034 ], [ 75.567926554431466, 13.753595798931659 ], [ 75.57121212140666, 13.756049859124481 ], [ 75.582912426975966, 13.757522526141626 ], [ 75.586543426464743, 13.759434112427675 ], [ 75.607816760876247, 13.760670357430527 ], [ 75.609435292851359, 13.746062119000191 ], [ 75.626817808058448, 13.733244997288892 ], [ 75.617169788511276, 13.722403603939727 ], [ 75.620627437175813, 13.713394345186474 ], [ 75.618601039469311, 13.708424350271592 ], [ 75.621624452903575, 13.703260525367991 ], [ 75.626098277794583, 13.701448897428145 ], [ 75.629078552220832, 13.703997980076824 ], [ 75.631609549111403, 13.703855484796165 ], [ 75.633298443817196, 13.701600707999093 ], [ 75.637055347563418, 13.702118380599828 ], [ 75.64365501936004, 13.705187749546861 ], [ 75.64886750474858, 13.710575033925695 ], [ 75.651477786196054, 13.718164902480007 ], [ 75.667676291090118, 13.719681069000877 ], [ 75.672331429599907, 13.720809122430717 ], [ 75.674838378672007, 13.723452166970665 ], [ 75.675565491420286, 13.72789653793183 ], [ 75.667576983798, 13.731059355026225 ], [ 75.665282499050448, 13.738515295912913 ], [ 75.65958982654719, 13.740796879262071 ], [ 75.655912438709322, 13.746198774029047 ], [ 75.657097971015816, 13.748864701692144 ], [ 75.663653915233496, 13.750417502581472 ], [ 75.663098463206651, 13.755993337997683 ], [ 75.670247456794286, 13.765515826241192 ], [ 75.674762842325691, 13.761224667242786 ], [ 75.675519216615726, 13.751883189807907 ], [ 75.684674003547528, 13.749159465193046 ], [ 75.688945050547261, 13.752558379643746 ], [ 75.68758133647286, 13.755919312668208 ], [ 75.68218315484026, 13.760905708854006 ], [ 75.68653555067047, 13.767286934924901 ], [ 75.705200477630854, 13.767389158837586 ], [ 75.709654491480947, 13.765746366136129 ], [ 75.712213810298067, 13.76792742608138 ], [ 75.713027842740232, 13.772085357292857 ], [ 75.732111011439187, 13.768855604711066 ], [ 75.749341766889856, 13.780949134533605 ], [ 75.764806679683858, 13.7822569431854 ], [ 75.766365567451786, 13.789380091412873 ], [ 75.759860778110649, 13.794491394921875 ], [ 75.76381460710185, 13.796375810194652 ], [ 75.770469361410733, 13.796742838051351 ], [ 75.776922212790396, 13.794798205656129 ], [ 75.777970523348543, 13.790903956538131 ], [ 75.789441489856145, 13.799876019489401 ], [ 75.789717403417541, 13.795337040867743 ], [ 75.804396499099724, 13.794683494087995 ], [ 75.80876472246517, 13.801249919531003 ], [ 75.824666388575693, 13.817088604208925 ], [ 75.851409796847818, 13.810824563502763 ], [ 75.886287242170653, 13.809214921545962 ], [ 75.893269630564603, 13.80703911486729 ], [ 75.89415051283332, 13.811072394743507 ], [ 75.902093221188252, 13.812596381553117 ], [ 75.901963678728961, 13.8090706247733 ], [ 75.907222493598439, 13.806793078942981 ], [ 75.919378426588892, 13.807355121095895 ], [ 75.927869876053933, 13.813974851742918 ], [ 75.939995003411113, 13.812692027729661 ], [ 75.946208698304744, 13.813945994004019 ], [ 75.947163036874358, 13.817145431587969 ], [ 75.952228159088605, 13.815870122962918 ], [ 75.953032835911273, 13.817951369845526 ], [ 75.949469805500556, 13.820077639339765 ], [ 75.950346262960394, 13.824875838363228 ], [ 75.947838942893171, 13.830691196861666 ], [ 75.952948319853519, 13.837082488698002 ], [ 75.955141900929618, 13.837462871225535 ], [ 75.95579872785747, 13.839989320632684 ], [ 75.958377694579909, 13.840282380846933 ], [ 75.958462265053697, 13.842970980578983 ], [ 75.963826122605667, 13.84558274580956 ], [ 75.969068059573303, 13.854986104715117 ], [ 75.969231055853015, 13.853479716131817 ], [ 75.975068841923303, 13.852609316154473 ], [ 75.977106904538914, 13.848776783097621 ], [ 75.988401344207574, 13.847820754165692 ], [ 75.993898866806731, 13.850360768212962 ], [ 76.00601235143472, 13.866882941791051 ], [ 76.010068593456836, 13.865166797521008 ], [ 76.015995748260465, 13.870596017130456 ], [ 76.017160312291139, 13.86477646979195 ], [ 76.020885714654824, 13.862245691970207 ], [ 76.024921614120899, 13.864739295168572 ], [ 76.02644981856011, 13.868040556754925 ], [ 76.030697852089574, 13.867678937322452 ], [ 76.030031878018079, 13.871017480716311 ], [ 76.027532533278134, 13.871877122946938 ], [ 76.027362067842617, 13.874980955718588 ], [ 76.029954667982523, 13.874983112457549 ], [ 76.033166348167455, 13.881419251914435 ], [ 76.034696406561551, 13.897524027426041 ], [ 76.051095911832121, 13.897638542791441 ], [ 76.049163700995109, 13.895897755235877 ], [ 76.050417059959301, 13.893569237717331 ], [ 76.053856999341335, 13.892426025979857 ], [ 76.053680341492509, 13.879512848710027 ], [ 76.076352978729872, 13.879346543856238 ], [ 76.087370176634408, 13.874014796257484 ], [ 76.091087184282713, 13.867041316186375 ], [ 76.099582462684324, 13.864297927554798 ], [ 76.101675132946227, 13.858591193750753 ], [ 76.103878695632105, 13.83790704948934 ], [ 76.115669861915691, 13.812430242598838 ], [ 76.12421137673816, 13.812330648816319 ], [ 76.129464124645324, 13.814559024197045 ], [ 76.133457170206171, 13.785259440535262 ], [ 76.147826318570949, 13.751111758603724 ], [ 76.149014033885905, 13.732530360993952 ], [ 76.169664126772687, 13.728051712319303 ], [ 76.171618031003618, 13.719729446365177 ], [ 76.179776041872771, 13.716369805868286 ], [ 76.194541510890019, 13.71197831591463 ], [ 76.207272160976075, 13.712466021830167 ], [ 76.219557046588207, 13.710319084555476 ], [ 76.221289190833289, 13.682595253530467 ], [ 76.226976440988736, 13.679881192694589 ], [ 76.231296221937399, 13.681276940680794 ], [ 76.232380701981469, 13.678158903571338 ], [ 76.234776638165926, 13.677968122449817 ], [ 76.239299034455868, 13.673367807579421 ], [ 76.241827216537203, 13.667613776899415 ], [ 76.254225996307454, 13.662595552610606 ], [ 76.262820829565669, 13.652832474077389 ], [ 76.26316009631995, 13.649033875291728 ], [ 76.282065971345844, 13.649099334523431 ], [ 76.282055095470938, 13.647970490085722 ], [ 76.286986543564339, 13.647385556463151 ], [ 76.286578465959252, 13.643531955110181 ], [ 76.283230140696531, 13.638072447690675 ], [ 76.279947144749897, 13.636188671846348 ], [ 76.281204207529925, 13.63277977616397 ], [ 76.278923160283611, 13.628562766541293 ], [ 76.279528656618012, 13.623657066597177 ], [ 76.275464760353614, 13.622088475281787 ], [ 76.276205966102964, 13.61175698325385 ], [ 76.272916834517787, 13.606453366601761 ], [ 76.276353823150927, 13.603704654385599 ], [ 76.277055874838553, 13.607341281042668 ], [ 76.282074400401399, 13.606327270566018 ], [ 76.282002798474394, 13.60129082678707 ], [ 76.28678305910023, 13.599676696203579 ], [ 76.287865686549296, 13.594979960704247 ], [ 76.290605829728548, 13.595985744098016 ], [ 76.292991649914697, 13.593996494847929 ] ] ] } },
{ "type": "Feature", "properties": { "DISTRICT": "Chitradurga" }, "geometry": { "type": "Polygon", "coordinates": [ [ [ 76.822001403016358, 14.000706032283279 ], [ 76.823266328726689, 13.993773991341202 ], [ 76.829068922389609, 13.990168361591376 ], [ 76.839307899420874, 13.987012389101668 ], [ 76.849041058580042, 13.980742774366044 ], [ 76.849391569321156, 13.965334438831681 ], [ 76.841861623606931, 13.962547519730263 ], [ 76.82890435552504, 13.952874548170836 ], [ 76.822340095763849, 13.95048441904723 ], [ 76.819533833855559, 13.936928273510784 ], [ 76.814129824200847, 13.936366112722878 ], [ 76.814815504582697, 13.915545728420218 ], [ 76.801575309668038, 13.916096723948765 ], [ 76.79141557694733, 13.921186297947061 ], [ 76.779339321775836, 13.924361018884195 ], [ 76.763571003743124, 13.923683053439809 ], [ 76.762677332279765, 13.921459157623866 ], [ 76.752019014338472, 13.919481630878304 ], [ 76.749664916946116, 13.915978210121658 ], [ 76.752737295043715, 13.906950433240548 ], [ 76.722655513745693, 13.898637560306526 ], [ 76.721098634020322, 13.895091148815338 ], [ 76.728822332914788, 13.881417184980879 ], [ 76.731145791784684, 13.88131389118057 ], [ 76.734042410471645, 13.876437016114172 ], [ 76.736543385697175, 13.868586291518437 ], [ 76.749757105420883, 13.853638897533605 ], [ 76.763172250237304, 13.834572723386128 ], [ 76.767480763600631, 13.835291507163548 ], [ 76.763751009359765, 13.821636196921359 ], [ 76.76893205088119, 13.805358761082854 ], [ 76.769513906125383, 13.796294621903305 ], [ 76.76739478759788, 13.793258233462007 ], [ 76.764626287258451, 13.782267758000325 ], [ 76.759625838326286, 13.781476598842222 ], [ 76.756078587576511, 13.782901434528743 ], [ 76.730543980909218, 13.784087874751229 ], [ 76.727171063783672, 13.792189253181697 ], [ 76.727953738112049, 13.79691068291319 ], [ 76.724118537317167, 13.799761243073966 ], [ 76.717681260763854, 13.796027389254307 ], [ 76.714892549540181, 13.785739459779329 ], [ 76.707403027712587, 13.780577766173169 ], [ 76.705615668986283, 13.775281668003583 ], [ 76.700562472834733, 13.773935260304185 ], [ 76.697575864808456, 13.770079348982932 ], [ 76.697106011347984, 13.765384498344728 ], [ 76.69445228309651, 13.763277661966356 ], [ 76.697814660572234, 13.760360681453944 ], [ 76.695835665591943, 13.754852074566907 ], [ 76.69084629350904, 13.751840113622338 ], [ 76.687360063889827, 13.745634746986578 ], [ 76.684249484249591, 13.730602625825194 ], [ 76.689246196133681, 13.728813820687222 ], [ 76.691478032736981, 13.730590587276614 ], [ 76.692018139584334, 13.69683780613977 ], [ 76.684094342474253, 13.702846789360191 ], [ 76.677671588977844, 13.69993853690822 ], [ 76.672332397890031, 13.705373075826138 ], [ 76.673329765010493, 13.718104959454667 ], [ 76.663362773416466, 13.721331229911165 ], [ 76.642048947881193, 13.715033421118223 ], [ 76.631465355643385, 13.713535270251212 ], [ 76.627278506264688, 13.7232302570361 ], [ 76.624904659121668, 13.72519204063118 ], [ 76.625956616723627, 13.728769052233334 ], [ 76.624466780195945, 13.733900651795516 ], [ 76.620771915877015, 13.734366540891223 ], [ 76.613386854177051, 13.729118234543067 ], [ 76.614810660104737, 13.727185510049448 ], [ 76.608744672089074, 13.723378434882768 ], [ 76.599978151401245, 13.724990145451697 ], [ 76.596496259423773, 13.7204822858148 ], [ 76.585926479142785, 13.718770295886458 ], [ 76.577082759976847, 13.714717373233817 ], [ 76.571160429601349, 13.708253773324062 ], [ 76.577285654785385, 13.690317789072582 ], [ 76.573864400417122, 13.686914198127589 ], [ 76.569010901149198, 13.689370709881532 ], [ 76.564769991456501, 13.684471583883813 ], [ 76.554135697291301, 13.681962127819425 ], [ 76.539911702072359, 13.663162586982603 ], [ 76.532421789575992, 13.668423586783252 ], [ 76.529071468817449, 13.667137463258811 ], [ 76.52940386921432, 13.660486668109698 ], [ 76.534320836687385, 13.653496136676063 ], [ 76.5343264015834, 13.650200575592219 ], [ 76.527322306693918, 13.648088727224224 ], [ 76.518085037998247, 13.641099387986834 ], [ 76.518282909301874, 13.637190306109371 ], [ 76.516473796992642, 13.63403405895791 ], [ 76.497041994527535, 13.628498973813606 ], [ 76.499818496395235, 13.622756037835554 ], [ 76.461069130000638, 13.620156102907918 ], [ 76.455618669892189, 13.612838569655592 ], [ 76.455989345112982, 13.604559727121652 ], [ 76.458368553118248, 13.602893892930492 ], [ 76.458754886653665, 13.600414989320509 ], [ 76.460282309961556, 13.600497414455932 ], [ 76.4553794468072, 13.595449643174817 ], [ 76.454477113188844, 13.590877126793956 ], [ 76.448109870685855, 13.591133674316966 ], [ 76.439528840352381, 13.594115876973824 ], [ 76.429346142421053, 13.592395137880663 ], [ 76.425577356923895, 13.582739880099474 ], [ 76.418934438341537, 13.57854179180921 ], [ 76.412795247670886, 13.57836029035745 ], [ 76.409402488172589, 13.580088843713098 ], [ 76.404801305966586, 13.59091953995086 ], [ 76.399504192679515, 13.594834648048201 ], [ 76.39810687929797, 13.594624087763236 ], [ 76.397351645933355, 13.590558073399226 ], [ 76.392317349281555, 13.590656054945667 ], [ 76.386222798028683, 13.581583354114564 ], [ 76.381504971563672, 13.577478644658257 ], [ 76.378777968195422, 13.589061058302859 ], [ 76.373112353804757, 13.592180020044758 ], [ 76.347099365169868, 13.576294803062737 ], [ 76.342036308387264, 13.576246706069226 ], [ 76.339905231944542, 13.578414762362899 ], [ 76.3332022585397, 13.595738157393733 ], [ 76.306557826862615, 13.591287840809509 ], [ 76.304288052932577, 13.58890063217858 ], [ 76.297768002999902, 13.590137925824177 ], [ 76.297665347558407, 13.589092418110278 ], [ 76.292427949650403, 13.590407239843643 ], [ 76.293836301688941, 13.591484249678748 ], [ 76.292156653370185, 13.592424283328784 ], [ 76.293328015567567, 13.593814126186032 ], [ 76.290605829728548, 13.595985744098016 ], [ 76.287865686549296, 13.594979960704247 ], [ 76.28678305910023, 13.599676696203579 ], [ 76.282002798474394, 13.60129082678707 ], [ 76.282074400401399, 13.606327270566018 ], [ 76.277055874838553, 13.607341281042668 ], [ 76.276353823150927, 13.603704654385599 ], [ 76.273793830144783, 13.604651860100352 ], [ 76.27284957282717, 13.607310586999935 ], [ 76.276436551410612, 13.613504240135885 ], [ 76.275333837256937, 13.621746001557797 ], [ 76.279528656618012, 13.623657066597177 ], [ 76.278923160283611, 13.628562766541293 ], [ 76.281204207529925, 13.63277977616397 ], [ 76.279947144749897, 13.636188671846348 ], [ 76.283230140696531, 13.638072447690675 ], [ 76.286578465959252, 13.643531955110181 ], [ 76.286986543564339, 13.647385556463151 ], [ 76.282055095470938, 13.647970490085722 ], [ 76.282065971345844, 13.649099334523431 ], [ 76.26316009631995, 13.649033875291728 ], [ 76.262820829565669, 13.652832474077389 ], [ 76.254225996307454, 13.662595552610606 ], [ 76.241827216537203, 13.667613776899415 ], [ 76.239299034455868, 13.673367807579421 ], [ 76.234776638165926, 13.677968122449817 ], [ 76.232380701981469, 13.678158903571338 ], [ 76.231296221937399, 13.681276940680794 ], [ 76.226976440988736, 13.679881192694589 ], [ 76.221289190833289, 13.682595253530467 ], [ 76.219557046588207, 13.710319084555476 ], [ 76.207272160976075, 13.712466021830167 ], [ 76.194541510890019, 13.71197831591463 ], [ 76.179776041872771, 13.716369805868286 ], [ 76.171618031003618, 13.719729446365177 ], [ 76.169664126772687, 13.728051712319303 ], [ 76.149014033885905, 13.732530360993952 ], [ 76.147826318570949, 13.751111758603724 ], [ 76.133457170206171, 13.785259440535262 ], [ 76.129464124645324, 13.814559024197045 ], [ 76.12421137673816, 13.812330648816319 ], [ 76.115669861915691, 13.812430242598838 ], [ 76.103878695632105, 13.83790704948934 ], [ 76.101675132946227, 13.858591193750753 ], [ 76.099582462684324, 13.864297927554798 ], [ 76.091087184282713, 13.867041316186375 ], [ 76.087370176634408, 13.874014796257484 ], [ 76.076352978729872, 13.879346543856238 ], [ 76.053680341492509, 13.879512848710027 ], [ 76.053856999341335, 13.892426025979857 ], [ 76.050417059959301, 13.893569237717331 ], [ 76.049163700995109, 13.895897755235877 ], [ 76.051095911832121, 13.897638542791441 ], [ 76.028519476543124, 13.89877554916831 ], [ 76.029255269486441, 13.920403366971021 ], [ 76.032419049775115, 13.921778600684023 ], [ 76.044822982090452, 13.942020301231935 ], [ 76.046614066706695, 13.940740854443073 ], [ 76.065970767159811, 13.941361646383228 ], [ 76.068896039889665, 13.947885392695483 ], [ 76.069192847590159, 13.967567755569071 ], [ 76.072382382178844, 13.9821446239482 ], [ 76.051119190242062, 13.978817283109992 ], [ 76.0498046643891, 13.983498678021585 ], [ 76.04724180372375, 13.982523861728037 ], [ 76.043555438310506, 13.987262293115378 ], [ 76.045920560974807, 14.013162657419 ], [ 76.048044020282106, 14.012634654268661 ], [ 76.051117967439836, 14.030012639261226 ], [ 76.05115719801725, 14.037789929072428 ], [ 76.0483086112325, 14.038034901234358 ], [ 76.048521848578886, 14.044888207446864 ], [ 76.049802628419911, 14.05486368684346 ], [ 76.051763345633915, 14.060527804741328 ], [ 76.054088362534586, 14.061674435031508 ], [ 76.055699568893573, 14.072611404683451 ], [ 76.053575402894893, 14.081791001895926 ], [ 76.05484949744833, 14.089241041906234 ], [ 76.052271101399867, 14.09401160749252 ], [ 76.047707282787897, 14.097206499970437 ], [ 76.041198105863444, 14.094526745005348 ], [ 76.036931380553099, 14.090571220268179 ], [ 76.033980511656935, 14.090806399981206 ], [ 76.032689977441635, 14.095526826791657 ], [ 76.034128684152648, 14.095829709659295 ], [ 76.03493796498455, 14.099848162345932 ], [ 76.025433271809192, 14.100256063208713 ], [ 76.026349851882514, 14.104406800885384 ], [ 76.025060741246563, 14.113087539974437 ], [ 76.027918297604828, 14.11972113935451 ], [ 76.033174502513901, 14.120232758620064 ], [ 76.031998122331629, 14.121388298944863 ], [ 76.033471411214634, 14.125024767781245 ], [ 76.032656835968297, 14.134433301348878 ], [ 76.035692915470918, 14.13557254113694 ], [ 76.040235068022696, 14.143338470877474 ], [ 76.046604728404958, 14.145218094861541 ], [ 76.045690128088026, 14.155443757344221 ], [ 76.063844744258432, 14.15996329898733 ], [ 76.063453150660806, 14.16903203688525 ], [ 76.064237500175182, 14.171432827921146 ], [ 76.065716246446129, 14.170603056665467 ], [ 76.06502609140513, 14.177741374017689 ], [ 76.066246989067935, 14.18148694241758 ], [ 76.057320432942802, 14.181262282867086 ], [ 76.056459898772346, 14.191458258724383 ], [ 76.058006448769504, 14.202651655700366 ], [ 76.063166630036363, 14.203747783452531 ], [ 76.064268043821301, 14.206666767015658 ], [ 76.065928524701988, 14.206376975453802 ], [ 76.064167545271559, 14.216224869255909 ], [ 76.0607980521835, 14.222257179902899 ], [ 76.072511938169512, 14.226564473182352 ], [ 76.07982720040647, 14.247103595523811 ], [ 76.117992036155883, 14.251493841853163 ], [ 76.134569352220964, 14.256083249562085 ], [ 76.134885641135497, 14.261815222048799 ], [ 76.130376707822109, 14.268832614713967 ], [ 76.130035302113782, 14.281681468592495 ], [ 76.125146544351608, 14.282417426835622 ], [ 76.116838661678329, 14.277178931051299 ], [ 76.121466529569759, 14.289539302602467 ], [ 76.11518245486667, 14.301032960283962 ], [ 76.109704013148701, 14.301869749801574 ], [ 76.108730050045878, 14.306157928810732 ], [ 76.105942317022425, 14.308909842678663 ], [ 76.109237582261628, 14.313625994964928 ], [ 76.109705689224796, 14.317373022899144 ], [ 76.116728983734163, 14.323566872250185 ], [ 76.146797496103844, 14.321256743457633 ], [ 76.15373494217819, 14.318219314933579 ], [ 76.157222228111536, 14.321065588905345 ], [ 76.156612841000154, 14.323797774995393 ], [ 76.158929441276484, 14.329520262505602 ], [ 76.155115733492252, 14.349735095748439 ], [ 76.155620970129334, 14.358366686844185 ], [ 76.151011308667876, 14.366603775943227 ], [ 76.150680470963664, 14.376322085607137 ], [ 76.155409195538837, 14.377420448486047 ], [ 76.153491187233996, 14.397001845096057 ], [ 76.148615731667704, 14.407959331867964 ], [ 76.142631050753494, 14.411444024469334 ], [ 76.141622828033476, 14.418274522156727 ], [ 76.136069693174875, 14.426972154559442 ], [ 76.14523022741858, 14.431875106120994 ], [ 76.164265143505958, 14.445844771185326 ], [ 76.173711838826762, 14.44794573245043 ], [ 76.172729696224209, 14.460114317876622 ], [ 76.174590047386559, 14.462421864730368 ], [ 76.202770197313185, 14.45880923599389 ], [ 76.208451400824913, 14.456288599222226 ], [ 76.214814922401601, 14.445761546355662 ], [ 76.218814301399775, 14.441945229911784 ], [ 76.238386123538305, 14.450457610741672 ], [ 76.248294885661579, 14.443819307688699 ], [ 76.260085865998832, 14.444458097610411 ], [ 76.264007245410568, 14.436968279896002 ], [ 76.264179233936673, 14.424832220617258 ], [ 76.270566082501944, 14.420407943085488 ], [ 76.273720895837513, 14.408899127615779 ], [ 76.28187168118825, 14.404597018446196 ], [ 76.292597626315882, 14.408646553871495 ], [ 76.331309267696753, 14.408475430041841 ], [ 76.338447963856652, 14.414977236277016 ], [ 76.337886100932124, 14.419326974495556 ], [ 76.342275830603214, 14.417124882786322 ], [ 76.349151381152311, 14.416387634312626 ], [ 76.353984184798762, 14.419319793081488 ], [ 76.369866166449754, 14.42008842827429 ], [ 76.378190166360199, 14.417706802779257 ], [ 76.38113056607979, 14.41973038859585 ], [ 76.384314990257863, 14.419454433431829 ], [ 76.384147859106633, 14.427579770845902 ], [ 76.39350417405501, 14.427899094946977 ], [ 76.39287120479905, 14.430559664801688 ], [ 76.395326494790766, 14.430331175877363 ], [ 76.395642823242312, 14.436248882337255 ], [ 76.40723653380384, 14.435929421545231 ], [ 76.414650494930967, 14.439293991842217 ], [ 76.424045904052775, 14.438114140003186 ], [ 76.423917416841178, 14.449467520653302 ], [ 76.437070987615741, 14.447282956106497 ], [ 76.459965196838212, 14.45025186160121 ], [ 76.459563728143948, 14.457169268929611 ], [ 76.45554349112146, 14.465471382117661 ], [ 76.455160261598564, 14.469867309057411 ], [ 76.457109937661755, 14.478473465686854 ], [ 76.457268498137168, 14.489214260868568 ], [ 76.461149994001119, 14.504850921519706 ], [ 76.47230730084361, 14.502167005798686 ], [ 76.484416707521845, 14.504913192619039 ], [ 76.493945092133259, 14.511601396271667 ], [ 76.508249826650498, 14.516269270784607 ], [ 76.51366090095982, 14.523080027041614 ], [ 76.522107068261434, 14.524230181207839 ], [ 76.533875778912901, 14.540017341832343 ], [ 76.533074269023174, 14.543269367611998 ], [ 76.527795618483211, 14.546118854919699 ], [ 76.524095293529058, 14.55272131183397 ], [ 76.516487593095292, 14.549524772210098 ], [ 76.510346631675887, 14.56044712537204 ], [ 76.518355855120745, 14.56246265376908 ], [ 76.528548292466994, 14.562356321767249 ], [ 76.52993275128344, 14.561075582522479 ], [ 76.532828923007045, 14.562612963109649 ], [ 76.535041747700376, 14.561468527622472 ], [ 76.53518673175536, 14.565592439357035 ], [ 76.541463976867632, 14.566042691455671 ], [ 76.544934677025211, 14.571869966110894 ], [ 76.549670789467413, 14.572782770333641 ], [ 76.550133313731351, 14.578338349480406 ], [ 76.558323819854493, 14.583709734244307 ], [ 76.567088521142978, 14.58670266878927 ], [ 76.56794681349578, 14.590403156814194 ], [ 76.573621933821272, 14.598126023809387 ], [ 76.573687688221995, 14.601961379822017 ], [ 76.576370512765862, 14.604680372368302 ], [ 76.576832626841934, 14.608901888050621 ], [ 76.581477456397877, 14.611901318070114 ], [ 76.585705267183855, 14.618182513638065 ], [ 76.600721573789883, 14.620879471333529 ], [ 76.598060247155061, 14.632085765194521 ], [ 76.603817038790964, 14.634570159309281 ], [ 76.612424716833374, 14.648360758290814 ], [ 76.597576478599521, 14.653786137798244 ], [ 76.599212088495022, 14.656020841645171 ], [ 76.596225120239993, 14.65992430179678 ], [ 76.598227293515848, 14.669867356523122 ], [ 76.61056889828636, 14.668481288611355 ], [ 76.610453851180807, 14.678548280828442 ], [ 76.607925004772667, 14.686988688012036 ], [ 76.616983414622922, 14.692062240514961 ], [ 76.617013989853902, 14.694478198469954 ], [ 76.624008758732941, 14.701730492228062 ], [ 76.629050612297277, 14.700412756962516 ], [ 76.630753968573217, 14.70287919355065 ], [ 76.635572061036058, 14.703305447017764 ], [ 76.637050544034267, 14.710005227917557 ], [ 76.644600053651388, 14.713067066074609 ], [ 76.645362791404906, 14.717571779051143 ], [ 76.651041691194308, 14.725667163201692 ], [ 76.650233102212539, 14.728232453985903 ], [ 76.646930960602006, 14.730222857628091 ], [ 76.651031676590634, 14.736553434848309 ], [ 76.649393322003888, 14.73978681126265 ], [ 76.651113766778579, 14.744696904367693 ], [ 76.649681399611794, 14.747608626575699 ], [ 76.650772994631254, 14.751852094671847 ], [ 76.648746617247951, 14.755442012514019 ], [ 76.65077156514397, 14.757408991926717 ], [ 76.655191398514589, 14.756894689825575 ], [ 76.6575618371442, 14.764715334738616 ], [ 76.660058895572163, 14.766086168150421 ], [ 76.659724768537046, 14.77162324073244 ], [ 76.667020248039421, 14.775101389385499 ], [ 76.666278532635104, 14.779898322423445 ], [ 76.669566364480971, 14.786666119756275 ], [ 76.673623822941124, 14.787840495035946 ], [ 76.668337961317107, 14.791483609712079 ], [ 76.674714155522565, 14.792687915004839 ], [ 76.682234203860062, 14.808139918060515 ], [ 76.705174383920834, 14.817497739535273 ], [ 76.718299515078257, 14.817757916309832 ], [ 76.734626766808702, 14.813205888796006 ], [ 76.734944045644141, 14.815527151527794 ], [ 76.740030449852867, 14.815229078240229 ], [ 76.74141168444288, 14.821614989678931 ], [ 76.740388097296034, 14.825636408809562 ], [ 76.720841282037568, 14.831813842049899 ], [ 76.711802085380185, 14.837447899199159 ], [ 76.714908513260937, 14.85334834264348 ], [ 76.713602262100864, 14.864847096712847 ], [ 76.698999468084295, 14.888723619457032 ], [ 76.677667978479278, 14.887760635510251 ], [ 76.677531658638799, 14.911426956580256 ], [ 76.66616135109534, 14.91655612565112 ], [ 76.662506000730659, 14.92623652967338 ], [ 76.659441034286118, 14.942108204019245 ], [ 76.679213133877909, 14.938340565198095 ], [ 76.695918346361665, 14.926785867854194 ], [ 76.703907458933287, 14.93157472296231 ], [ 76.70678790778625, 14.931086271708518 ], [ 76.706105653778053, 14.942640424308035 ], [ 76.713189980922252, 14.93924265210358 ], [ 76.7175366440961, 14.953069133206995 ], [ 76.71602837619038, 14.972837805592002 ], [ 76.705023518687923, 14.977278637198244 ], [ 76.689608520573842, 14.978155284266832 ], [ 76.684785047987546, 14.989804331199137 ], [ 76.681483129890424, 14.990784298962543 ], [ 76.678126636068754, 14.995505161234876 ], [ 76.681928158837749, 14.996113330498813 ], [ 76.679978574271985, 15.005464706520359 ], [ 76.677636000136516, 15.00585122341151 ], [ 76.678210603117108, 15.008925802415579 ], [ 76.672210098806488, 15.013289113524131 ], [ 76.672358774568622, 15.017621629264642 ], [ 76.671065424368905, 15.018704651886834 ], [ 76.675749296985259, 15.021369459261967 ], [ 76.677425096804186, 15.024654868907122 ], [ 76.687469353505222, 15.025052073668611 ], [ 76.6890966650043, 15.023154792544451 ], [ 76.686096715352662, 15.021971696157689 ], [ 76.685838930785664, 15.018432704248083 ], [ 76.693075369400631, 15.019139284977554 ], [ 76.701935307128707, 15.016496983610187 ], [ 76.704333099242561, 15.020991313135088 ], [ 76.702492803312083, 15.029375556723359 ], [ 76.70359200252588, 15.033078601097168 ], [ 76.712580295875512, 15.033241917945803 ], [ 76.717615479481481, 15.036207800790461 ], [ 76.719450235092424, 15.034253563762245 ], [ 76.722441038196934, 15.034798812749347 ], [ 76.732891289888386, 15.031938359091994 ], [ 76.734884409062644, 15.026810671072663 ], [ 76.735969349076143, 15.022531781003986 ], [ 76.727989651856063, 15.009588831704258 ], [ 76.727203180138616, 15.000067917007408 ], [ 76.728535142345351, 15.00007419847103 ], [ 76.728031066186503, 14.997494844571724 ], [ 76.73022576264222, 14.995801128351767 ], [ 76.734234037775877, 14.985368998622224 ], [ 76.742687736431918, 14.987362239563241 ], [ 76.748364195837979, 14.986788266524352 ], [ 76.753897108639904, 14.984173306637063 ], [ 76.759949457268775, 14.989340624620295 ], [ 76.762912142238022, 14.987268173988808 ], [ 76.763396195152907, 14.9802917511257 ], [ 76.766705708410896, 14.977844262986533 ], [ 76.766400716753736, 14.974613281731454 ], [ 76.775555540402536, 14.974903971963426 ], [ 76.800222375983608, 14.968187293295216 ], [ 76.818005871566584, 14.969304523808228 ], [ 76.828400595212884, 14.956071101931879 ], [ 76.83401513518929, 14.95681953477569 ], [ 76.834098187144605, 14.959609283552449 ], [ 76.84129644238692, 14.966265642523929 ], [ 76.86158396075183, 14.970120404524733 ], [ 76.866870223530967, 14.969563701112078 ], [ 76.865998656240066, 14.957513957973374 ], [ 76.869874113559689, 14.937696622252641 ], [ 76.863869720246967, 14.895383999329113 ], [ 76.847297301153517, 14.896316247356326 ], [ 76.845403866768081, 14.889767417590981 ], [ 76.845477265600579, 14.887411559285757 ], [ 76.852524341727516, 14.887225379468115 ], [ 76.851384397836881, 14.88387270825111 ], [ 76.853261167956902, 14.883761157270909 ], [ 76.854026052932255, 14.869202769841039 ], [ 76.856993329454241, 14.868877059827026 ], [ 76.854246619181808, 14.854940403371341 ], [ 76.854381791801359, 14.840980983190244 ], [ 76.848634204518902, 14.841475593708326 ], [ 76.842515201980575, 14.836227779715218 ], [ 76.84503657129585, 14.834780541916601 ], [ 76.845727192144707, 14.832050114478307 ], [ 76.845988257504175, 14.822234646031765 ], [ 76.854657999532961, 14.817850955685595 ], [ 76.854308121243903, 14.809905116539758 ], [ 76.848300550333462, 14.809216066822779 ], [ 76.83751946299536, 14.81082308507118 ], [ 76.83732087072849, 14.791214017758357 ], [ 76.833001613666781, 14.790184625863777 ], [ 76.832221257716398, 14.792796517481449 ], [ 76.830626409976517, 14.793071251784239 ], [ 76.818662707830626, 14.792652760403339 ], [ 76.82080218435577, 14.788827550125758 ], [ 76.817009474038329, 14.787750167504182 ], [ 76.802779787128173, 14.785787634673683 ], [ 76.782937139019865, 14.786490800787552 ], [ 76.789462776958672, 14.772316808573919 ], [ 76.790127501140631, 14.764902847677851 ], [ 76.788596893169156, 14.759830626522325 ], [ 76.793973936121958, 14.750377101157383 ], [ 76.791223818915199, 14.74646004014356 ], [ 76.794398011225283, 14.746028079825704 ], [ 76.786507816349413, 14.710307673531963 ], [ 76.786452584227746, 14.698240463874983 ], [ 76.776896230311536, 14.680686237075555 ], [ 76.770812646937856, 14.675308479153406 ], [ 76.77552501533286, 14.671212101929102 ], [ 76.771942286366809, 14.635462334581838 ], [ 76.766367666358107, 14.616481317718659 ], [ 76.76523282100743, 14.60186940969227 ], [ 76.768853849328011, 14.600888178178339 ], [ 76.780187585688907, 14.592988785674772 ], [ 76.780313699771312, 14.597187654889543 ], [ 76.781520727523855, 14.596685352327196 ], [ 76.782283411232484, 14.583638724943118 ], [ 76.784755215717766, 14.575127416391767 ], [ 76.788948598867393, 14.570128880441104 ], [ 76.787785669179328, 14.567866935659756 ], [ 76.791450746854395, 14.554242844752407 ], [ 76.79829243761462, 14.548445279817731 ], [ 76.806682553455047, 14.531900745331884 ], [ 76.810654483651618, 14.532874286382556 ], [ 76.81537171226195, 14.530581747781776 ], [ 76.818715670750592, 14.531604211009951 ], [ 76.822548336062113, 14.526619330179432 ], [ 76.831497870684188, 14.529406231093132 ], [ 76.834247642821509, 14.52609434400846 ], [ 76.833248040255484, 14.522037062033025 ], [ 76.841709855009469, 14.519211507041932 ], [ 76.849476722341677, 14.511493730292301 ], [ 76.851311206286823, 14.511919869286881 ], [ 76.855625646067494, 14.509220278004021 ], [ 76.860907595249387, 14.497160968238363 ], [ 76.866590705773348, 14.475627662581957 ], [ 76.868776247304694, 14.474470019218368 ], [ 76.884377457881328, 14.477205322308784 ], [ 76.883767772805783, 14.479329289208586 ], [ 76.886261315257769, 14.483493232693981 ], [ 76.904500388179613, 14.48967544336346 ], [ 76.924291939154955, 14.490878394534823 ], [ 76.948851754032617, 14.488891781317424 ], [ 76.950071238226727, 14.486743828340002 ], [ 76.974953194833176, 14.48523058171701 ], [ 76.975645669112566, 14.477497389131992 ], [ 76.974318089463495, 14.473696774129843 ], [ 76.971899756091517, 14.468194708850561 ], [ 76.968545261864264, 14.465185214312687 ], [ 76.968718063633801, 14.462251947096618 ], [ 76.960106128573088, 14.45091206839191 ], [ 76.952604919328039, 14.452783386026059 ], [ 76.944904444408238, 14.451468669860535 ], [ 76.947749610603722, 14.413570104755939 ], [ 76.946737593835238, 14.405764560109073 ], [ 76.942731044282468, 14.39967993614531 ], [ 76.931862207332301, 14.410772438192934 ], [ 76.912775467034436, 14.421842337160735 ], [ 76.904866801826515, 14.406738957772941 ], [ 76.897218059090989, 14.397535388478326 ], [ 76.887410945652661, 14.395537915667116 ], [ 76.888711971264954, 14.362744150893562 ], [ 76.884823735541914, 14.347499294252643 ], [ 76.887586357638696, 14.346392710972113 ], [ 76.903346511514442, 14.322842995194515 ], [ 76.907253375370914, 14.323173205671033 ], [ 76.925931404313303, 14.314896036146074 ], [ 76.94507750085215, 14.31262412114515 ], [ 76.956411029818256, 14.294457015987119 ], [ 76.946635621596997, 14.28621180732647 ], [ 76.938463545417974, 14.283320443323065 ], [ 76.936747304390877, 14.280411796617699 ], [ 76.927923276868341, 14.279413917974519 ], [ 76.924704476824431, 14.27407339805287 ], [ 76.935831506719083, 14.259104491842272 ], [ 76.940042021861004, 14.244242128152345 ], [ 76.950635292616383, 14.24296069908676 ], [ 76.960899182174302, 14.2449008161392 ], [ 76.970955715849243, 14.242782312145222 ], [ 76.975166000366798, 14.245529003203545 ], [ 76.985580946880745, 14.247428962853034 ], [ 76.993370981684293, 14.241599542227492 ], [ 76.9987112931571, 14.24114058205034 ], [ 77.005603571460711, 14.235773013142662 ], [ 77.005005593486956, 14.230718543192129 ], [ 76.998916433261726, 14.229032288643554 ], [ 77.001344715494255, 14.22468223402003 ], [ 77.000664996286289, 14.222425689449455 ], [ 77.006769048652629, 14.218999495337776 ], [ 77.005880708554784, 14.207443818733918 ], [ 77.00243791100894, 14.198477682100966 ], [ 77.009461372521201, 14.194783363412361 ], [ 77.015561330101363, 14.193665689119742 ], [ 77.024143593385048, 14.186790703675573 ], [ 77.022435305332593, 14.177280151695804 ], [ 77.004903694838646, 14.184224603439386 ], [ 76.994613652728347, 14.178626628939314 ], [ 76.98129998266775, 14.178706044879807 ], [ 76.970300168928759, 14.182622222177017 ], [ 76.962562193664226, 14.181927532135466 ], [ 76.958536261548829, 14.183841442445836 ], [ 76.957485319834007, 14.188583286811099 ], [ 76.950914697388058, 14.193334794651433 ], [ 76.947407422378504, 14.198189867957927 ], [ 76.942795043964367, 14.195931201305898 ], [ 76.942305748572039, 14.190643111090878 ], [ 76.944753945513739, 14.185762631229151 ], [ 76.942290826685863, 14.178771787165106 ], [ 76.942529312275695, 14.173244193028403 ], [ 76.922140804098106, 14.169446277434171 ], [ 76.919628590540071, 14.164111252211411 ], [ 76.912925580254807, 14.167150602207236 ], [ 76.89478127502197, 14.167659178813681 ], [ 76.893024669992258, 14.163521755430317 ], [ 76.891198421121629, 14.143075251026417 ], [ 76.886598683842465, 14.137763628703517 ], [ 76.889521311849748, 14.135611942326539 ], [ 76.903998630810605, 14.133803725802728 ], [ 76.915115001993783, 14.128173124806942 ], [ 76.917369627342779, 14.12853989015461 ], [ 76.925249951449715, 14.13642182430692 ], [ 76.935747556130821, 14.128820096031934 ], [ 76.936324988533983, 14.124299961685214 ], [ 76.94424389048153, 14.120434915787639 ], [ 76.946848065111595, 14.112193673185176 ], [ 76.952694058294327, 14.105561945713731 ], [ 76.955423275192274, 14.09915558784072 ], [ 76.950762189374913, 14.092289522617738 ], [ 76.942743045409898, 14.089173207175904 ], [ 76.92784749392618, 14.07705191512115 ], [ 76.924491036810892, 14.067922973316264 ], [ 76.922955757439695, 14.056624149007366 ], [ 76.909660583027133, 14.063697556804311 ], [ 76.898813628330842, 14.057371290375354 ], [ 76.886803222326279, 14.046429557337943 ], [ 76.88677491625937, 14.039001867690395 ], [ 76.879782031656561, 14.018542370011199 ], [ 76.876054568410296, 14.019104083578222 ], [ 76.875403792995897, 14.013611400898816 ], [ 76.872815281873528, 14.009759327217177 ], [ 76.856865486704066, 14.016002419039143 ], [ 76.836657457395575, 14.017860659373348 ], [ 76.835523134511774, 14.007526392947323 ], [ 76.833341981444107, 14.003172543677501 ], [ 76.822001403016358, 14.000706032283279 ] ] ] } },
{ "type": "Feature", "properties": { "DISTRICT": "Dakshina Kannada" }, "geometry": { "type": "Polygon", "coordinates": [ [ [ 75.634582987984359, 12.69369220562583 ], [ 75.638055470254812, 12.695158374217328 ], [ 75.642121034053872, 12.694091896832116 ], [ 75.656574158154058, 12.697152410666581 ], [ 75.66539099772649, 12.697039266829606 ], [ 75.64806872156187, 12.666408882045452 ], [ 75.644196951063265, 12.648102244368793 ], [ 75.641365057068313, 12.648247345643451 ], [ 75.645171619509384, 12.642088341948041 ], [ 75.641443302336938, 12.631629951944902 ], [ 75.642301760803932, 12.627403886076941 ], [ 75.652486101414709, 12.622002544584527 ], [ 75.654351602387322, 12.614830777821034 ], [ 75.65244861523847, 12.611622673700131 ], [ 75.654148829754604, 12.610324754705269 ], [ 75.656218381611055, 12.60331174826973 ], [ 75.660950116484585, 12.599253384711583 ], [ 75.660269083381195, 12.594227495102611 ], [ 75.662721920688526, 12.590553911992732 ], [ 75.663650930762614, 12.585153652517164 ], [ 75.660657953489078, 12.580231036969765 ], [ 75.663230906220761, 12.57546127437473 ], [ 75.665432313922949, 12.57604644735572 ], [ 75.66751796374767, 12.574134032376893 ], [ 75.667638495620494, 12.572176959547026 ], [ 75.663123150695768, 12.569857257563381 ], [ 75.668480360833115, 12.565458506980264 ], [ 75.670642914146356, 12.554564347579054 ], [ 75.67057540830065, 12.550256559864641 ], [ 75.666461351837526, 12.546559575289267 ], [ 75.662263092041115, 12.545763342096524 ], [ 75.653473644710218, 12.539718021554418 ], [ 75.651839860703134, 12.540591148029906 ], [ 75.641455390271389, 12.537498819185192 ], [ 75.636267673096413, 12.528980055700837 ], [ 75.633554925975702, 12.527655852824751 ], [ 75.63245880603526, 12.520957945479877 ], [ 75.628301004840836, 12.518980938511332 ], [ 75.627659829692888, 12.521656884075083 ], [ 75.623400606235307, 12.515115103075429 ], [ 75.615510877918879, 12.509347272628023 ], [ 75.605823172048702, 12.510589715768027 ], [ 75.605728758553383, 12.51925256662904 ], [ 75.597418421973728, 12.524780002876881 ], [ 75.595026685244747, 12.533861681759795 ], [ 75.591912523417079, 12.536319910777333 ], [ 75.582832097607891, 12.527450648596389 ], [ 75.580198353329266, 12.522633773030885 ], [ 75.580699965749162, 12.519289181557983 ], [ 75.577719138503738, 12.518790339977844 ], [ 75.570149473426241, 12.511377961287646 ], [ 75.563399589811723, 12.510455129778892 ], [ 75.553094441965357, 12.497568321477571 ], [ 75.565634329759789, 12.49213972865309 ], [ 75.565959030667543, 12.48396837311507 ], [ 75.55242369471614, 12.491688544839725 ], [ 75.549201809633558, 12.49091200164999 ], [ 75.534793806665391, 12.494430024780105 ], [ 75.53245250795365, 12.498220565686662 ], [ 75.530295910661764, 12.498822542490716 ], [ 75.527724654774104, 12.497125641822382 ], [ 75.525094172003548, 12.489760837734767 ], [ 75.519269589506152, 12.488231085183836 ], [ 75.518076105663738, 12.489962383947111 ], [ 75.513197631193492, 12.489672191660064 ], [ 75.50641310283126, 12.48688813666924 ], [ 75.50278047127253, 12.487945912839612 ], [ 75.494533731830657, 12.483981534928576 ], [ 75.495918885170042, 12.479375452288391 ], [ 75.491459557951586, 12.474495110743792 ], [ 75.490187845523707, 12.471501922898401 ], [ 75.491994227384112, 12.467692907018723 ], [ 75.489061680356087, 12.465157419508007 ], [ 75.491366429984666, 12.464515123169043 ], [ 75.492695091524965, 12.461197645146985 ], [ 75.489773038600958, 12.459890193377536 ], [ 75.484930310573802, 12.461569687500919 ], [ 75.480437368635592, 12.465459275677189 ], [ 75.481373361408714, 12.468017665280968 ], [ 75.480078356258673, 12.468303428512638 ], [ 75.474103494881774, 12.461200545866811 ], [ 75.472661364023281, 12.465388763861164 ], [ 75.462656920514803, 12.4705154738747 ], [ 75.459647329093755, 12.473898229686434 ], [ 75.45905508436492, 12.478390119879414 ], [ 75.461725441821699, 12.47970530603112 ], [ 75.461626472446653, 12.485208945445029 ], [ 75.463633386825123, 12.486535974290572 ], [ 75.461789508221642, 12.489206327557421 ], [ 75.463932712370763, 12.491531128966518 ], [ 75.468964344150578, 12.493091763257185 ], [ 75.472608222334131, 12.500549722441392 ], [ 75.4622822077352, 12.504916994366974 ], [ 75.458198094952905, 12.516273683747096 ], [ 75.456085803633641, 12.516575524170619 ], [ 75.455416993517687, 12.513715973906596 ], [ 75.452327586100353, 12.515060105745318 ], [ 75.450105117816918, 12.519505044841024 ], [ 75.44584225114869, 12.518025798092989 ], [ 75.446159995307738, 12.520697594539108 ], [ 75.442118332140609, 12.521899675968303 ], [ 75.441072194524892, 12.526806199579802 ], [ 75.4365266003594, 12.528907905177102 ], [ 75.43042511858566, 12.519682978254492 ], [ 75.433573143520917, 12.516479488387462 ], [ 75.430504090895838, 12.514035327015947 ], [ 75.424951292536633, 12.515955578441812 ], [ 75.421352999740549, 12.513632655144297 ], [ 75.418129729628291, 12.514547082341956 ], [ 75.417829630684366, 12.510236621376952 ], [ 75.420148738047473, 12.509638329231141 ], [ 75.415085359095087, 12.504669219724853 ], [ 75.415533808870492, 12.501954945848246 ], [ 75.412041205029723, 12.503008332110118 ], [ 75.402656717632297, 12.49942380440268 ], [ 75.398723264633091, 12.502343607578666 ], [ 75.399181885765259, 12.503853391787802 ], [ 75.391866612814198, 12.501082046879841 ], [ 75.382703383021806, 12.50284501976849 ], [ 75.379030778670185, 12.496504143664129 ], [ 75.37007841983278, 12.492551019944949 ], [ 75.369211457053936, 12.487879565864551 ], [ 75.37176245076293, 12.487136013267733 ], [ 75.374411858922045, 12.481016793350758 ], [ 75.370533630928151, 12.474655342543187 ], [ 75.368318077685089, 12.475771636793549 ], [ 75.361262143958015, 12.465403050865453 ], [ 75.357661454627518, 12.464073335391211 ], [ 75.355541636243373, 12.465920457647634 ], [ 75.351718384169217, 12.46572996604246 ], [ 75.344707557964952, 12.463367989851694 ], [ 75.335777884622757, 12.464051205429296 ], [ 75.342029034386726, 12.47053727311777 ], [ 75.338480460051329, 12.47214888212957 ], [ 75.335992088785403, 12.476764696656046 ], [ 75.337414612969908, 12.494515206579017 ], [ 75.332669906486743, 12.499212552258735 ], [ 75.323376402228988, 12.496573577271839 ], [ 75.314734602046599, 12.496834873249659 ], [ 75.312075459963381, 12.503045129194676 ], [ 75.307279805933788, 12.502215082616397 ], [ 75.304031190501021, 12.504116519298702 ], [ 75.305181323754525, 12.507745020014641 ], [ 75.303221571780966, 12.514157387464969 ], [ 75.303504219354579, 12.523279017612211 ], [ 75.289981976047443, 12.523364799762728 ], [ 75.285883951213293, 12.527004369754007 ], [ 75.280101413029712, 12.525670812897177 ], [ 75.273086786970381, 12.53741524687538 ], [ 75.276799951302209, 12.541580562033959 ], [ 75.269722876011869, 12.546624567253968 ], [ 75.272523890663365, 12.552232800869271 ], [ 75.268945377550097, 12.563460748758748 ], [ 75.271340133538544, 12.571187101403412 ], [ 75.279963098146268, 12.573614193139985 ], [ 75.283793680907337, 12.571020815975967 ], [ 75.288848032415501, 12.583432948285521 ], [ 75.302382269814544, 12.581207152886845 ], [ 75.307870581906798, 12.578861023797323 ], [ 75.312240756578817, 12.57420991794319 ], [ 75.315538965260899, 12.57367324180669 ], [ 75.316988093824008, 12.577569886633912 ], [ 75.326098921554191, 12.581320714653788 ], [ 75.32780154871125, 12.58453224398049 ], [ 75.327054276280649, 12.592388015999378 ], [ 75.312081761979726, 12.589842244456586 ], [ 75.301892285216923, 12.605487937893251 ], [ 75.298953873212056, 12.605824696363804 ], [ 75.29147920083021, 12.602088068369131 ], [ 75.288238795726443, 12.610939693385026 ], [ 75.286026529256816, 12.611074670980837 ], [ 75.281983483839383, 12.616096697168789 ], [ 75.275718941591606, 12.618229807204717 ], [ 75.272288166193306, 12.615329881563731 ], [ 75.267998212272872, 12.614262174654881 ], [ 75.265165146454521, 12.61107571329522 ], [ 75.266597047182344, 12.606995799654253 ], [ 75.2640587610464, 12.605058627480799 ], [ 75.262596719285696, 12.598493217262698 ], [ 75.260011732910939, 12.596236660849549 ], [ 75.256332772318416, 12.595979236862679 ], [ 75.249910488773111, 12.584240263962878 ], [ 75.248095155630622, 12.584400058814129 ], [ 75.241472859174806, 12.579537363156943 ], [ 75.239224646304976, 12.580632056362237 ], [ 75.236842078181482, 12.576038351040573 ], [ 75.238167801973219, 12.575170444630173 ], [ 75.238032279888472, 12.569112370498175 ], [ 75.226898478008366, 12.568533521022696 ], [ 75.22371111544247, 12.570256299246372 ], [ 75.219913739957562, 12.568829513764012 ], [ 75.220308898548467, 12.571525554606083 ], [ 75.217236462952854, 12.574011387136725 ], [ 75.217360345634589, 12.5760723165745 ], [ 75.212894288197802, 12.577656095132143 ], [ 75.209258517070054, 12.591555829927945 ], [ 75.201128356767796, 12.587497266942792 ], [ 75.202265759329308, 12.593951093635559 ], [ 75.210607150474033, 12.596972654371655 ], [ 75.207869364673542, 12.602706458947884 ], [ 75.208035501476289, 12.606471981745653 ], [ 75.20345888080756, 12.609873733208691 ], [ 75.200160230305059, 12.610127906437031 ], [ 75.197741641525027, 12.614067929167611 ], [ 75.201528643277484, 12.620104601470215 ], [ 75.202381680664615, 12.628753173906492 ], [ 75.201337823297408, 12.630356821120943 ], [ 75.196719467187762, 12.631520179964623 ], [ 75.195359665065254, 12.633357484435079 ], [ 75.191221921783196, 12.633129770544313 ], [ 75.190726962842916, 12.635157465741909 ], [ 75.185145019709196, 12.633164265313669 ], [ 75.185767655246792, 12.632242982303854 ], [ 75.181625234114335, 12.632683696828479 ], [ 75.169834618088686, 12.622477467430857 ], [ 75.164237389014659, 12.624240952787884 ], [ 75.160832747970844, 12.622355310653052 ], [ 75.153404796265036, 12.625258033795459 ], [ 75.145076585195483, 12.638860609514781 ], [ 75.143262194096707, 12.639506639593769 ], [ 75.142654300493348, 12.638335647192278 ], [ 75.138161756726333, 12.643651499104717 ], [ 75.150146518013614, 12.64956420475874 ], [ 75.152565685214654, 12.656911583929027 ], [ 75.161409143109069, 12.671692489102378 ], [ 75.149213525731582, 12.673109284282354 ], [ 75.148427498185242, 12.675033774758727 ], [ 75.150873859739008, 12.682924405118699 ], [ 75.145950311256058, 12.681684042957864 ], [ 75.142866194822204, 12.677663221741229 ], [ 75.139004621358012, 12.679560550213679 ], [ 75.137199783347612, 12.675727360676056 ], [ 75.133491997534406, 12.677911915761985 ], [ 75.132901713052647, 12.675159165955671 ], [ 75.127675393825697, 12.676648659965164 ], [ 75.124511814575328, 12.68116268926029 ], [ 75.122360627325989, 12.678603457246435 ], [ 75.117983679321753, 12.681008319250978 ], [ 75.111967866965202, 12.681482506841302 ], [ 75.11375937750671, 12.684267494986418 ], [ 75.110801505872146, 12.688046539942787 ], [ 75.11075540159986, 12.690798238597553 ], [ 75.107366783016815, 12.691529414794813 ], [ 75.105398678820379, 12.697724736691999 ], [ 75.096251675414649, 12.70097084306458 ], [ 75.092769730378976, 12.700361704394757 ], [ 75.084707335694731, 12.705326733899849 ], [ 75.08523301430391, 12.703180838299145 ], [ 75.080695904999558, 12.699150323282771 ], [ 75.085021797856314, 12.69562875945816 ], [ 75.083301526315779, 12.693732762439671 ], [ 75.085399217304555, 12.692004174348924 ], [ 75.084842718804993, 12.686953785333564 ], [ 75.087241313546201, 12.67611091006234 ], [ 75.079593113235489, 12.671049024381782 ], [ 75.073728975835067, 12.671908561555611 ], [ 75.069347172117133, 12.664149822414304 ], [ 75.067100143491885, 12.663470244369629 ], [ 75.060374581822003, 12.668497381096531 ], [ 75.059288855949418, 12.671535026397953 ], [ 75.05769010705869, 12.669260278463165 ], [ 75.058765385300092, 12.665994337901749 ], [ 75.056891095574628, 12.665720486320403 ], [ 75.053461029540685, 12.669736934472049 ], [ 75.050302912652612, 12.669609495980525 ], [ 75.046767895847708, 12.666542531690524 ], [ 75.042295236052098, 12.67242784961088 ], [ 75.041590145525163, 12.678506447106672 ], [ 75.043380082095851, 12.681712167031016 ], [ 75.040429540696039, 12.684073928190523 ], [ 75.043023471992967, 12.687800682219766 ], [ 75.042880759000326, 12.693085667806871 ], [ 75.046792747581307, 12.694769899534704 ], [ 75.053114925653006, 12.692545725354693 ], [ 75.053018661543774, 12.690076314254444 ], [ 75.055996391111833, 12.693157882010308 ], [ 75.050779161738078, 12.703723894659094 ], [ 75.05207332781012, 12.706872234428362 ], [ 75.054626405479908, 12.707008155126587 ], [ 75.054124059827146, 12.711056423108509 ], [ 75.0502090473923, 12.715922733055946 ], [ 75.051707087532151, 12.720094322693518 ], [ 75.044820349038332, 12.722429758726779 ], [ 75.043224540994203, 12.720974156641402 ], [ 75.037849648422807, 12.724182925171224 ], [ 75.026622345882004, 12.718957457011891 ], [ 75.018541517267977, 12.721080111939246 ], [ 75.015677528146455, 12.71390985176094 ], [ 75.00125643852985, 12.71612491434305 ], [ 75.00101830720871, 12.719777498988853 ], [ 75.004898998294777, 12.719714099239349 ], [ 75.013238472027581, 12.728260176279628 ], [ 74.999046676122404, 12.732598319618479 ], [ 74.992559987196898, 12.73978886917709 ], [ 74.989760404849136, 12.737241957750809 ], [ 74.990712040594843, 12.736289616540247 ], [ 74.988961148739193, 12.735921505170115 ], [ 74.988933674373541, 12.737318068392385 ], [ 74.985982954958757, 12.73390158299881 ], [ 74.98392828904926, 12.736368523700257 ], [ 74.985178705536597, 12.738815050314175 ], [ 74.983510366210226, 12.738831444978898 ], [ 74.984613821541103, 12.743672956973603 ], [ 74.987660962873179, 12.742550751552585 ], [ 74.992044345476188, 12.746778242236253 ], [ 74.993364856447641, 12.749857300449328 ], [ 74.997049142312903, 12.752541174355668 ], [ 74.998942073553025, 12.757387473679398 ], [ 75.003321032530309, 12.75979309968055 ], [ 75.004904111026789, 12.764571143298619 ], [ 75.0082506721903, 12.767067077017249 ], [ 75.002856669875214, 12.780136131193435 ], [ 75.005245056171049, 12.79096547752933 ], [ 75.002156340624339, 12.791910703284659 ], [ 74.999538895287557, 12.79066535061126 ], [ 75.002488796398666, 12.788202794305102 ], [ 74.998243455536411, 12.786612335947282 ], [ 74.999309869847522, 12.788567615028581 ], [ 74.994626818372922, 12.79054535628125 ], [ 74.991229320264196, 12.795866334123907 ], [ 74.988735282144646, 12.795914797676755 ], [ 74.987532182373627, 12.793899936849819 ], [ 74.986063233801659, 12.796067020387222 ], [ 74.98605746685196, 12.792707995152103 ], [ 74.988664093486435, 12.792830163446874 ], [ 74.992400098076104, 12.787951190116296 ], [ 74.986354594195319, 12.782290330295288 ], [ 74.983232423541224, 12.782924212640085 ], [ 74.982542789300268, 12.779965158205941 ], [ 74.96776841503393, 12.776688100369723 ], [ 74.966548858969446, 12.776603027051054 ], [ 74.967307310153529, 12.779595664983058 ], [ 74.964431622692132, 12.782308997572501 ], [ 74.963204018531613, 12.779232389144036 ], [ 74.960279052610957, 12.778540897451091 ], [ 74.958653346949276, 12.784940258162498 ], [ 74.950543578300866, 12.784518287975532 ], [ 74.941735234176775, 12.780204891616567 ], [ 74.93123355199603, 12.779928808402078 ], [ 74.916271586716803, 12.771200973259472 ], [ 74.911236293610031, 12.770777842598701 ], [ 74.89904595862383, 12.762439477128291 ], [ 74.893131131959635, 12.762336503131628 ], [ 74.883134185982598, 12.753975043693043 ], [ 74.88020935506772, 12.755381258032466 ], [ 74.874970775228064, 12.754467904798119 ], [ 74.872178507174027, 12.761274494608983 ], [ 74.864936693093796, 12.75931690251428 ], [ 74.854036070696509, 12.784950671875571 ], [ 74.846727226153476, 12.794948928278096 ], [ 74.836807183709141, 12.82387027556266 ], [ 74.832569458560201, 12.831225801084639 ], [ 74.833496804747753, 12.832101628898055 ], [ 74.830422050532945, 12.840362080791344 ], [ 74.824975688358123, 12.846478227811478 ], [ 74.822812160179936, 12.853123554181096 ], [ 74.812170169780032, 12.897644433041712 ], [ 74.794670735409142, 12.987331460174259 ], [ 74.789224835062285, 13.006213002628952 ], [ 74.784809342803015, 13.033629923617141 ], [ 74.779298219918559, 13.05539451310154 ], [ 74.77695650939161, 13.071269886226036 ], [ 74.779549379435082, 13.071475510074928 ], [ 74.776748037005476, 13.081901512299428 ], [ 74.780820532291344, 13.090922218038074 ], [ 74.777436721575398, 13.102358124053204 ], [ 74.781784948835849, 13.104563185591687 ], [ 74.786106255140666, 13.099198080884674 ], [ 74.792744766488624, 13.09673250605784 ], [ 74.797210557061916, 13.10106403211449 ], [ 74.798588609668784, 13.108068261621488 ], [ 74.796397399360032, 13.110913870436153 ], [ 74.794408738250041, 13.108750586832222 ], [ 74.791328766941419, 13.112539230036491 ], [ 74.792182893262051, 13.117471782103831 ], [ 74.795707780147055, 13.118202747739202 ], [ 74.802489355450092, 13.114170218356755 ], [ 74.806405692471742, 13.115952549277704 ], [ 74.809826615847598, 13.113347182292555 ], [ 74.81222731973466, 13.115324189939534 ], [ 74.81214052493327, 13.118617883315492 ], [ 74.814370010876331, 13.122516528705072 ], [ 74.822652400321999, 13.123921010414852 ], [ 74.82604810582275, 13.12940777144046 ], [ 74.833780809803756, 13.12985522465403 ], [ 74.833676293791541, 13.128117410499534 ], [ 74.837917764992838, 13.12910758309819 ], [ 74.842394219269963, 13.127270226582059 ], [ 74.844389727333677, 13.129461062180269 ], [ 74.84696845576066, 13.129270571726085 ], [ 74.849878721312336, 13.126146153249096 ], [ 74.855450494821454, 13.125674384069125 ], [ 74.858855094337216, 13.127496146101564 ], [ 74.862252296049206, 13.126353355580877 ], [ 74.863578560759933, 13.122106400325674 ], [ 74.868225774711576, 13.121064785120936 ], [ 74.87067988234449, 13.112927962030552 ], [ 74.873150212763704, 13.110843758699437 ], [ 74.873498031734684, 13.099835573714964 ], [ 74.87867248418155, 13.094568169339999 ], [ 74.887600231608303, 13.098562799923599 ], [ 74.892583954568579, 13.103013715988325 ], [ 74.897680881156319, 13.104828542661192 ], [ 74.9008234442163, 13.104303301473832 ], [ 74.90246076932354, 13.107752419365198 ], [ 74.911618813420986, 13.108451267894091 ], [ 74.911441002756376, 13.110198684414383 ], [ 74.908529944729381, 13.110038535433368 ], [ 74.907996878815482, 13.111306821276745 ], [ 74.913100674464445, 13.113617633667957 ], [ 74.913792487568543, 13.115721813327141 ], [ 74.913254495631762, 13.119498039271813 ], [ 74.907356397889529, 13.121502552012332 ], [ 74.908945720863514, 13.129004239104811 ], [ 74.914539523637387, 13.131646297604272 ], [ 74.919024054227293, 13.138097750796037 ], [ 74.932536108923685, 13.146983181858396 ], [ 74.934912563757621, 13.145112318044802 ], [ 74.934469992924008, 13.142451612626154 ], [ 74.93639427828353, 13.142763712397857 ], [ 74.935716606607784, 13.141400692856037 ], [ 74.939950580821332, 13.142362746398039 ], [ 74.940154120617578, 13.143771660000599 ], [ 74.942494792779925, 13.141473726512345 ], [ 74.943275160643338, 13.139589407187025 ], [ 74.941270293623163, 13.140177725433936 ], [ 74.942456471019767, 13.138178435285008 ], [ 74.940994116717349, 13.135554272004889 ], [ 74.943436641023325, 13.134429964114968 ], [ 74.939187458056736, 13.131420319092687 ], [ 74.940606171607413, 13.13177539336942 ], [ 74.949583859567483, 13.120285516131387 ], [ 74.948390144575328, 13.120024598743619 ], [ 74.952303727532353, 13.118065295220351 ], [ 74.955053596360216, 13.120573166668379 ], [ 74.958893310205539, 13.119569316587487 ], [ 74.960083570633145, 13.122655717377484 ], [ 74.963369935782239, 13.122490022233256 ], [ 74.975014747732629, 13.12755208743817 ], [ 74.986836300376424, 13.148625795136125 ], [ 74.991374385933227, 13.150316048128809 ], [ 74.994487272685106, 13.154294566740287 ], [ 74.99888242277278, 13.151425909679288 ], [ 75.000002657403954, 13.148675301453974 ], [ 75.002071076558209, 13.148367529581936 ], [ 75.002688988787767, 13.145585541009066 ], [ 75.016697092928069, 13.136890042032153 ], [ 75.016023491233923, 13.131874875429132 ], [ 75.025856389831006, 13.137903622229601 ], [ 75.027969764575985, 13.137077318888606 ], [ 75.032492605490148, 13.139435377245563 ], [ 75.033438086545019, 13.142238379635966 ], [ 75.035928615004536, 13.143209268530955 ], [ 75.050025402683772, 13.135508962702627 ], [ 75.066551057057509, 13.139695955936904 ], [ 75.064061696155093, 13.146675734583722 ], [ 75.073484564082591, 13.149052795378086 ], [ 75.078927391810268, 13.146397872945032 ], [ 75.08107447503447, 13.158407011116813 ], [ 75.093439954883351, 13.159759474184368 ], [ 75.095346673492543, 13.161927897929347 ], [ 75.100217525120954, 13.159901057674155 ], [ 75.100265387942315, 13.153255538323327 ], [ 75.104066034740953, 13.153816605810572 ], [ 75.103207591117368, 13.150982327580232 ], [ 75.105944658625774, 13.147433742577192 ], [ 75.105684332766131, 13.148863110357107 ], [ 75.11422025651845, 13.150392972525177 ], [ 75.111538686099479, 13.147612642971154 ], [ 75.116262301373894, 13.141068624383539 ], [ 75.120661195578649, 13.138224649438298 ], [ 75.119742785840714, 13.134474221067482 ], [ 75.12143868404975, 13.132670942843976 ], [ 75.128064424928056, 13.129791880937365 ], [ 75.129889970270028, 13.133310282411317 ], [ 75.132288978488546, 13.132108458421438 ], [ 75.136256113072491, 13.133304336683528 ], [ 75.137441744726189, 13.130891465619543 ], [ 75.140083153458107, 13.132305573600647 ], [ 75.1427273459622, 13.130195968525264 ], [ 75.144740671833631, 13.132159975366816 ], [ 75.144266210463996, 13.126121591197178 ], [ 75.148720453982122, 13.123292292783061 ], [ 75.159455430430967, 13.130171618539249 ], [ 75.159379735800812, 13.13156021901843 ], [ 75.162094830458543, 13.130084999968531 ], [ 75.169036015807492, 13.141540261163673 ], [ 75.178989664853063, 13.149777364469607 ], [ 75.184480294058901, 13.16105499960938 ], [ 75.193534693620592, 13.158697915543655 ], [ 75.207034321844958, 13.158270208976585 ], [ 75.204981738056077, 13.154618041788661 ], [ 75.207615578640684, 13.151019664066 ], [ 75.212002280686576, 13.154103609259201 ], [ 75.215927167131014, 13.154606217866966 ], [ 75.223076928918758, 13.146153538173342 ], [ 75.22671585404332, 13.147082414498557 ], [ 75.230198557481145, 13.140469580847014 ], [ 75.237432715601656, 13.138911751346166 ], [ 75.242753179439276, 13.131316097960381 ], [ 75.247103331718449, 13.128533946710411 ], [ 75.248600644577124, 13.130034494921956 ], [ 75.255100825676649, 13.1293160593882 ], [ 75.261812802320037, 13.123714754293617 ], [ 75.264196201236288, 13.125187776902971 ], [ 75.266609834500031, 13.124053851433411 ], [ 75.270776713896154, 13.124719330578474 ], [ 75.277765580978709, 13.131771608913649 ], [ 75.280946779849245, 13.12455797430904 ], [ 75.283348541362599, 13.125754844529315 ], [ 75.285075204800293, 13.122763705070811 ], [ 75.288348324032199, 13.122650908914867 ], [ 75.290892505128042, 13.12951828623884 ], [ 75.294585168188888, 13.12693328215032 ], [ 75.30390376790983, 13.125709344089625 ], [ 75.310599958166861, 13.129436563158349 ], [ 75.311440270024434, 13.137954096251402 ], [ 75.318355762881637, 13.139672399531559 ], [ 75.319427817232722, 13.143837812057614 ], [ 75.317700811580877, 13.1505778320752 ], [ 75.321939686854606, 13.157723336399069 ], [ 75.324302963429062, 13.165917304516874 ], [ 75.326431037686945, 13.166172773238204 ], [ 75.329035996470594, 13.164083708312832 ], [ 75.329763228780592, 13.168205735326206 ], [ 75.338357318929695, 13.178420904027259 ], [ 75.345973762571873, 13.180687447059976 ], [ 75.356279507608519, 13.187296677976331 ], [ 75.363264337343452, 13.181987317073613 ], [ 75.378215579545355, 13.181348586825916 ], [ 75.384244977713294, 13.177885023111552 ], [ 75.388547859964305, 13.170716050667146 ], [ 75.393764793114087, 13.166325867907267 ], [ 75.3978630414789, 13.165054852407275 ], [ 75.40081661917057, 13.16116574359336 ], [ 75.406997405742359, 13.158067609826706 ], [ 75.407568814935033, 13.152471475212312 ], [ 75.409553014471896, 13.150075307028585 ], [ 75.407327275379117, 13.139660392962465 ], [ 75.411768691871444, 13.124946559375282 ], [ 75.409959018237643, 13.117571095178532 ], [ 75.406300565189525, 13.111747710307174 ], [ 75.409609862282693, 13.111056634363681 ], [ 75.415356215302893, 13.105553947758628 ], [ 75.41882895046507, 13.107516383792918 ], [ 75.423764127076538, 13.106117439609426 ], [ 75.426795232608342, 13.114340107395492 ], [ 75.432023014253062, 13.11746906106095 ], [ 75.432241937859331, 13.120407108936865 ], [ 75.43328105746852, 13.118469451778971 ], [ 75.441272895484786, 13.11435311429603 ], [ 75.443922527440719, 13.105991758269868 ], [ 75.448995418247065, 13.109026180129744 ], [ 75.456308408926731, 13.109459251309147 ], [ 75.466889181315381, 13.101938890430395 ], [ 75.473669180968727, 13.093966666556353 ], [ 75.466498701616217, 13.082855304390842 ], [ 75.467569944248311, 13.076781408794908 ], [ 75.472212747375409, 13.078817203362449 ], [ 75.478009659165281, 13.076782798619547 ], [ 75.480425896337195, 13.084362832916527 ], [ 75.487809327505602, 13.09024324579779 ], [ 75.491704003829668, 13.089286834313844 ], [ 75.507761643110527, 13.069215973598022 ], [ 75.518716368759542, 13.060708999591787 ], [ 75.519531599060301, 13.058550694691244 ], [ 75.514886806825658, 13.054734603998874 ], [ 75.527023974222345, 13.049370709638673 ], [ 75.526280141966879, 13.038080134488961 ], [ 75.520146842417063, 13.030449809042246 ], [ 75.520681039076052, 13.027340061045525 ], [ 75.529232467598959, 13.025042762219174 ], [ 75.529945775790992, 13.015982895090051 ], [ 75.5325647187003, 13.009140736218605 ], [ 75.530020518876555, 13.001977076254947 ], [ 75.52450133087163, 13.002045749724438 ], [ 75.527358947798561, 12.996398021402689 ], [ 75.522308783777419, 12.991017540083902 ], [ 75.520665526954843, 12.985728394151668 ], [ 75.501838493292453, 12.981108329129329 ], [ 75.509630130616273, 12.980512409925185 ], [ 75.517265120782966, 12.96999524995001 ], [ 75.521331400904572, 12.968185819193907 ], [ 75.523738480344747, 12.970409495199162 ], [ 75.5264170268063, 12.969288016364541 ], [ 75.528130080429719, 12.965196656509601 ], [ 75.53292463073889, 12.962081348220815 ], [ 75.533056948877004, 12.959856203806568 ], [ 75.536555294808323, 12.959971787861466 ], [ 75.546931881822545, 12.955806830425344 ], [ 75.553390929589696, 12.950191093846176 ], [ 75.551614786836808, 12.945766075003156 ], [ 75.553490126142549, 12.942672186292935 ], [ 75.552081232670361, 12.935727279950733 ], [ 75.552995606970612, 12.913538102658066 ], [ 75.545866771493451, 12.904380437353378 ], [ 75.548458592750336, 12.893584088641489 ], [ 75.552065003214196, 12.888802239670303 ], [ 75.551161574053452, 12.874715552819358 ], [ 75.553806080365575, 12.869310405912016 ], [ 75.560834946442597, 12.869802669271232 ], [ 75.560923040293758, 12.868295220641242 ], [ 75.564371416775529, 12.867171197258982 ], [ 75.577756642590444, 12.873047169369601 ], [ 75.598656196289411, 12.875205447524076 ], [ 75.602271568038319, 12.873939722924067 ], [ 75.60047812617718, 12.869902719013998 ], [ 75.603349622192709, 12.865281025758602 ], [ 75.61264024681833, 12.862109870575196 ], [ 75.618029662639131, 12.856385391223181 ], [ 75.622398658290123, 12.856613121407664 ], [ 75.623618432630977, 12.849952446688635 ], [ 75.614943743430018, 12.832711296366876 ], [ 75.61493573893425, 12.828102796046672 ], [ 75.617885852973998, 12.82738165657995 ], [ 75.618839331454865, 12.82498386877479 ], [ 75.619563186095107, 12.803326823924923 ], [ 75.612876422932075, 12.796547672231803 ], [ 75.61292762987992, 12.793738405005451 ], [ 75.617583275826433, 12.793197127017356 ], [ 75.625855516206244, 12.784989216456866 ], [ 75.625640828328983, 12.77810454997228 ], [ 75.6313036579851, 12.776200760303889 ], [ 75.628224325953255, 12.774319027608712 ], [ 75.637225547113019, 12.769027070650525 ], [ 75.638461694370875, 12.760406341353953 ], [ 75.65491975506518, 12.751205189535796 ], [ 75.657939914928917, 12.751112323821335 ], [ 75.660724109963581, 12.74639989033315 ], [ 75.656459520314769, 12.734655870435711 ], [ 75.657160128587719, 12.730927644695377 ], [ 75.655205305331819, 12.720155294541719 ], [ 75.637791517455881, 12.7105052432732 ], [ 75.629200540593502, 12.700173893499379 ], [ 75.634582987984359, 12.69369220562583 ] ] ] } },
{ "type": "Feature", "properties": { "DISTRICT": "Davanagere" }, "geometry": { "type": "Polygon", "coordinates": [ [ [ 76.457268498137168, 14.489214260868568 ], [ 76.45554349112146, 14.465471382117661 ], [ 76.459563728143948, 14.457169268929611 ], [ 76.459965196838212, 14.45025186160121 ], [ 76.437070987615741, 14.447282956106497 ], [ 76.423917416841178, 14.449467520653302 ], [ 76.424045904052775, 14.438114140003186 ], [ 76.414650494930967, 14.439293991842217 ], [ 76.40723653380384, 14.435929421545231 ], [ 76.395642823242312, 14.436248882337255 ], [ 76.395326494790766, 14.430331175877363 ], [ 76.39287120479905, 14.430559664801688 ], [ 76.39350417405501, 14.427899094946977 ], [ 76.383794168829681, 14.427200816410112 ], [ 76.384227340906222, 14.41937716835713 ], [ 76.38113056607979, 14.41973038859585 ], [ 76.37757232986435, 14.417689810195384 ], [ 76.369866166449754, 14.42008842827429 ], [ 76.353984184798762, 14.419319793081488 ], [ 76.349151381152311, 14.416387634312626 ], [ 76.342275830603214, 14.417124882786322 ], [ 76.337886100932124, 14.419326974495556 ], [ 76.338447963856652, 14.414977236277016 ], [ 76.331309267696753, 14.408475430041841 ], [ 76.292597626315882, 14.408646553871495 ], [ 76.28187168118825, 14.404597018446196 ], [ 76.273720895837513, 14.408899127615779 ], [ 76.270566082501944, 14.420407943085488 ], [ 76.264179233936673, 14.424832220617258 ], [ 76.264007245410568, 14.436968279896002 ], [ 76.260085865998832, 14.444458097610411 ], [ 76.248294885661579, 14.443819307688699 ], [ 76.238386123538305, 14.450457610741672 ], [ 76.218814301399775, 14.441945229911784 ], [ 76.214814922401601, 14.445761546355662 ], [ 76.208451400824913, 14.456288599222226 ], [ 76.202770197313185, 14.45880923599389 ], [ 76.176561842719977, 14.462304405148116 ], [ 76.174590047386559, 14.462421864730368 ], [ 76.172729696224209, 14.460114317876622 ], [ 76.173711838826762, 14.44794573245043 ], [ 76.164265143505958, 14.445844771185326 ], [ 76.14523022741858, 14.431875106120994 ], [ 76.136069693174875, 14.426972154559442 ], [ 76.141622828033476, 14.418274522156727 ], [ 76.142631050753494, 14.411444024469334 ], [ 76.148615731667704, 14.407959331867964 ], [ 76.153491187233996, 14.397001845096057 ], [ 76.155409195538837, 14.377420448486047 ], [ 76.150680470963664, 14.376322085607137 ], [ 76.151011308667876, 14.366603775943227 ], [ 76.155620970129334, 14.358366686844185 ], [ 76.155115733492252, 14.349735095748439 ], [ 76.158929441276484, 14.329520262505602 ], [ 76.156612841000154, 14.323797774995393 ], [ 76.157222228111536, 14.321065588905345 ], [ 76.15373494217819, 14.318219314933579 ], [ 76.146797496103844, 14.321256743457633 ], [ 76.116728983734163, 14.323566872250185 ], [ 76.109705689224796, 14.317373022899144 ], [ 76.109237582261628, 14.313625994964928 ], [ 76.105942317022425, 14.308909842678663 ], [ 76.108730050045878, 14.306157928810732 ], [ 76.109704013148701, 14.301869749801574 ], [ 76.11518245486667, 14.301032960283962 ], [ 76.121466529569759, 14.289539302602467 ], [ 76.116838661678329, 14.277178931051299 ], [ 76.125146544351608, 14.282417426835622 ], [ 76.130035302113782, 14.281681468592495 ], [ 76.130376707822109, 14.268832614713967 ], [ 76.134885641135497, 14.261815222048799 ], [ 76.134569352220964, 14.256083249562085 ], [ 76.117992036155883, 14.251493841853163 ], [ 76.07982720040647, 14.247103595523811 ], [ 76.072511938169512, 14.226564473182352 ], [ 76.0607980521835, 14.222257179902899 ], [ 76.064167545271559, 14.216224869255909 ], [ 76.065928524701988, 14.206376975453802 ], [ 76.064268043821301, 14.206666767015658 ], [ 76.063166630036363, 14.203747783452531 ], [ 76.058006448769504, 14.202651655700366 ], [ 76.056459898772346, 14.191458258724383 ], [ 76.057320432942802, 14.181262282867086 ], [ 76.066246989067935, 14.18148694241758 ], [ 76.06502609140513, 14.177741374017689 ], [ 76.065716246446129, 14.170603056665467 ], [ 76.064237500175182, 14.171432827921146 ], [ 76.063453150660806, 14.16903203688525 ], [ 76.063844744258432, 14.15996329898733 ], [ 76.045690128088026, 14.155443757344221 ], [ 76.046604728404958, 14.145218094861541 ], [ 76.040235068022696, 14.143338470877474 ], [ 76.035692915470918, 14.13557254113694 ], [ 76.032656835968297, 14.134433301348878 ], [ 76.033471411214634, 14.125024767781245 ], [ 76.031998122331629, 14.121388298944863 ], [ 76.033174502513901, 14.120232758620064 ], [ 76.027918297604828, 14.11972113935451 ], [ 76.025060741246563, 14.113087539974437 ], [ 76.026349851882514, 14.104406800885384 ], [ 76.025433271809192, 14.100256063208713 ], [ 76.03493796498455, 14.099848162345932 ], [ 76.034128684152648, 14.095829709659295 ], [ 76.032689977441635, 14.095526826791657 ], [ 76.033980511656935, 14.090806399981206 ], [ 76.036931380553099, 14.090571220268179 ], [ 76.041198105863444, 14.094526745005348 ], [ 76.047707282787897, 14.097206499970437 ], [ 76.052271101399867, 14.09401160749252 ], [ 76.05484949744833, 14.089241041906234 ], [ 76.053575402894893, 14.081791001895926 ], [ 76.055699568893573, 14.072611404683451 ], [ 76.054088362534586, 14.061674435031508 ], [ 76.051763345633915, 14.060527804741328 ], [ 76.049802628419911, 14.05486368684346 ], [ 76.048521848578886, 14.044888207446864 ], [ 76.0483086112325, 14.038034901234358 ], [ 76.05115719801725, 14.037789929072428 ], [ 76.051117967439836, 14.030012639261226 ], [ 76.048044020282106, 14.012634654268661 ], [ 76.045920560974807, 14.013162657419 ], [ 76.043026675099952, 13.990288327617543 ], [ 76.04724180372375, 13.982523861728037 ], [ 76.0498046643891, 13.983498678021585 ], [ 76.051119190242062, 13.978817283109992 ], [ 76.072382382178844, 13.9821446239482 ], [ 76.069192847590159, 13.967567755569071 ], [ 76.068896039889665, 13.947885392695483 ], [ 76.065970767159811, 13.941361646383228 ], [ 76.046614066706695, 13.940740854443073 ], [ 76.044822982090452, 13.942020301231935 ], [ 76.032419049775115, 13.921778600684023 ], [ 76.029255269486441, 13.920403366971021 ], [ 76.028519476543124, 13.89877554916831 ], [ 76.034696406561551, 13.897524027426041 ], [ 76.033166348167455, 13.881419251914435 ], [ 76.029954667982523, 13.874983112457549 ], [ 76.027362067842617, 13.874980955718588 ], [ 76.027532533278134, 13.871877122946938 ], [ 76.030031878018079, 13.871017480716311 ], [ 76.030697852089574, 13.867678937322452 ], [ 76.02644981856011, 13.868040556754925 ], [ 76.024921614120899, 13.864739295168572 ], [ 76.020885714654824, 13.862245691970207 ], [ 76.017160312291139, 13.86477646979195 ], [ 76.015995748260465, 13.870596017130456 ], [ 76.010068593456836, 13.865166797521008 ], [ 76.00601235143472, 13.866882941791051 ], [ 75.993898866806731, 13.850360768212962 ], [ 75.988401344207574, 13.847820754165692 ], [ 75.977106904538914, 13.848776783097621 ], [ 75.975068841923303, 13.852609316154473 ], [ 75.969231055853015, 13.853479716131817 ], [ 75.969068059573303, 13.854986104715117 ], [ 75.963826122605667, 13.84558274580956 ], [ 75.958462265053697, 13.842970980578983 ], [ 75.958377694579909, 13.840282380846933 ], [ 75.95579872785747, 13.839989320632684 ], [ 75.955141900929618, 13.837462871225535 ], [ 75.952948319853519, 13.837082488698002 ], [ 75.947838942893171, 13.830691196861666 ], [ 75.950346262960394, 13.824875838363228 ], [ 75.949469805500556, 13.820077639339765 ], [ 75.953032835911273, 13.817951369845526 ], [ 75.952228159088605, 13.815870122962918 ], [ 75.947163036874358, 13.817145431587969 ], [ 75.946208698304744, 13.813945994004019 ], [ 75.939995003411113, 13.812692027729661 ], [ 75.92655081842635, 13.813672708452378 ], [ 75.919378426588892, 13.807355121095895 ], [ 75.907222493598439, 13.806793078942981 ], [ 75.901963678728961, 13.8090706247733 ], [ 75.902093221188252, 13.812596381553117 ], [ 75.89415051283332, 13.811072394743507 ], [ 75.893269630564603, 13.80703911486729 ], [ 75.886287242170653, 13.809214921545962 ], [ 75.876746194180342, 13.809185184793124 ], [ 75.872284504260818, 13.832425937882034 ], [ 75.868582986062336, 13.839858477509626 ], [ 75.865679706031301, 13.855884236355719 ], [ 75.864770022941983, 13.872552498369782 ], [ 75.869688188699172, 13.903661503537698 ], [ 75.863608378041988, 13.906356546140039 ], [ 75.832731228889301, 13.966767277613727 ], [ 75.830921600273541, 13.974802527088926 ], [ 75.83199135381814, 13.989550569750387 ], [ 75.824593024859382, 14.006258831623049 ], [ 75.824645045849849, 14.017943834168999 ], [ 75.821658021544451, 14.017976062615983 ], [ 75.808705905554191, 14.02399925652408 ], [ 75.803064444739874, 14.023104856854859 ], [ 75.798986231138642, 14.033448671443335 ], [ 75.802051197867485, 14.042840805814796 ], [ 75.813033419749289, 14.047550073532092 ], [ 75.820979944189233, 14.063615419548032 ], [ 75.820155190990462, 14.070342016615264 ], [ 75.822717053820128, 14.073985930420875 ], [ 75.819643959341164, 14.083768427717773 ], [ 75.813519589010852, 14.095057017940961 ], [ 75.812838454978035, 14.10376193670157 ], [ 75.804048878157019, 14.099813239424334 ], [ 75.77184237605195, 14.100937197540983 ], [ 75.768123683750133, 14.1014610522518 ], [ 75.767932326651163, 14.109278813109302 ], [ 75.757075472809149, 14.110510299952935 ], [ 75.75497674416934, 14.108982590147701 ], [ 75.752874841849462, 14.101995280691423 ], [ 75.738562619518589, 14.101471297222473 ], [ 75.738145756242389, 14.087074495062229 ], [ 75.721030502397525, 14.083385996570772 ], [ 75.727475667322537, 14.076830669785332 ], [ 75.725808891271939, 14.075635402335079 ], [ 75.70890825274077, 14.072459405106891 ], [ 75.693749664838151, 14.07195352092635 ], [ 75.689961104808773, 14.069700766488639 ], [ 75.678874045384674, 14.068138361584746 ], [ 75.673924059292872, 14.065672494336575 ], [ 75.651361499827871, 14.071114941060154 ], [ 75.644401491654804, 14.075103409204218 ], [ 75.642975701368783, 14.078463218742842 ], [ 75.640411785008311, 14.079999642979994 ], [ 75.63490306310085, 14.080224717555186 ], [ 75.632302229887401, 14.079131125585175 ], [ 75.630554913451121, 14.07449364673514 ], [ 75.618050208301582, 14.077127078917142 ], [ 75.610759313924802, 14.059787434876768 ], [ 75.605057841911133, 14.05741279217904 ], [ 75.601504077112068, 14.058415653479228 ], [ 75.599956572389758, 14.061285658706245 ], [ 75.590844039055696, 14.063551017834646 ], [ 75.585473697477397, 14.058349545043159 ], [ 75.580340758741798, 14.062808940421348 ], [ 75.568820394355797, 14.067260779079062 ], [ 75.553987241947496, 14.078915807198022 ], [ 75.547851342342042, 14.076997741294811 ], [ 75.543428366029175, 14.080332178890909 ], [ 75.540551971271057, 14.079656847432423 ], [ 75.538813990884222, 14.082641486667976 ], [ 75.539835669991064, 14.084765120824036 ], [ 75.533206889367037, 14.090764336631491 ], [ 75.531377521845741, 14.097775737708549 ], [ 75.529576408429122, 14.097115433561697 ], [ 75.530524137482033, 14.094947450101914 ], [ 75.528755511642274, 14.095327850498686 ], [ 75.527989086317803, 14.093287331946113 ], [ 75.524953012511276, 14.094989481264319 ], [ 75.524153088202397, 14.093694989745574 ], [ 75.510857244054449, 14.101438216917964 ], [ 75.506244446736559, 14.098844916362792 ], [ 75.490832467733497, 14.097701262226249 ], [ 75.489126388369201, 14.103559135485687 ], [ 75.477006195188281, 14.099634351152377 ], [ 75.466220745288211, 14.1047717375953 ], [ 75.455370880193612, 14.098916631674578 ], [ 75.438492884257727, 14.098498610347985 ], [ 75.439897939694958, 14.102419031829854 ], [ 75.435517430811075, 14.10557795150581 ], [ 75.426961434488035, 14.1095705676459 ], [ 75.396728131556614, 14.118059827243702 ], [ 75.400974921808967, 14.12754690140134 ], [ 75.416526022347753, 14.142540100247507 ], [ 75.420248056564873, 14.141263548291819 ], [ 75.422919261502017, 14.150484004651915 ], [ 75.432853299639632, 14.153877915469877 ], [ 75.43781072023252, 14.160207068173129 ], [ 75.462048135079741, 14.172580898345878 ], [ 75.483835591726347, 14.177132457510067 ], [ 75.469012959267346, 14.193855841825169 ], [ 75.45329323732517, 14.205146293154915 ], [ 75.465101942244303, 14.210093250465178 ], [ 75.473562842687286, 14.210225864117879 ], [ 75.473982045823135, 14.213693228900731 ], [ 75.507283425277819, 14.218913424314547 ], [ 75.517912056811028, 14.208306885512377 ], [ 75.518086405018892, 14.205485958704502 ], [ 75.52089786343447, 14.202959836062536 ], [ 75.526986959760407, 14.203108770845775 ], [ 75.528668925200591, 14.214985283183747 ], [ 75.527149181573748, 14.217726108780923 ], [ 75.526533822011814, 14.228658858719319 ], [ 75.530272778252851, 14.229161414020572 ], [ 75.528897880017595, 14.230250676080765 ], [ 75.527156642070111, 14.244334529544297 ], [ 75.530671071062812, 14.276591555968535 ], [ 75.540041228980172, 14.277413400310973 ], [ 75.549253062489328, 14.273777737099929 ], [ 75.557050341378499, 14.274042020641208 ], [ 75.560967699173162, 14.277465513095445 ], [ 75.574485822770129, 14.276355254330019 ], [ 75.583186582802938, 14.278148592168284 ], [ 75.587406572984847, 14.288810076063825 ], [ 75.589932705291375, 14.286213302896808 ], [ 75.598352992879342, 14.289888515283934 ], [ 75.600351529916665, 14.292616720537078 ], [ 75.603503748865933, 14.293067382880107 ], [ 75.610943459649903, 14.315827410679187 ], [ 75.634460728754277, 14.314828675680401 ], [ 75.634767741085398, 14.323050157630712 ], [ 75.633226648686303, 14.326511708781752 ], [ 75.628066325594702, 14.329015333005424 ], [ 75.62379334872297, 14.338504774579578 ], [ 75.6224338999818, 14.345923372600286 ], [ 75.624754331171374, 14.363327846454164 ], [ 75.636343419927798, 14.393755911697038 ], [ 75.643988797369843, 14.431176209740739 ], [ 75.634233871169272, 14.432913095241551 ], [ 75.637497522573071, 14.441719998994206 ], [ 75.633135026734053, 14.443214428571201 ], [ 75.630665712212817, 14.445928756552922 ], [ 75.636605505423873, 14.466521644178254 ], [ 75.653625829033956, 14.463516418960019 ], [ 75.658285459083714, 14.459412730437446 ], [ 75.661091812929229, 14.460465075108393 ], [ 75.659727896115797, 14.455232251410138 ], [ 75.662066968370084, 14.451516872153439 ], [ 75.674008797171794, 14.465434370220915 ], [ 75.686817561403728, 14.491290712644851 ], [ 75.699516750090069, 14.492734834223088 ], [ 75.701712705197835, 14.491102377121994 ], [ 75.708515340079558, 14.475112704797791 ], [ 75.7147635500463, 14.472923044036284 ], [ 75.7228907134145, 14.477570679569538 ], [ 75.735070157163051, 14.494981257425289 ], [ 75.75063961739977, 14.51067726936976 ], [ 75.757762269302702, 14.514805281096054 ], [ 75.767210313826553, 14.518163223894812 ], [ 75.772758577468892, 14.518458614733888 ], [ 75.783088706367948, 14.515758138653153 ], [ 75.792906382790989, 14.510442638830961 ], [ 75.799179467872051, 14.512365989041651 ], [ 75.797353983839926, 14.531471952100588 ], [ 75.799937763043758, 14.542670331989463 ], [ 75.812702792432631, 14.555005295722973 ], [ 75.819632862641782, 14.565658196586613 ], [ 75.818805785194996, 14.572150506828923 ], [ 75.810585466479466, 14.588213983119839 ], [ 75.806087568873608, 14.593720353379936 ], [ 75.80445292018689, 14.598988314503101 ], [ 75.805869364119957, 14.611687905209676 ], [ 75.810495541843807, 14.623835615348884 ], [ 75.811767842776547, 14.636009809455786 ], [ 75.817078437760529, 14.636303525494885 ], [ 75.820315781897975, 14.634104174177027 ], [ 75.820528969667521, 14.632150055689365 ], [ 75.823074970626948, 14.631766655332477 ], [ 75.834438661534548, 14.635944067708966 ], [ 75.837105800278465, 14.630124041411442 ], [ 75.830328914584868, 14.615401360398176 ], [ 75.829845881181129, 14.612847780107757 ], [ 75.83219052351339, 14.607280347293345 ], [ 75.835838955082437, 14.606886509323996 ], [ 75.838125460652236, 14.608296850370111 ], [ 75.841732615965739, 14.60457747047313 ], [ 75.847833771294049, 14.608652998067962 ], [ 75.851518266157939, 14.609081262393188 ], [ 75.854755939161336, 14.607216547553987 ], [ 75.858096471597449, 14.608254707709222 ], [ 75.85991901135246, 14.613896913772923 ], [ 75.86190570731172, 14.614956527459224 ], [ 75.863507452465157, 14.613655943551176 ], [ 75.866114205685747, 14.616151309997402 ], [ 75.868343709826433, 14.593725989826218 ], [ 75.873539709425742, 14.593627219494044 ], [ 75.884669829249361, 14.589699239158941 ], [ 75.894359243553509, 14.579026793408143 ], [ 75.906431748366018, 14.57329774731369 ], [ 75.908785666513083, 14.574223454422272 ], [ 75.911035445379355, 14.571197585781251 ], [ 75.910241020725678, 14.562923624073186 ], [ 75.920674788831747, 14.564240603619472 ], [ 75.92463123903967, 14.561904114387717 ], [ 75.939334504030526, 14.560427936734014 ], [ 75.942091501930122, 14.551779758092318 ], [ 75.94185984188006, 14.542031252586284 ], [ 75.944568917100469, 14.540703938660128 ], [ 75.944728166611185, 14.532553644399689 ], [ 75.947857499881081, 14.527488036315503 ], [ 75.946845910077712, 14.523769939543412 ], [ 75.966094237412733, 14.519840931744204 ], [ 76.006108006529317, 14.517622202569425 ], [ 76.018931459917923, 14.522458561741036 ], [ 76.025835540799335, 14.522626665096551 ], [ 76.027680965856959, 14.524384016542918 ], [ 76.029612821465733, 14.52138450464968 ], [ 76.03708450769193, 14.521186759032471 ], [ 76.03797456026318, 14.519116307367323 ], [ 76.048890576394612, 14.514472590696645 ], [ 76.051149610360739, 14.512762783410343 ], [ 76.05273100136715, 14.505451568045002 ], [ 76.066937324216966, 14.511191944700293 ], [ 76.088319233212474, 14.515182161630966 ], [ 76.088267685845494, 14.518142579255937 ], [ 76.097165006847931, 14.523574624406791 ], [ 76.128805753143681, 14.527048288614212 ], [ 76.128427066323638, 14.529176344961458 ], [ 76.130482126524583, 14.532241787788022 ], [ 76.128392113749072, 14.53353548428669 ], [ 76.128494564330524, 14.535536190289234 ], [ 76.130075003017311, 14.538367170728577 ], [ 76.133611599720652, 14.540153274980879 ], [ 76.130492416667096, 14.543436149675692 ], [ 76.129320171159364, 14.549911945486352 ], [ 76.123848029752978, 14.559529326669542 ], [ 76.120172443765426, 14.562427525653778 ], [ 76.114374586414499, 14.561895267641221 ], [ 76.115264517405663, 14.568069387032754 ], [ 76.127430863705754, 14.575619449248407 ], [ 76.128986183794595, 14.583446987703832 ], [ 76.131513854934568, 14.585537284991341 ], [ 76.131288750781977, 14.594436492030026 ], [ 76.139121481475073, 14.599129139798269 ], [ 76.139252471276777, 14.601952842231434 ], [ 76.141239493543722, 14.602035855863495 ], [ 76.139407578534232, 14.605330109443843 ], [ 76.14012710632899, 14.614283722599366 ], [ 76.146089335524934, 14.614904812399235 ], [ 76.144529297845125, 14.62464870155042 ], [ 76.141273290920083, 14.625843115028616 ], [ 76.142323729446971, 14.628031391231858 ], [ 76.131160772128979, 14.630402413332064 ], [ 76.129550217264949, 14.636844883957741 ], [ 76.129437492112103, 14.649382136080215 ], [ 76.122697040374604, 14.650436961743353 ], [ 76.122765072117033, 14.65213840388475 ], [ 76.11878197196917, 14.652978954766775 ], [ 76.119146591725382, 14.656460144434167 ], [ 76.112696023798009, 14.658237052369575 ], [ 76.114511479946344, 14.659259734967675 ], [ 76.108003864895906, 14.659863518529074 ], [ 76.1085889746155, 14.671250483121741 ], [ 76.113919760767516, 14.683024525609504 ], [ 76.109479658795522, 14.686488681165335 ], [ 76.113653980503273, 14.690017229720473 ], [ 76.114603818114873, 14.694971188943811 ], [ 76.121188142403483, 14.699855019327204 ], [ 76.127312232722417, 14.701273323465776 ], [ 76.129377012298491, 14.699442467231627 ], [ 76.140413079158009, 14.702927837491417 ], [ 76.137704133726871, 14.700235422244271 ], [ 76.139475147215848, 14.698633556630201 ], [ 76.1395767178646, 14.700631759674353 ], [ 76.145449792484001, 14.705234419887985 ], [ 76.156903214989143, 14.704257825102493 ], [ 76.157305984671552, 14.701478049981926 ], [ 76.161199174583615, 14.700830735754426 ], [ 76.160954782188895, 14.703206675058727 ], [ 76.167100019954773, 14.700787518447193 ], [ 76.175026235599844, 14.702987237414142 ], [ 76.18245226490717, 14.699514380821928 ], [ 76.193591430948914, 14.697746523471569 ], [ 76.19347058476103, 14.681440055233407 ], [ 76.205071440423282, 14.677222138060014 ], [ 76.220766171091356, 14.657679970626186 ], [ 76.230472361093845, 14.649235408523978 ], [ 76.23244680973211, 14.652156727814342 ], [ 76.23944617138541, 14.679031966829584 ], [ 76.246261341423647, 14.69392480065261 ], [ 76.24989996485661, 14.698584716278589 ], [ 76.256839303912372, 14.700989806347765 ], [ 76.257664589136098, 14.69624433618768 ], [ 76.271941030317791, 14.695748420783767 ], [ 76.27339515696849, 14.688238562787555 ], [ 76.279425834518676, 14.685051580045133 ], [ 76.290368406536558, 14.68550537982777 ], [ 76.301286528551003, 14.689913565720317 ], [ 76.311896668401047, 14.687316062835734 ], [ 76.314746137821089, 14.692046228516258 ], [ 76.317807794747992, 14.692479324435539 ], [ 76.324975429287178, 14.691201456475513 ], [ 76.337816268653867, 14.685999978960449 ], [ 76.342841584820889, 14.665724132082314 ], [ 76.373719523342814, 14.663869917037557 ], [ 76.379719383384511, 14.661991667281162 ], [ 76.375536890824492, 14.655264021829062 ], [ 76.37507815399411, 14.646318143446026 ], [ 76.390178007814455, 14.648276801015593 ], [ 76.393654295723479, 14.626765364556638 ], [ 76.401215256424294, 14.627492938365174 ], [ 76.402801988502546, 14.623760738060266 ], [ 76.417016458918894, 14.622396502944838 ], [ 76.421386717955301, 14.62471523021909 ], [ 76.432940754730723, 14.617969638138579 ], [ 76.429799241169576, 14.59359336080696 ], [ 76.42755938178702, 14.587833428252273 ], [ 76.425421065563029, 14.58806398066355 ], [ 76.423703798319579, 14.580920131889819 ], [ 76.445418384600345, 14.579673982986286 ], [ 76.461741886851144, 14.576501464667249 ], [ 76.464393798497667, 14.573848425506506 ], [ 76.505327272274812, 14.565665657931582 ], [ 76.510461855711796, 14.560332836809719 ], [ 76.516487593095292, 14.549524772210098 ], [ 76.524095293529058, 14.55272131183397 ], [ 76.527795618483211, 14.546118854919699 ], [ 76.533074269023174, 14.543269367611998 ], [ 76.533875778912901, 14.540017341832343 ], [ 76.522107068261434, 14.524230181207839 ], [ 76.51366090095982, 14.523080027041614 ], [ 76.508249826650498, 14.516269270784607 ], [ 76.493945092133259, 14.511601396271667 ], [ 76.484416707521845, 14.504913192619039 ], [ 76.47230730084361, 14.502167005798686 ], [ 76.461149994001119, 14.504850921519706 ], [ 76.457268498137168, 14.489214260868568 ] ] ] } },
{ "type": "Feature", "properties": { "DISTRICT": "Dharwad" }, "geometry": { "type": "Polygon", "coordinates": [ [ [ 75.418270853233622, 15.065609433280464 ], [ 75.416635857168274, 15.059056682101213 ], [ 75.40153625072999, 15.060144535635702 ], [ 75.37479702133129, 15.050315130703188 ], [ 75.3669655935457, 15.050411126391261 ], [ 75.356975455340248, 15.065937545477784 ], [ 75.352112448233427, 15.064016260716791 ], [ 75.346716797072233, 15.064639094356634 ], [ 75.339265529454565, 15.069870296686682 ], [ 75.334334536780119, 15.081538828976106 ], [ 75.339775452261591, 15.086716480977159 ], [ 75.339047732401141, 15.091090149387002 ], [ 75.349719408355767, 15.094285852328557 ], [ 75.350444479913122, 15.101743818857083 ], [ 75.339555975471256, 15.106702784259493 ], [ 75.336944948064783, 15.111616870023449 ], [ 75.337336295523926, 15.146851918818985 ], [ 75.335744997147103, 15.161277289786629 ], [ 75.32769982881014, 15.157851818876638 ], [ 75.305616741440673, 15.154055202446326 ], [ 75.305897618678813, 15.138339515678927 ], [ 75.286661955385341, 15.136769627420946 ], [ 75.288288010975322, 15.129306716670396 ], [ 75.27208301262921, 15.122006667763781 ], [ 75.26975818239012, 15.118762662231827 ], [ 75.25874345508511, 15.117598293645178 ], [ 75.257665195530095, 15.098382903110204 ], [ 75.252375200350897, 15.098022569804792 ], [ 75.250607478558621, 15.10732013839371 ], [ 75.239096316908075, 15.106797357031692 ], [ 75.238728720493384, 15.109379192474538 ], [ 75.225607795358187, 15.107149412909409 ], [ 75.225058900578077, 15.100186971999348 ], [ 75.198535910977895, 15.100459801835612 ], [ 75.188166544717632, 15.098558910772523 ], [ 75.186562491252076, 15.103991319459745 ], [ 75.157877855411471, 15.101953682052772 ], [ 75.158409131639544, 15.110510120522767 ], [ 75.15264829731899, 15.108777672539063 ], [ 75.152813880459959, 15.107205884115352 ], [ 75.143917442532782, 15.106015030961439 ], [ 75.144068717890505, 15.103548382335745 ], [ 75.139204981663767, 15.102366099407565 ], [ 75.138690866119049, 15.105489216156281 ], [ 75.13666939344327, 15.106542985348614 ], [ 75.137415958141332, 15.1092187337536 ], [ 75.133651790218863, 15.118116852617527 ], [ 75.137391366938942, 15.119864033147268 ], [ 75.138618595428966, 15.125467349851066 ], [ 75.137426885935909, 15.125692937969788 ], [ 75.137169175541814, 15.12940459181366 ], [ 75.141551695876117, 15.133079621631067 ], [ 75.145357138520737, 15.133730719446266 ], [ 75.149746840262722, 15.141334517725168 ], [ 75.148550763572246, 15.142469176005475 ], [ 75.152927085355358, 15.145642362786287 ], [ 75.150347034840252, 15.149330250567456 ], [ 75.146623044669852, 15.150235636075063 ], [ 75.141560309262672, 15.159260058287991 ], [ 75.135218579591438, 15.157459585038783 ], [ 75.133834141120573, 15.148300390522738 ], [ 75.130365950001519, 15.144760224409145 ], [ 75.127075539013688, 15.144363507417138 ], [ 75.126030766668848, 15.145743906831003 ], [ 75.121864707298386, 15.140320376772797 ], [ 75.118089662635285, 15.141071151697979 ], [ 75.110604521309554, 15.138490916837315 ], [ 75.10484513220193, 15.140691418797418 ], [ 75.107239839259407, 15.139213174227553 ], [ 75.106309663944018, 15.130407037926524 ], [ 75.109674796455892, 15.12951579347186 ], [ 75.11459502208038, 15.121447174732928 ], [ 75.113487420575282, 15.117268782078057 ], [ 75.095135643637761, 15.113995158096023 ], [ 75.095156353750596, 15.110247237216123 ], [ 75.077957226025319, 15.110432144550032 ], [ 75.08035092498686, 15.099422358815982 ], [ 75.08017745087335, 15.090889608902256 ], [ 75.08246954594243, 15.085864697436618 ], [ 75.080763206057739, 15.077055927842698 ], [ 75.081745202215103, 15.074410279689749 ], [ 75.070923641973863, 15.070439991910186 ], [ 75.058276288147326, 15.071345330781927 ], [ 75.0545863816467, 15.073084744387559 ], [ 75.053529265989454, 15.082635179953483 ], [ 75.045767028913716, 15.081609041558176 ], [ 75.043252096515246, 15.079364008178477 ], [ 75.035458885320864, 15.078843990808464 ], [ 75.032075483491582, 15.077223799027903 ], [ 75.032244347287218, 15.07460426598125 ], [ 75.030650049022611, 15.074622331662308 ], [ 75.030350707181938, 15.073086613672958 ], [ 75.025429349183526, 15.073129081417553 ], [ 75.022739407962931, 15.070283907174037 ], [ 75.019975925703363, 15.070050933201996 ], [ 75.018386391724661, 15.072648939789815 ], [ 75.012891264605884, 15.06812158004003 ], [ 75.00737374126399, 15.071318933635627 ], [ 75.005250320426782, 15.06974017436093 ], [ 75.002383483608469, 15.071119296185199 ], [ 74.99854458645224, 15.069737838168898 ], [ 74.991753973991081, 15.073606992518656 ], [ 74.986041132163052, 15.072989539007754 ], [ 74.98604863292104, 15.07123131015484 ], [ 74.978900404522932, 15.068906616765862 ], [ 74.973875615798775, 15.070491100695078 ], [ 74.963299561373233, 15.06937011092729 ], [ 74.963181636189319, 15.067949155833022 ], [ 74.958420703498859, 15.066450848060859 ], [ 74.957313346023696, 15.064101551738689 ], [ 74.950735616760682, 15.067662114704465 ], [ 74.944210338462824, 15.064226688529324 ], [ 74.940270787953551, 15.06657597087227 ], [ 74.939417954780353, 15.057186560322164 ], [ 74.94199694385982, 15.055973216994076 ], [ 74.940114874615816, 15.051882150550675 ], [ 74.93144090624557, 15.051933580605056 ], [ 74.930383258083708, 15.049258833535946 ], [ 74.924173777322096, 15.048392082907133 ], [ 74.922726644518875, 15.044778449349756 ], [ 74.91884442604966, 15.044147576661596 ], [ 74.917334161461199, 15.038903142403765 ], [ 74.910368451845301, 15.040285834629943 ], [ 74.907865105550059, 15.04971794763564 ], [ 74.891743882992927, 15.044600035636295 ], [ 74.888941914482075, 15.049919834694514 ], [ 74.89049278537928, 15.052214583235271 ], [ 74.886130315818534, 15.063073843689649 ], [ 74.887375020286925, 15.066384009446006 ], [ 74.877368925255794, 15.073767072720607 ], [ 74.879836117082533, 15.083986176385505 ], [ 74.883329005532076, 15.088303436398864 ], [ 74.88997183367448, 15.090668320209547 ], [ 74.892560005978495, 15.096634173803141 ], [ 74.888812199295685, 15.100040227977841 ], [ 74.880510988425812, 15.100359217325737 ], [ 74.864749525281468, 15.105132968860131 ], [ 74.858359422995349, 15.104210302844848 ], [ 74.853078446722719, 15.112280164369956 ], [ 74.854022779259139, 15.114053345608156 ], [ 74.851656439435843, 15.117589769690483 ], [ 74.851845951609519, 15.121271383106002 ], [ 74.848719082305905, 15.123131196816441 ], [ 74.845004372054987, 15.121965287732079 ], [ 74.843752515977258, 15.126757234548032 ], [ 74.839663785297404, 15.130341372377554 ], [ 74.831285287539828, 15.133025104008819 ], [ 74.830832755060115, 15.138213393604623 ], [ 74.828951722843087, 15.139679219946348 ], [ 74.837931132924439, 15.144046546902064 ], [ 74.835016525376133, 15.14874434716597 ], [ 74.842617685394757, 15.155323318437205 ], [ 74.841465992064201, 15.156843228111452 ], [ 74.844453408445787, 15.160695483796831 ], [ 74.848104816222076, 15.162738290865356 ], [ 74.850139749330054, 15.17106401556385 ], [ 74.862562027029398, 15.178785360893992 ], [ 74.862416147782653, 15.182156197537545 ], [ 74.865155795233179, 15.182278419341625 ], [ 74.864804973894309, 15.186547980654385 ], [ 74.869474304122633, 15.188662825950884 ], [ 74.871197660255731, 15.191302524076844 ], [ 74.877525987450781, 15.193037199965513 ], [ 74.873840095864907, 15.204220602203119 ], [ 74.87541327115801, 15.205300879501708 ], [ 74.872384719293819, 15.216161630202988 ], [ 74.88267552127985, 15.2235394700967 ], [ 74.885672282673141, 15.227984351418943 ], [ 74.885757161263825, 15.23295947852092 ], [ 74.898679611644212, 15.24029447141438 ], [ 74.901604633815325, 15.245071900967538 ], [ 74.910213145689639, 15.251832345604543 ], [ 74.906188104300767, 15.279909075163323 ], [ 74.897107445630013, 15.301310619951449 ], [ 74.894466737039764, 15.299101828565266 ], [ 74.889311972096777, 15.304630150747757 ], [ 74.885362546146425, 15.299954476389182 ], [ 74.881419294475904, 15.298075854971495 ], [ 74.875000274254816, 15.300164882605742 ], [ 74.878013959481819, 15.308744180287103 ], [ 74.877604723927917, 15.314038045422722 ], [ 74.875596039744508, 15.316017991240583 ], [ 74.877460310741782, 15.317034611797679 ], [ 74.861058479958402, 15.32759221543515 ], [ 74.854818487938019, 15.340497598315874 ], [ 74.848401964726349, 15.34038472691954 ], [ 74.84484659174511, 15.335970599427974 ], [ 74.835648522827299, 15.334706520751743 ], [ 74.827760409511981, 15.341360689385017 ], [ 74.825334607884955, 15.345235275372669 ], [ 74.824565634649645, 15.354805254482571 ], [ 74.819023336959731, 15.370801849304957 ], [ 74.823733582031053, 15.373191232002206 ], [ 74.830584101431739, 15.373456125310097 ], [ 74.820339384806815, 15.384896898341925 ], [ 74.809734187831666, 15.379262012063872 ], [ 74.795260778753359, 15.377653445517675 ], [ 74.786816433191262, 15.383319609395251 ], [ 74.78157743221152, 15.394185873837392 ], [ 74.769277015909424, 15.401448755574904 ], [ 74.76629165539515, 15.400505706135029 ], [ 74.765612888644455, 15.398336223791567 ], [ 74.764596565602005, 15.401531559981857 ], [ 74.770474629669764, 15.407015767523367 ], [ 74.767678750522307, 15.410819577909788 ], [ 74.768051224075407, 15.417380879923043 ], [ 74.762884176518327, 15.416396823699419 ], [ 74.757402261464264, 15.411051403565292 ], [ 74.748368632864867, 15.410573624354289 ], [ 74.7457026022647, 15.412627837068666 ], [ 74.74092493994479, 15.411545370170064 ], [ 74.740884034630639, 15.419248296945597 ], [ 74.738107401990675, 15.421885561174463 ], [ 74.733378006450877, 15.422615489814136 ], [ 74.729393296549517, 15.431231793734668 ], [ 74.731658879732436, 15.433717489941539 ], [ 74.729926952084597, 15.43569731104075 ], [ 74.736439559144571, 15.440434288813389 ], [ 74.735468484604056, 15.444167719925467 ], [ 74.739156092961196, 15.445288213997877 ], [ 74.740075087780895, 15.447896112249053 ], [ 74.738316964573528, 15.448967595699528 ], [ 74.742429074664301, 15.451789044772658 ], [ 74.743385069658629, 15.460562979934986 ], [ 74.741819867756732, 15.461771536034348 ], [ 74.743907427503032, 15.463120200891051 ], [ 74.7427423931275, 15.463828092189022 ], [ 74.743457381513863, 15.466060698379312 ], [ 74.736149174201046, 15.465909313366438 ], [ 74.732121618043479, 15.469329494377158 ], [ 74.728765268061622, 15.475741955457877 ], [ 74.730935281397194, 15.476788959077375 ], [ 74.730635160934625, 15.479026346323845 ], [ 74.729325226980379, 15.479145546615376 ], [ 74.730104668834628, 15.482009418976954 ], [ 74.72790017721924, 15.483131613703081 ], [ 74.728906284169497, 15.483738033610576 ], [ 74.726705160014916, 15.488042068099372 ], [ 74.737902469897975, 15.49042878248477 ], [ 74.742521417651602, 15.494125367284701 ], [ 74.748365194432637, 15.4953670763147 ], [ 74.749868362177239, 15.490713539832898 ], [ 74.754394913732199, 15.488074411570102 ], [ 74.753176591377937, 15.485105592925136 ], [ 74.75629383857806, 15.479526962557442 ], [ 74.755625733933257, 15.476717073364611 ], [ 74.75901186312889, 15.474254050379303 ], [ 74.76006278090405, 15.47097578507282 ], [ 74.761315824690698, 15.470095508996909 ], [ 74.764334109540059, 15.473387326864842 ], [ 74.768774820079628, 15.470687024992548 ], [ 74.778258869365573, 15.458528276323275 ], [ 74.785364503466042, 15.471378302896994 ], [ 74.786859009061217, 15.478357316211229 ], [ 74.785965061046383, 15.48598461549887 ], [ 74.792730896254767, 15.486037861237087 ], [ 74.794918899453137, 15.490489507059733 ], [ 74.798645181273429, 15.493532713008197 ], [ 74.797239426916718, 15.497592821659053 ], [ 74.799293039981762, 15.497383310778631 ], [ 74.799601437292878, 15.498989029594485 ], [ 74.803605071382236, 15.496488550203864 ], [ 74.805466199085018, 15.497409490085595 ], [ 74.8019627634594, 15.50150591857199 ], [ 74.805896948182692, 15.501129585406241 ], [ 74.81437244577333, 15.503965559482005 ], [ 74.809214318541763, 15.510768977885313 ], [ 74.810749958089445, 15.520334064577026 ], [ 74.797057145403301, 15.547586461295669 ], [ 74.807484034867088, 15.550697568090062 ], [ 74.807965242386317, 15.553462475199874 ], [ 74.811009431194464, 15.554268829888683 ], [ 74.812138225236751, 15.556860745006571 ], [ 74.820313700753118, 15.562038822950406 ], [ 74.820023753809821, 15.565618170654874 ], [ 74.823130668799621, 15.566363945158216 ], [ 74.823441174919026, 15.56785533866454 ], [ 74.840908026947062, 15.574593748039609 ], [ 74.837918095580093, 15.577084966039966 ], [ 74.835803104851976, 15.585372294098025 ], [ 74.832182708638157, 15.590871906064676 ], [ 74.829985157634169, 15.590080463753766 ], [ 74.828520803682395, 15.608475799879219 ], [ 74.830075592829786, 15.609988934203004 ], [ 74.838646367202159, 15.612009119628826 ], [ 74.840196118609143, 15.608294349658296 ], [ 74.846712229174642, 15.608200573109141 ], [ 74.855667814299764, 15.611035076458815 ], [ 74.856302880846044, 15.612548108467299 ], [ 74.878031487054898, 15.61706409462489 ], [ 74.877643193484261, 15.622177624592627 ], [ 74.878322522553191, 15.621214296897588 ], [ 74.881949221889272, 15.623577327685467 ], [ 74.887222928826233, 15.629815859435034 ], [ 74.892026491550951, 15.630686199409615 ], [ 74.912494300586701, 15.630493053257375 ], [ 74.924594969564481, 15.624327801851955 ], [ 74.93224143561693, 15.622639709512754 ], [ 74.944878845769196, 15.62244958023645 ], [ 74.956217517553696, 15.625773592522956 ], [ 74.965197748391589, 15.62641275530792 ], [ 74.964240632956177, 15.645406779666059 ], [ 74.966939975290245, 15.653076043524901 ], [ 74.978663662057201, 15.648293869402469 ], [ 74.991623242250085, 15.650961512920743 ], [ 75.019444648833925, 15.64487154516895 ], [ 75.023394471565069, 15.652129301334705 ], [ 75.027431519582919, 15.651873482268908 ], [ 75.028516854298459, 15.670055510676752 ], [ 75.04671429890773, 15.670592321141052 ], [ 75.049776605216849, 15.682876502551734 ], [ 75.059395457489558, 15.683026642383172 ], [ 75.060998848264376, 15.672993399793191 ], [ 75.063154573469333, 15.669414310607042 ], [ 75.055792848232713, 15.632734644996358 ], [ 75.061967120736568, 15.630221358468118 ], [ 75.064593148248008, 15.627547304071278 ], [ 75.06404402296711, 15.625114894374247 ], [ 75.080221184074361, 15.622455924638455 ], [ 75.082467925515857, 15.617115999993073 ], [ 75.08565285492142, 15.615798766388442 ], [ 75.08677892552619, 15.612598808559317 ], [ 75.089799873052883, 15.612013074480716 ], [ 75.092186038768659, 15.608526422473947 ], [ 75.096527905542061, 15.62575278144619 ], [ 75.100635709960969, 15.662038096786096 ], [ 75.104737073667479, 15.661375973022546 ], [ 75.107001663964638, 15.672302042494133 ], [ 75.12327175014218, 15.668434163462985 ], [ 75.122982409772106, 15.666478701535862 ], [ 75.12884227042133, 15.665061859681041 ], [ 75.13232664794198, 15.66052432197626 ], [ 75.139025124362774, 15.660037049864011 ], [ 75.140213523820023, 15.658360586662244 ], [ 75.147111690764746, 15.66071709954092 ], [ 75.149145481513926, 15.659024998111873 ], [ 75.150954918072358, 15.661536105318357 ], [ 75.155138907786792, 15.659489194178425 ], [ 75.171589995400041, 15.660545712971583 ], [ 75.180393358148237, 15.656126340356785 ], [ 75.183544245895988, 15.657724514143482 ], [ 75.185894899895459, 15.655632323468296 ], [ 75.186874714428271, 15.649288760133564 ], [ 75.202386321037466, 15.64920588017667 ], [ 75.20327096301699, 15.681433837655975 ], [ 75.218402268395039, 15.681228161425224 ], [ 75.218059212665011, 15.677291870088522 ], [ 75.236180522333569, 15.679150476677378 ], [ 75.248798655462636, 15.647119496043157 ], [ 75.272972904431469, 15.648276524779765 ], [ 75.271764122332925, 15.661665354581809 ], [ 75.277349522418746, 15.689269428175669 ], [ 75.295026496183695, 15.691767956331036 ], [ 75.304960933725027, 15.686727991893678 ], [ 75.311475485558233, 15.681118603799316 ], [ 75.336649905018405, 15.673956370283523 ], [ 75.33602622971371, 15.647942558512623 ], [ 75.359948881792704, 15.645697361196291 ], [ 75.362567742665689, 15.668954851578199 ], [ 75.385629827926451, 15.665112654549102 ], [ 75.406832322542698, 15.655407211854167 ], [ 75.41154282830837, 15.655454262603996 ], [ 75.417277637093378, 15.661425523983949 ], [ 75.424354690212112, 15.662685343515101 ], [ 75.423453998557349, 15.668356509734338 ], [ 75.445331786416375, 15.672987439280305 ], [ 75.445271627653526, 15.675774882909247 ], [ 75.44396850154483, 15.676029916793903 ], [ 75.446544895185511, 15.681007903782749 ], [ 75.450210945640137, 15.677870409661995 ], [ 75.451538153414774, 15.681202831094119 ], [ 75.453835693711099, 15.682069422735246 ], [ 75.454674805050274, 15.680420408864221 ], [ 75.469690103499246, 15.683469027313713 ], [ 75.47262638145672, 15.687244825204168 ], [ 75.46884873668391, 15.701600170848387 ], [ 75.487356536117701, 15.703323385205282 ], [ 75.500537388762609, 15.660780397127455 ], [ 75.502302305561713, 15.647468057886703 ], [ 75.545572990127255, 15.648293941454458 ], [ 75.554286271871959, 15.64691532782077 ], [ 75.54981163415296, 15.628248312497638 ], [ 75.548920242708135, 15.613103771228353 ], [ 75.543723277789653, 15.612433758994387 ], [ 75.541762550048901, 15.600986661945525 ], [ 75.540493193871441, 15.600292211631173 ], [ 75.540981044647097, 15.597177831939128 ], [ 75.537725178049271, 15.591270381056191 ], [ 75.534554971808092, 15.591003976615694 ], [ 75.530207166445678, 15.566399827918215 ], [ 75.528238428924666, 15.566590071850143 ], [ 75.529381582675114, 15.537936264910185 ], [ 75.505342167761953, 15.530326509119506 ], [ 75.482646450549041, 15.53180776103682 ], [ 75.479902689276528, 15.528627127299165 ], [ 75.479924953723895, 15.52522221248357 ], [ 75.476602989536602, 15.519951379827624 ], [ 75.473598353234721, 15.519720749921015 ], [ 75.471039149919918, 15.493113391235887 ], [ 75.486882895672522, 15.489296176832701 ], [ 75.494731695906296, 15.470167391456332 ], [ 75.492690100859363, 15.464797504114857 ], [ 75.49261065470678, 15.447792431889473 ], [ 75.498747660156681, 15.423127546212656 ], [ 75.492014595506745, 15.378786483653116 ], [ 75.493222943167282, 15.368508268602271 ], [ 75.490424270233063, 15.367854097705443 ], [ 75.489902391174724, 15.372403581224482 ], [ 75.485896541219347, 15.371889693647548 ], [ 75.485017134766778, 15.378075409579965 ], [ 75.481417363476609, 15.378582074190737 ], [ 75.480684229666366, 15.38754867745336 ], [ 75.482211336583291, 15.392909890056764 ], [ 75.469586471494992, 15.397032133348521 ], [ 75.468628803365419, 15.385553304523485 ], [ 75.445295034643422, 15.386300932248268 ], [ 75.448468446859025, 15.359162962889167 ], [ 75.454547701335514, 15.360300095851994 ], [ 75.457355796312441, 15.341868684371621 ], [ 75.453499736607185, 15.341390102404281 ], [ 75.449416747387588, 15.32748950752846 ], [ 75.44995620946591, 15.301438919837874 ], [ 75.425777688261931, 15.301876543165488 ], [ 75.425701558949541, 15.299760684579493 ], [ 75.41225087846577, 15.300173077384482 ], [ 75.410294018807932, 15.285354235108903 ], [ 75.406112771652914, 15.28409525598321 ], [ 75.40638927324008, 15.278140488931541 ], [ 75.416426138637163, 15.279534608659489 ], [ 75.416761503618829, 15.275648323432959 ], [ 75.4021430058569, 15.273248264011238 ], [ 75.402313541749422, 15.260480674299252 ], [ 75.404610865656281, 15.260766485327533 ], [ 75.405990449388199, 15.263456998586371 ], [ 75.411812120049106, 15.264516671857248 ], [ 75.416532279868719, 15.262183200639369 ], [ 75.417467117139353, 15.255876003468467 ], [ 75.414131874695684, 15.250757028004539 ], [ 75.415999292704072, 15.234243134918179 ], [ 75.421651326183493, 15.235110130453204 ], [ 75.42276707643633, 15.226279170400263 ], [ 75.440416916073474, 15.227294054034282 ], [ 75.446352072855973, 15.217345612237336 ], [ 75.449331004508608, 15.20803061724021 ], [ 75.433594181438352, 15.209674411904878 ], [ 75.432658503821145, 15.198786622806564 ], [ 75.398274238366724, 15.200834614549342 ], [ 75.397655157757939, 15.187032079113578 ], [ 75.400202215639538, 15.173378896653432 ], [ 75.394487141908925, 15.172657117834978 ], [ 75.395517707615525, 15.165172925287951 ], [ 75.405451087878376, 15.165619547657526 ], [ 75.405917381691296, 15.162226900871987 ], [ 75.411911906879922, 15.162076106599358 ], [ 75.415878026949272, 15.142100821521083 ], [ 75.428813405735156, 15.12658501324686 ], [ 75.429805182386772, 15.116230814641309 ], [ 75.434034299815451, 15.107960810024476 ], [ 75.43273003034723, 15.104301363963174 ], [ 75.422520967509314, 15.098709302886425 ], [ 75.42432886565436, 15.09151116997905 ], [ 75.420112757516478, 15.090467016028054 ], [ 75.420379482029048, 15.085763351026916 ], [ 75.416628945871835, 15.084929019780692 ], [ 75.418270853233622, 15.065609433280464 ] ] ] } },
{ "type": "Feature", "properties": { "DISTRICT": "Gadag" }, "geometry": { "type": "Polygon", "coordinates": [ [ [ 75.825470848511713, 15.838360091977556 ], [ 75.848879565621544, 15.838009578818784 ], [ 75.873939375705817, 15.828169986773222 ], [ 75.89148072286369, 15.814984504326395 ], [ 75.900417804792141, 15.809655991518044 ], [ 75.908577017358738, 15.80746445498942 ], [ 75.927697465580067, 15.791610463472454 ], [ 75.938180253600578, 15.790736823431123 ], [ 75.961370690827678, 15.784845210644962 ], [ 75.963281676547211, 15.78842711082032 ], [ 75.963875378508149, 15.795131422016341 ], [ 75.96782295473885, 15.794240842918089 ], [ 75.976634122260563, 15.800737479315417 ], [ 75.982986048016755, 15.802320193780545 ], [ 75.988450548676866, 15.801552628218325 ], [ 75.990155372971472, 15.785998896538391 ], [ 75.991658743460448, 15.785587734019742 ], [ 75.993422997804601, 15.781094524881903 ], [ 76.009928913195665, 15.784106335861853 ], [ 76.012517116514573, 15.779816037910296 ], [ 76.018578942339786, 15.779061016524047 ], [ 76.019824004518696, 15.775792310688759 ], [ 76.026809737942173, 15.77425898076538 ], [ 76.034226399975893, 15.77027090084237 ], [ 76.039119523252808, 15.771076706702445 ], [ 76.040218286142476, 15.765893580226544 ], [ 76.040577049492938, 15.763235809090402 ], [ 76.037641056443178, 15.761354428587314 ], [ 76.034683836475722, 15.755053842135061 ], [ 76.039927765325388, 15.754407595650186 ], [ 76.039816818795188, 15.747170889772875 ], [ 76.03703993791072, 15.737034791136063 ], [ 76.043458853841358, 15.736433425445796 ], [ 76.043100768659471, 15.727265440812307 ], [ 76.044964201626598, 15.724070520600964 ], [ 76.043039432648044, 15.720071781575003 ], [ 76.039961089273419, 15.717378926291262 ], [ 76.030284278865267, 15.715187971740006 ], [ 76.022486747959931, 15.709239652383626 ], [ 76.018905208963318, 15.715210317475659 ], [ 76.004761117508409, 15.715741221086637 ], [ 76.004217718664421, 15.711909651988408 ], [ 75.998616153680288, 15.708347116750909 ], [ 75.992364593847455, 15.707200777331705 ], [ 75.98670378515439, 15.696128089684963 ], [ 75.983694171242362, 15.6935291052281 ], [ 75.98326089319913, 15.690023483598656 ], [ 75.986885409331975, 15.689465867359917 ], [ 75.983981517797986, 15.680570900623509 ], [ 75.982396824555025, 15.666750595137261 ], [ 75.991057659307089, 15.670890051808641 ], [ 75.994368908607029, 15.678922999234814 ], [ 76.015599867008248, 15.679758110514802 ], [ 76.015803712843834, 15.671864049258389 ], [ 76.010871825464463, 15.662160041832308 ], [ 75.981756747266218, 15.664091999266853 ], [ 75.977430395486735, 15.662717343868472 ], [ 75.967246210183504, 15.664695979604549 ], [ 75.967430147603736, 15.66966746729819 ], [ 75.966171164600624, 15.669803275509794 ], [ 75.967243512830876, 15.679321894215189 ], [ 75.961270073634694, 15.677300040910549 ], [ 75.943632497191132, 15.677257532347951 ], [ 75.939813701761452, 15.683579173560251 ], [ 75.939457654156769, 15.693789166179398 ], [ 75.925388019178044, 15.692522588037939 ], [ 75.91492418060794, 15.698055448441322 ], [ 75.915994135383372, 15.710238072289965 ], [ 75.920673936220595, 15.726025444191436 ], [ 75.909670185203609, 15.731704510234334 ], [ 75.910165780244071, 15.743656393422253 ], [ 75.906762546008608, 15.747102575547149 ], [ 75.897404700618651, 15.750555765662282 ], [ 75.89267344568313, 15.739114070373835 ], [ 75.886826862343071, 15.738154707506613 ], [ 75.885139807709535, 15.736053156771183 ], [ 75.88212748735279, 15.736947737809608 ], [ 75.889704890192476, 15.727802638098703 ], [ 75.889544116460087, 15.725313965068279 ], [ 75.887269638354596, 15.717464943183678 ], [ 75.870159676218009, 15.715003028716135 ], [ 75.870566796140153, 15.673281899960607 ], [ 75.884550685174659, 15.671934739482474 ], [ 75.887244291189248, 15.668457405683723 ], [ 75.888717996309509, 15.653780337849922 ], [ 75.886009880812878, 15.633859438607487 ], [ 75.894532774145191, 15.632231557427238 ], [ 75.893926057098483, 15.624992829536133 ], [ 75.89834541452494, 15.624335058821186 ], [ 75.897693363801835, 15.605911727898889 ], [ 75.895001279838368, 15.606181506672357 ], [ 75.894896150206719, 15.602239936703656 ], [ 75.882149885119617, 15.599603207195042 ], [ 75.882885166709073, 15.595725198122029 ], [ 75.879007518858643, 15.595316300932167 ], [ 75.878661115846981, 15.59732020895601 ], [ 75.866428119109372, 15.595528145226593 ], [ 75.867974895064364, 15.580299724406391 ], [ 75.867482377211118, 15.56105197352265 ], [ 75.859947304291865, 15.513708318192615 ], [ 75.849855955228705, 15.515679038629216 ], [ 75.849062736331689, 15.512893156144337 ], [ 75.83222415879905, 15.509899941328175 ], [ 75.831514977918062, 15.507077809803514 ], [ 75.818658876287245, 15.508188042207287 ], [ 75.823174946639867, 15.496809028698411 ], [ 75.814517279718359, 15.495561910998907 ], [ 75.815586357442399, 15.487055652362738 ], [ 75.809179147717401, 15.487783821866747 ], [ 75.812481224757818, 15.467289537469004 ], [ 75.818406173107164, 15.469045010338009 ], [ 75.819349287216454, 15.456104763165623 ], [ 75.824968149373191, 15.453247643984149 ], [ 75.823269239002954, 15.451606566923502 ], [ 75.83234595516447, 15.447323128579276 ], [ 75.83641238596995, 15.447146611897628 ], [ 75.839854316128921, 15.442957643455557 ], [ 75.843943037557111, 15.444224139368494 ], [ 75.847507269463378, 15.442825444317592 ], [ 75.850630676619446, 15.445063998137686 ], [ 75.851624334811376, 15.443652176583665 ], [ 75.858310499638961, 15.443671141774246 ], [ 75.859316598701966, 15.423016275850594 ], [ 75.864778976857352, 15.423005458964953 ], [ 75.865357191223751, 15.408034737758403 ], [ 75.886458929283179, 15.408172424411156 ], [ 75.904001756939707, 15.402776779493818 ], [ 75.901867915257114, 15.375429817897949 ], [ 75.902967665310413, 15.353790749552781 ], [ 75.888111198360704, 15.35301987044355 ], [ 75.889110234673694, 15.336810753016099 ], [ 75.89131063379557, 15.337219106868456 ], [ 75.891300801897344, 15.324996963724786 ], [ 75.892974757444662, 15.319013472219464 ], [ 75.889851733196451, 15.311307779154024 ], [ 75.889681922527458, 15.299560906014205 ], [ 75.887601735729191, 15.297448670435735 ], [ 75.889110270578058, 15.295850674629749 ], [ 75.889696682814517, 15.287334289090374 ], [ 75.891795451979192, 15.286286761614113 ], [ 75.892537322561608, 15.282098820411711 ], [ 75.898532024806244, 15.27569571634103 ], [ 75.894855588017393, 15.274023745022555 ], [ 75.899411496737713, 15.254587579032073 ], [ 75.900009786902572, 15.245573541489065 ], [ 75.901739935122791, 15.245710490275037 ], [ 75.903911664048664, 15.239298442596954 ], [ 75.912029065043029, 15.240789537935596 ], [ 75.914934254015733, 15.229021063665268 ], [ 75.924363284119394, 15.20575457379965 ], [ 75.926041182018295, 15.194675043774488 ], [ 75.924701677139737, 15.182574831394074 ], [ 75.947879365022374, 15.17291431259534 ], [ 75.951397549405755, 15.137083730177201 ], [ 75.945548962307512, 15.136827209072678 ], [ 75.936032616949333, 15.140062500868872 ], [ 75.928253634742873, 15.140623677169215 ], [ 75.91535794783843, 15.135216443429078 ], [ 75.910702114152258, 15.135304444333103 ], [ 75.902204330058581, 15.130411486635916 ], [ 75.902105093187004, 15.125840650351028 ], [ 75.89787071319958, 15.117782788929308 ], [ 75.892884741627554, 15.115556199475137 ], [ 75.887433675880246, 15.110521541667451 ], [ 75.884931481324841, 15.10413049402338 ], [ 75.885858992819337, 15.099352296898113 ], [ 75.888553636614418, 15.095536806876005 ], [ 75.908273928527734, 15.079076077844309 ], [ 75.909494985841476, 15.073284325650699 ], [ 75.905595146773464, 15.057552066381428 ], [ 75.901267438721376, 15.054899128314142 ], [ 75.88407171241515, 15.052818831830217 ], [ 75.877705102989452, 15.039356937872833 ], [ 75.87216552331617, 15.034937066760595 ], [ 75.858362777672312, 15.036568348077109 ], [ 75.854171719620837, 15.039259160934371 ], [ 75.851144570225159, 15.043735333864221 ], [ 75.847685782326622, 15.044622685749751 ], [ 75.837128125930803, 15.039916214512759 ], [ 75.834612419753228, 15.031150732335973 ], [ 75.830776696128282, 15.028134204403617 ], [ 75.816142834711329, 15.02808210742524 ], [ 75.809095257517271, 15.026297254301722 ], [ 75.810131364129575, 15.025504091326439 ], [ 75.807414048986928, 15.024364394513189 ], [ 75.799655458134737, 15.013765144386337 ], [ 75.788536368086554, 15.006392436977194 ], [ 75.783780054974471, 14.999502354744733 ], [ 75.779652034993134, 14.98824550029298 ], [ 75.780300487084659, 14.982469973967044 ], [ 75.778943644278982, 14.976988193390834 ], [ 75.761197213831423, 14.96676471097518 ], [ 75.754692688915497, 14.95684490566318 ], [ 75.741198142041199, 14.944674660398913 ], [ 75.734304134079437, 14.944329168674683 ], [ 75.721384390861033, 14.950664471928878 ], [ 75.701228741886567, 14.946938179693356 ], [ 75.695017812668311, 14.967542120041196 ], [ 75.688765200765644, 14.975156387531973 ], [ 75.682027731590239, 14.977208204142523 ], [ 75.666584487167796, 14.987434230902602 ], [ 75.641263817007285, 14.991553761113963 ], [ 75.632187913711789, 14.991502059447999 ], [ 75.629582053828543, 14.9839121247451 ], [ 75.617813996366152, 14.980874362493907 ], [ 75.618772529382127, 14.974160234051366 ], [ 75.609637561996664, 14.973509827568765 ], [ 75.608725761782864, 14.968086193798067 ], [ 75.611126069963589, 14.958109893585137 ], [ 75.604015521157265, 14.956504300166939 ], [ 75.602760312589382, 14.95464365972753 ], [ 75.595766365536946, 14.955873710850167 ], [ 75.589646747197591, 14.958512445168559 ], [ 75.583614328192127, 14.968590691872723 ], [ 75.56468966904859, 14.971677551462967 ], [ 75.563663991265727, 14.974658212343929 ], [ 75.56558784764708, 14.976382913884063 ], [ 75.565240889686621, 14.979538139041541 ], [ 75.5413040675612, 14.97832419463948 ], [ 75.540958657420262, 14.990153188519455 ], [ 75.543371269661648, 14.99927644010052 ], [ 75.542381773214188, 15.015014867457925 ], [ 75.538017515085514, 15.019115316320187 ], [ 75.540650394143015, 15.020497727872055 ], [ 75.533317000198281, 15.03458227974302 ], [ 75.520495215441841, 15.033018019862853 ], [ 75.50757387711414, 15.043951396162253 ], [ 75.494717058193586, 15.046402317302528 ], [ 75.476170043452726, 15.043888297260631 ], [ 75.468153556129892, 15.046958912067597 ], [ 75.460753779798452, 15.043779560351068 ], [ 75.460402378086258, 15.049816253008627 ], [ 75.451930272317441, 15.049449544022002 ], [ 75.450644520740553, 15.05931390185777 ], [ 75.448914157862504, 15.060363993739943 ], [ 75.416832525073445, 15.061273664664016 ], [ 75.418270853233622, 15.065609433280464 ], [ 75.416628945871835, 15.084929019780692 ], [ 75.420379482029048, 15.085763351026916 ], [ 75.420112757516478, 15.090467016028054 ], [ 75.42432886565436, 15.09151116997905 ], [ 75.422520967509314, 15.098709302886425 ], [ 75.43273003034723, 15.104301363963174 ], [ 75.434034299815451, 15.107960810024476 ], [ 75.429805182386772, 15.116230814641309 ], [ 75.428813405735156, 15.12658501324686 ], [ 75.415878026949272, 15.142100821521083 ], [ 75.411911906879922, 15.162076106599358 ], [ 75.405917381691296, 15.162226900871987 ], [ 75.405451087878376, 15.165619547657526 ], [ 75.395517707615525, 15.165172925287951 ], [ 75.394487141908925, 15.172657117834978 ], [ 75.400202215639538, 15.173378896653432 ], [ 75.397655157757939, 15.187032079113578 ], [ 75.398274238366724, 15.200834614549342 ], [ 75.432658503821145, 15.198786622806564 ], [ 75.433594181438352, 15.209674411904878 ], [ 75.449331004508608, 15.20803061724021 ], [ 75.446352072855973, 15.217345612237336 ], [ 75.440416916073474, 15.227294054034282 ], [ 75.42276707643633, 15.226279170400263 ], [ 75.421651326183493, 15.235110130453204 ], [ 75.415999292704072, 15.234243134918179 ], [ 75.414131874695684, 15.250757028004539 ], [ 75.417467117139353, 15.255876003468467 ], [ 75.416532279868719, 15.262183200639369 ], [ 75.411812120049106, 15.264516671857248 ], [ 75.405990449388199, 15.263456998586371 ], [ 75.404610865656281, 15.260766485327533 ], [ 75.402313541749422, 15.260480674299252 ], [ 75.4021430058569, 15.273248264011238 ], [ 75.416761503618829, 15.275648323432959 ], [ 75.416426138637163, 15.279534608659489 ], [ 75.40638927324008, 15.278140488931541 ], [ 75.406112771652914, 15.28409525598321 ], [ 75.410294018807932, 15.285354235108903 ], [ 75.41225087846577, 15.300173077384482 ], [ 75.425701558949541, 15.299760684579493 ], [ 75.425777688261931, 15.301876543165488 ], [ 75.44995620946591, 15.301438919837874 ], [ 75.449416747387588, 15.32748950752846 ], [ 75.453499736607185, 15.341390102404281 ], [ 75.457355796312441, 15.341868684371621 ], [ 75.454547701335514, 15.360300095851994 ], [ 75.448468446859025, 15.359162962889167 ], [ 75.445295034643422, 15.386300932248268 ], [ 75.468628803365419, 15.385553304523485 ], [ 75.469586471494992, 15.397032133348521 ], [ 75.482211336583291, 15.392909890056764 ], [ 75.480684229666366, 15.38754867745336 ], [ 75.481417363476609, 15.378582074190737 ], [ 75.485017134766778, 15.378075409579965 ], [ 75.485896541219347, 15.371889693647548 ], [ 75.489902391174724, 15.372403581224482 ], [ 75.490424270233063, 15.367854097705443 ], [ 75.493222943167282, 15.368508268602271 ], [ 75.492014595506745, 15.378786483653116 ], [ 75.498747660156681, 15.423127546212656 ], [ 75.49261065470678, 15.447792431889473 ], [ 75.492690100859363, 15.464797504114857 ], [ 75.494731695906296, 15.470167391456332 ], [ 75.486882895672522, 15.489296176832701 ], [ 75.471039149919918, 15.493113391235887 ], [ 75.473598353234721, 15.519720749921015 ], [ 75.476602989536602, 15.519951379827624 ], [ 75.479924953723895, 15.52522221248357 ], [ 75.479902689276528, 15.528627127299165 ], [ 75.482646450549041, 15.53180776103682 ], [ 75.505342167761953, 15.530326509119506 ], [ 75.529381582675114, 15.537936264910185 ], [ 75.528238428924666, 15.566590071850143 ], [ 75.530207166445678, 15.566399827918215 ], [ 75.534554971808092, 15.591003976615694 ], [ 75.537725178049271, 15.591270381056191 ], [ 75.540981044647097, 15.597177831939128 ], [ 75.540493193871441, 15.600292211631173 ], [ 75.541762550048901, 15.600986661945525 ], [ 75.543723277789653, 15.612433758994387 ], [ 75.548920242708135, 15.613103771228353 ], [ 75.54981163415296, 15.628248312497638 ], [ 75.554286271871959, 15.64691532782077 ], [ 75.545572990127255, 15.648293941454458 ], [ 75.502302305561713, 15.647468057886703 ], [ 75.500537388762609, 15.660780397127455 ], [ 75.487356536117701, 15.703323385205282 ], [ 75.46884873668391, 15.701600170848387 ], [ 75.47262638145672, 15.687244825204168 ], [ 75.469690103499246, 15.683469027313713 ], [ 75.454674805050274, 15.680420408864221 ], [ 75.453835693711099, 15.682069422735246 ], [ 75.451538153414774, 15.681202831094119 ], [ 75.450210945640137, 15.677870409661995 ], [ 75.446544895185511, 15.681007903782749 ], [ 75.44396850154483, 15.676029916793903 ], [ 75.445271627653526, 15.675774882909247 ], [ 75.445331786416375, 15.672987439280305 ], [ 75.423453998557349, 15.668356509734338 ], [ 75.424354690212112, 15.662685343515101 ], [ 75.417277637093378, 15.661425523983949 ], [ 75.413382038261332, 15.656073799386714 ], [ 75.406832322542698, 15.655407211854167 ], [ 75.385629827926451, 15.665112654549102 ], [ 75.362567742665689, 15.668954851578199 ], [ 75.359948881792704, 15.645697361196291 ], [ 75.336126556804672, 15.647898601334058 ], [ 75.336649905018405, 15.673956370283523 ], [ 75.311475485558233, 15.681118603799316 ], [ 75.304960933725027, 15.686727991893678 ], [ 75.295026496183695, 15.691767956331036 ], [ 75.278587596744543, 15.689808051829608 ], [ 75.276650172225487, 15.722101357588388 ], [ 75.276106061655227, 15.723454050332791 ], [ 75.27365456525402, 15.723192308000868 ], [ 75.275234706801413, 15.740674515159686 ], [ 75.293091284895297, 15.741440915571934 ], [ 75.293321550872733, 15.728298336412767 ], [ 75.29980059861505, 15.72780303687901 ], [ 75.31376931939549, 15.730334832816887 ], [ 75.317942834179888, 15.746641055921492 ], [ 75.317565700515445, 15.764209620287573 ], [ 75.305363774568235, 15.766398953580119 ], [ 75.303337007750912, 15.785692483518728 ], [ 75.304140518104305, 15.80234355121711 ], [ 75.30300169543564, 15.812419817983793 ], [ 75.320066348661129, 15.812831817942195 ], [ 75.320741819070662, 15.810541705806225 ], [ 75.326788011929608, 15.812962151588545 ], [ 75.333021977938785, 15.816633816173894 ], [ 75.329989674888623, 15.824525974658066 ], [ 75.339004986408852, 15.827684517692481 ], [ 75.341007540648619, 15.804734301459758 ], [ 75.364691828699719, 15.804472615421755 ], [ 75.365701203158864, 15.814030552494042 ], [ 75.375380631162926, 15.846048910062526 ], [ 75.382412629475382, 15.84352602022639 ], [ 75.381948666074038, 15.840297632491744 ], [ 75.385213181442481, 15.838551335715367 ], [ 75.398762514601231, 15.839598748885443 ], [ 75.403012158533102, 15.841864384164237 ], [ 75.405828365689601, 15.839051437669156 ], [ 75.408155790082461, 15.838960959281851 ], [ 75.411555264926818, 15.841150325835216 ], [ 75.424873098929638, 15.842349647695981 ], [ 75.42403548561191, 15.825509930729725 ], [ 75.413831390296437, 15.784192456097902 ], [ 75.436210287183314, 15.778120611675133 ], [ 75.439497371346164, 15.795046133171176 ], [ 75.447384719146385, 15.793602427084011 ], [ 75.451177471265225, 15.811046120075558 ], [ 75.453067907974685, 15.810616403499344 ], [ 75.455255391189951, 15.818141807201572 ], [ 75.457872787397761, 15.817933285496878 ], [ 75.457634280371977, 15.861420209507202 ], [ 75.451130561325087, 15.861826595227463 ], [ 75.453034126235181, 15.881655711542317 ], [ 75.449235635907584, 15.884588370679047 ], [ 75.449347050329024, 15.887177131493001 ], [ 75.462010695470255, 15.888136974488196 ], [ 75.461700042487593, 15.885736215178834 ], [ 75.459253944523539, 15.883796152568232 ], [ 75.460871964447279, 15.879511292398906 ], [ 75.462925460009913, 15.879059480594181 ], [ 75.463577509440341, 15.880962964780991 ], [ 75.466049603966539, 15.881101294010676 ], [ 75.467183269178705, 15.880225062079358 ], [ 75.466294552991471, 15.876958931667032 ], [ 75.475976801690976, 15.875680749946557 ], [ 75.473975398040906, 15.87457683047265 ], [ 75.47500369560116, 15.87254788884886 ], [ 75.479019394751575, 15.87105859398581 ], [ 75.481537665504362, 15.872003984341912 ], [ 75.478743433525679, 15.874572600346704 ], [ 75.480406874479911, 15.876711201671302 ], [ 75.481997550237921, 15.876420553536924 ], [ 75.483212364510536, 15.873434253508957 ], [ 75.487926159777629, 15.876477301608812 ], [ 75.496235726176991, 15.872733943274429 ], [ 75.50488516487971, 15.862474554223621 ], [ 75.503011613815303, 15.861415333738583 ], [ 75.502241818346377, 15.858101395458904 ], [ 75.506738101863334, 15.856575430759705 ], [ 75.507565662528066, 15.860528532054616 ], [ 75.508236765646473, 15.860667964109608 ], [ 75.519099826064135, 15.858397861309713 ], [ 75.520734563146789, 15.853180289414565 ], [ 75.518368127749511, 15.851815073281708 ], [ 75.514459709523479, 15.852965472669247 ], [ 75.512861757896218, 15.850362478128211 ], [ 75.52114316475064, 15.846545499636296 ], [ 75.521492591039305, 15.841969828846828 ], [ 75.523635277720416, 15.841129932114724 ], [ 75.526472721905947, 15.843007064056771 ], [ 75.530927399706371, 15.841830110164445 ], [ 75.529186581749897, 15.835410870696997 ], [ 75.546893655630655, 15.83656273848541 ], [ 75.555680805750555, 15.833027036272892 ], [ 75.55436097162702, 15.829426884711413 ], [ 75.550581025789242, 15.827100569540777 ], [ 75.551907899267874, 15.824699476068609 ], [ 75.559237581709851, 15.829781194470277 ], [ 75.560105168779828, 15.835637701302016 ], [ 75.563752866763537, 15.837299775269932 ], [ 75.569964608772082, 15.836116227573632 ], [ 75.569514194798387, 15.833779075613483 ], [ 75.566205132673289, 15.833901502683144 ], [ 75.564836355418947, 15.831102683672819 ], [ 75.576367825273536, 15.830409065741145 ], [ 75.575172050529318, 15.825267751140196 ], [ 75.576734186163208, 15.824261874449709 ], [ 75.586548916489619, 15.833538397145615 ], [ 75.58611309257806, 15.834676516336438 ], [ 75.594738752709091, 15.829618856459788 ], [ 75.603321593170023, 15.82886910093857 ], [ 75.606300998704654, 15.831068214312769 ], [ 75.60785155537657, 15.827871832966936 ], [ 75.606040245282202, 15.825318281435541 ], [ 75.615556795700542, 15.823853927432413 ], [ 75.615926595284492, 15.821360969386628 ], [ 75.618643205798378, 15.82136139268982 ], [ 75.620726288637215, 15.835965686094157 ], [ 75.626693997474462, 15.832853197601846 ], [ 75.628824056583682, 15.83490623537161 ], [ 75.632062284578765, 15.834474826715072 ], [ 75.631320809064476, 15.831803022238562 ], [ 75.634666977911181, 15.833304791019978 ], [ 75.636764341572331, 15.84185672641116 ], [ 75.643884410935868, 15.841751531803993 ], [ 75.64224500705302, 15.833337055968364 ], [ 75.645437721563425, 15.83123154105629 ], [ 75.649753024659915, 15.831571105883896 ], [ 75.655186852574388, 15.827957730557182 ], [ 75.658304166443301, 15.829269584554684 ], [ 75.663538855057894, 15.837123125935674 ], [ 75.669286376439757, 15.837583911223978 ], [ 75.67204562643029, 15.8366628183276 ], [ 75.674250514869399, 15.830333926947619 ], [ 75.675659949359328, 15.830187466504791 ], [ 75.674284353916747, 15.823904614538529 ], [ 75.676383860718317, 15.822217668340796 ], [ 75.680653488583488, 15.82317549984422 ], [ 75.681139863929303, 15.829995820241246 ], [ 75.6875303342363, 15.830964881885373 ], [ 75.691298615671784, 15.826894250025013 ], [ 75.695931628018641, 15.824878809550675 ], [ 75.705646210252723, 15.827235541180734 ], [ 75.706888190976059, 15.829415437023709 ], [ 75.715021281646926, 15.827370205444851 ], [ 75.721452321718388, 15.818267366082608 ], [ 75.736069058270658, 15.816551925016201 ], [ 75.735869935181441, 15.813980727968465 ], [ 75.743707642541949, 15.812960435056665 ], [ 75.751442568192289, 15.81568927827359 ], [ 75.779677191282588, 15.817330165840859 ], [ 75.777694704261322, 15.821177222605193 ], [ 75.777215310212327, 15.827467691282207 ], [ 75.774070070249834, 15.827952016821541 ], [ 75.775931856476689, 15.833988433362652 ], [ 75.776507016300755, 15.847699927131927 ], [ 75.780213150555781, 15.853216838086 ], [ 75.787262161485572, 15.848782878311063 ], [ 75.793706827184934, 15.849623835658919 ], [ 75.797489693013304, 15.847641382995494 ], [ 75.804963756299387, 15.851036724065931 ], [ 75.809698992049874, 15.851080012909931 ], [ 75.81209754887135, 15.847143465522011 ], [ 75.820095209676111, 15.851253254296862 ], [ 75.820828098632362, 15.845407199422398 ], [ 75.826657454063081, 15.84219583663586 ], [ 75.825470848511713, 15.838360091977556 ] ] ] } },
{ "type": "Feature", "properties": { "DISTRICT": "Hassan" }, "geometry": { "type": "Polygon", "coordinates": [ [ [ 76.303604321541513, 12.621794741215592 ], [ 76.300954853434547, 12.621947669862392 ], [ 76.301140878944935, 12.624735284661536 ], [ 76.299043817803422, 12.624975362346701 ], [ 76.299644460226773, 12.628986904652693 ], [ 76.29558429407173, 12.628788569994766 ], [ 76.29511396841967, 12.627240198058592 ], [ 76.292490570395202, 12.626780113809319 ], [ 76.290738789243193, 12.616850944469297 ], [ 76.287281279543777, 12.615555915043037 ], [ 76.279618011758913, 12.61704612980439 ], [ 76.279153266582057, 12.623517301933772 ], [ 76.281533761006415, 12.630643974720178 ], [ 76.279085880389204, 12.631120208339455 ], [ 76.279368212171391, 12.633368730831419 ], [ 76.277994786179562, 12.633442294111079 ], [ 76.277139425053264, 12.631566857473096 ], [ 76.265830873673266, 12.628616983007726 ], [ 76.266775547328251, 12.623914052315317 ], [ 76.26546363098889, 12.619081722434457 ], [ 76.258124688170881, 12.621981088125345 ], [ 76.255137348777339, 12.62059398055418 ], [ 76.253433875172689, 12.621436739177261 ], [ 76.25360445276543, 12.623490788607468 ], [ 76.245771932113357, 12.625771665702453 ], [ 76.246967014220843, 12.635421128126982 ], [ 76.243837209536636, 12.637711514776285 ], [ 76.236659444137203, 12.638958614558952 ], [ 76.236508858889295, 12.640902805384023 ], [ 76.231072734730546, 12.644141102686552 ], [ 76.218213447544485, 12.644102847567334 ], [ 76.213363566390896, 12.639418508933108 ], [ 76.209682417182677, 12.638381900668534 ], [ 76.207511442521593, 12.63495307794896 ], [ 76.207183854942144, 12.629080979590348 ], [ 76.216452447054976, 12.625303174328472 ], [ 76.213563118254754, 12.616726965270701 ], [ 76.206027928671915, 12.616389161471254 ], [ 76.20436000227464, 12.614732446964188 ], [ 76.20052761214896, 12.60571897089878 ], [ 76.192082192905303, 12.593325605859299 ], [ 76.193383470508422, 12.591669192906833 ], [ 76.191791898496959, 12.589990989623599 ], [ 76.193081818229587, 12.587680396601646 ], [ 76.192234186697391, 12.585174477089137 ], [ 76.194758337544926, 12.582845517192908 ], [ 76.196434436664944, 12.577485126137228 ], [ 76.183951580899802, 12.577225734910355 ], [ 76.180645577364587, 12.57521003396042 ], [ 76.167615230615311, 12.58007884516098 ], [ 76.158114391717348, 12.578535450975133 ], [ 76.152254598930242, 12.580144760698769 ], [ 76.151842936369803, 12.576796095003985 ], [ 76.148966275421543, 12.573819595225686 ], [ 76.150205816216769, 12.573756617761276 ], [ 76.147693903729518, 12.565799907382734 ], [ 76.156394773708712, 12.563560951962932 ], [ 76.151239951342035, 12.551760622890594 ], [ 76.150725414439748, 12.54896957262874 ], [ 76.152610850646312, 12.546467374069534 ], [ 76.143912108162695, 12.54507591710839 ], [ 76.143673634112247, 12.536605090072428 ], [ 76.135986403430223, 12.537780352690849 ], [ 76.134675841001467, 12.529579273852962 ], [ 76.115414837551143, 12.529232672472684 ], [ 76.119567244491648, 12.521959183856714 ], [ 76.117934927541157, 12.517558414240359 ], [ 76.115694350133154, 12.51742666931869 ], [ 76.115974426144774, 12.512446896207488 ], [ 76.111882665281556, 12.51361216524395 ], [ 76.109199101283068, 12.517746378787365 ], [ 76.104362488846647, 12.518533619272745 ], [ 76.10360843827317, 12.523231736079543 ], [ 76.101030762233009, 12.526788882277003 ], [ 76.103250112798747, 12.528011407674486 ], [ 76.103534690912596, 12.530310828934406 ], [ 76.09818571240308, 12.528884028861892 ], [ 76.099248453659456, 12.532262967426966 ], [ 76.093645580837901, 12.533625122680625 ], [ 76.093463932746346, 12.535446403578641 ], [ 76.089520213484391, 12.538296399961732 ], [ 76.086621735475632, 12.53779364317093 ], [ 76.08874565644399, 12.543579362529814 ], [ 76.093864783349034, 12.543145242317443 ], [ 76.089848765662509, 12.547333264951298 ], [ 76.089150915160815, 12.543597930438457 ], [ 76.088480788420171, 12.54580038497916 ], [ 76.087828247018152, 12.543172919414944 ], [ 76.084386558045409, 12.542889780320534 ], [ 76.082828232070611, 12.544520714482287 ], [ 76.080279660789813, 12.543617921340383 ], [ 76.080116736543545, 12.545627302882737 ], [ 76.073975816931579, 12.547699200305443 ], [ 76.074618826204087, 12.550327648365942 ], [ 76.070191515577136, 12.549423355484699 ], [ 76.069811799989481, 12.556680728075429 ], [ 76.066204008593118, 12.558232681922503 ], [ 76.063738278880649, 12.556390971601598 ], [ 76.058080418826393, 12.556158041481103 ], [ 76.055808039859031, 12.558502115148425 ], [ 76.047769892650592, 12.561299927191078 ], [ 76.045966862010303, 12.577578695066833 ], [ 76.034185529710882, 12.575191926934485 ], [ 76.03079440024851, 12.577043997757313 ], [ 76.029063740704345, 12.575711539448058 ], [ 76.021453902006542, 12.577176404925055 ], [ 76.018192338818906, 12.570896567538064 ], [ 76.017067308040211, 12.571547235546163 ], [ 76.014086429180722, 12.569082509941564 ], [ 76.011939206367657, 12.572708971708261 ], [ 76.009935053908308, 12.570892408079866 ], [ 76.005972577884407, 12.574322318033861 ], [ 76.002273060972158, 12.57493425972978 ], [ 76.001060106665363, 12.577826833740341 ], [ 75.997613359982665, 12.57986631537943 ], [ 75.997270655140028, 12.5838184816196 ], [ 75.993619218098303, 12.588227393873956 ], [ 75.99091381350172, 12.586857369838697 ], [ 75.99122664187999, 12.584990340617685 ], [ 75.987676536888728, 12.581103441057753 ], [ 75.988956312718599, 12.574126196109685 ], [ 75.981366550437443, 12.573707733935372 ], [ 75.972569156401065, 12.57736513852233 ], [ 75.969117508851454, 12.576927344118886 ], [ 75.972735178464333, 12.571152799470166 ], [ 75.974922509885872, 12.562437521513925 ], [ 75.965965023341965, 12.559930764157112 ], [ 75.961045527652516, 12.564096698359085 ], [ 75.956058939977623, 12.572395110053458 ], [ 75.948837732951716, 12.594673497467515 ], [ 75.939784435927734, 12.606314489073961 ], [ 75.939244081207221, 12.609045961840208 ], [ 75.94713245693319, 12.613587809835863 ], [ 75.949298427020295, 12.621014539132577 ], [ 75.947924287433239, 12.624273761116783 ], [ 75.944307588022696, 12.629253052079088 ], [ 75.940055387058422, 12.627877927198057 ], [ 75.936244312798323, 12.629838997710241 ], [ 75.940468669360129, 12.632211278526595 ], [ 75.942813962229806, 12.636566384579293 ], [ 75.940632088147069, 12.641777245041371 ], [ 75.93801642931524, 12.643571814142391 ], [ 75.940979743599854, 12.657681218662589 ], [ 75.947598502843718, 12.663986527213293 ], [ 75.939977791657668, 12.674399637606147 ], [ 75.941175622752041, 12.675771529466587 ], [ 75.954404787279643, 12.676216716841097 ], [ 75.95842137232394, 12.680427640790665 ], [ 75.959665528165402, 12.682935831313895 ], [ 75.958468100692684, 12.689977216399463 ], [ 75.961321493178929, 12.692308487703345 ], [ 75.964740768938412, 12.700031448998228 ], [ 75.964793884599757, 12.703486724846696 ], [ 75.962536192527722, 12.70531096849453 ], [ 75.966144717699933, 12.709767426338111 ], [ 75.943223815867029, 12.718658133861405 ], [ 75.934885264579407, 12.732705532679407 ], [ 75.937947584297362, 12.750233013245232 ], [ 75.933776405046132, 12.757669005154755 ], [ 75.935081673797143, 12.759251633213168 ], [ 75.932819753565212, 12.76258773801656 ], [ 75.934840961878081, 12.767634551701644 ], [ 75.946351912187666, 12.765832750538008 ], [ 75.952906470943972, 12.768022453020901 ], [ 75.958244055924112, 12.782185767313333 ], [ 75.962391384743754, 12.782343148555597 ], [ 75.966347241459644, 12.78029955609342 ], [ 75.968310233864116, 12.782809335319323 ], [ 75.971011772800765, 12.782656855628078 ], [ 75.970680156814439, 12.786604775870897 ], [ 75.966797496327118, 12.793442632233258 ], [ 75.967513905438608, 12.803719807788767 ], [ 75.955479483119476, 12.802421270532953 ], [ 75.949269641634629, 12.80016625496711 ], [ 75.948772751799339, 12.805803119397757 ], [ 75.947098480175683, 12.807980100478661 ], [ 75.930068822511458, 12.807622172123896 ], [ 75.925199197824085, 12.812166113952053 ], [ 75.928169052209796, 12.821389418324726 ], [ 75.919106104230607, 12.828387642053851 ], [ 75.916677385218776, 12.825544485424048 ], [ 75.918002422314245, 12.819836595500625 ], [ 75.91245509811715, 12.81649422028782 ], [ 75.909197835250097, 12.816350433456234 ], [ 75.902165604651231, 12.818763852556261 ], [ 75.899413884773438, 12.828434175863332 ], [ 75.89394536617408, 12.828758149531705 ], [ 75.879151085247983, 12.833705313546412 ], [ 75.874813832534258, 12.829720804760905 ], [ 75.87766768063355, 12.826474091878607 ], [ 75.875873732290984, 12.823601428706519 ], [ 75.863606716236134, 12.818988202990798 ], [ 75.86547907420622, 12.811371197843036 ], [ 75.86374243304941, 12.807878096539874 ], [ 75.86692915472959, 12.805572825359576 ], [ 75.864929738578013, 12.803771563410875 ], [ 75.86643163194735, 12.802265694468142 ], [ 75.864412872468804, 12.800497827522509 ], [ 75.864937558829041, 12.798420776235989 ], [ 75.863074271074368, 12.797644292213544 ], [ 75.863300328604637, 12.795430158131577 ], [ 75.866468548855337, 12.791310671609946 ], [ 75.868958869979295, 12.783114848167399 ], [ 75.871491662998935, 12.782463550963293 ], [ 75.874449797449543, 12.776829312086495 ], [ 75.877322503286692, 12.777548637273286 ], [ 75.877672301786333, 12.776300623325454 ], [ 75.872624501891295, 12.774323516111348 ], [ 75.87576514455651, 12.772738690964125 ], [ 75.873177873295433, 12.769675946868125 ], [ 75.871737804302683, 12.770824796412317 ], [ 75.865444809289087, 12.768194740208232 ], [ 75.861100635272166, 12.770409863833585 ], [ 75.857875998526325, 12.770214477789231 ], [ 75.857560213161136, 12.762037402493441 ], [ 75.859677530227316, 12.75730098245314 ], [ 75.853222902099972, 12.754298236322667 ], [ 75.849010896575649, 12.74991942294181 ], [ 75.852446798257432, 12.745599098571413 ], [ 75.854698684383536, 12.736689301056259 ], [ 75.851542069547648, 12.7303979295431 ], [ 75.853015362969899, 12.724716102297352 ], [ 75.861693137910393, 12.71745439880284 ], [ 75.870175362723359, 12.715102780746665 ], [ 75.870561547468185, 12.711995154136948 ], [ 75.873295843230025, 12.70942537147573 ], [ 75.883907580783898, 12.708322797737914 ], [ 75.885898721925273, 12.705471908908681 ], [ 75.885468462304658, 12.699719233128256 ], [ 75.889903589515725, 12.693470227385729 ], [ 75.887739113336806, 12.689827307031987 ], [ 75.889052067209747, 12.684473403914318 ], [ 75.888169114925091, 12.677572794248332 ], [ 75.886053967893275, 12.674514333168581 ], [ 75.882212003340015, 12.674437496209958 ], [ 75.878866031792938, 12.671891399449136 ], [ 75.867425535031245, 12.67450531326738 ], [ 75.853388794484601, 12.669467171540743 ], [ 75.84630213268052, 12.672194509503463 ], [ 75.843336757743359, 12.668580028671357 ], [ 75.833805200685248, 12.671321615816179 ], [ 75.829273724412928, 12.675687323380918 ], [ 75.825469422846865, 12.682420090540488 ], [ 75.8198262461203, 12.684533371821662 ], [ 75.816910445844826, 12.69293733870677 ], [ 75.807507520650717, 12.701278378827009 ], [ 75.801604951022242, 12.695138966461673 ], [ 75.797500345074027, 12.693902904574403 ], [ 75.791403193994952, 12.687091739010198 ], [ 75.782116145896211, 12.686313332764858 ], [ 75.77849887983237, 12.68820608137734 ], [ 75.776134874536993, 12.686627336828854 ], [ 75.774179634187277, 12.680448956348922 ], [ 75.766784216910139, 12.680421202764606 ], [ 75.760467260296863, 12.673605686561014 ], [ 75.743841341453418, 12.68061725823647 ], [ 75.74062456098963, 12.684139128398932 ], [ 75.738583337044133, 12.690192099634812 ], [ 75.731271809002465, 12.69740399699349 ], [ 75.722319355045755, 12.696701360969836 ], [ 75.722679378562972, 12.700936537221608 ], [ 75.720016051757767, 12.703129483570521 ], [ 75.719916732934365, 12.705322805773511 ], [ 75.717089645440197, 12.704274806372405 ], [ 75.713291778232261, 12.707461091587266 ], [ 75.710742490931707, 12.704669671542705 ], [ 75.704842967883053, 12.706313270266254 ], [ 75.687182635470364, 12.700539625459482 ], [ 75.675135640435983, 12.700809787484372 ], [ 75.668154376324765, 12.696253062048847 ], [ 75.666657905031144, 12.698017677508592 ], [ 75.642121034053872, 12.694091896832116 ], [ 75.638055470254812, 12.695158374217328 ], [ 75.634642903165741, 12.693555578829036 ], [ 75.629200540593502, 12.700173893499379 ], [ 75.637791517455881, 12.7105052432732 ], [ 75.655205305331819, 12.720155294541719 ], [ 75.657160128587719, 12.730927644695377 ], [ 75.656459520314769, 12.734655870435711 ], [ 75.660724109963581, 12.74639989033315 ], [ 75.657939914928917, 12.751112323821335 ], [ 75.65491975506518, 12.751205189535796 ], [ 75.638461694370875, 12.760406341353953 ], [ 75.637225547113019, 12.769027070650525 ], [ 75.628224325953255, 12.774319027608712 ], [ 75.6313036579851, 12.776200760303889 ], [ 75.625640828328983, 12.77810454997228 ], [ 75.625855516206244, 12.784989216456866 ], [ 75.617583275826433, 12.793197127017356 ], [ 75.61292762987992, 12.793738405005451 ], [ 75.612876422932075, 12.796547672231803 ], [ 75.619563186095107, 12.803326823924923 ], [ 75.618839331454865, 12.82498386877479 ], [ 75.617885852973998, 12.82738165657995 ], [ 75.61493573893425, 12.828102796046672 ], [ 75.614943743430018, 12.832711296366876 ], [ 75.623618432630977, 12.849952446688635 ], [ 75.622398658290123, 12.856613121407664 ], [ 75.618029662639131, 12.856385391223181 ], [ 75.61264024681833, 12.862109870575196 ], [ 75.603349622192709, 12.865281025758602 ], [ 75.60047812617718, 12.869902719013998 ], [ 75.602271568038319, 12.873939722924067 ], [ 75.598656196289411, 12.875205447524076 ], [ 75.577756642590444, 12.873047169369601 ], [ 75.564371416775529, 12.867171197258982 ], [ 75.560923040293758, 12.868295220641242 ], [ 75.560834946442597, 12.869802669271232 ], [ 75.553806080365575, 12.869310405912016 ], [ 75.551161574053452, 12.874715552819358 ], [ 75.552065003214196, 12.888802239670303 ], [ 75.548458592750336, 12.893584088641489 ], [ 75.545866771493451, 12.904380437353378 ], [ 75.557294658287674, 12.913238910002105 ], [ 75.571702063204313, 12.931923202757311 ], [ 75.583456454471261, 12.940389511317271 ], [ 75.594814195733207, 12.944193605231288 ], [ 75.602558737266023, 12.957581630667217 ], [ 75.601949592025733, 12.964317760583477 ], [ 75.6090360468841, 12.980616676229403 ], [ 75.619451846880764, 12.991176050291461 ], [ 75.624542500918196, 13.002272960962532 ], [ 75.631451779688888, 13.011262936352859 ], [ 75.637564477763505, 13.011028970182215 ], [ 75.638895719929423, 13.01338760484467 ], [ 75.638381383367076, 13.018109650477063 ], [ 75.640580633812959, 13.019403312365975 ], [ 75.639965081160668, 13.024838012448171 ], [ 75.64355802473365, 13.02722631916795 ], [ 75.642947068294177, 13.031584424261426 ], [ 75.646030281758087, 13.032136580916832 ], [ 75.647594596294084, 13.027330236760182 ], [ 75.649897716089058, 13.026310224164165 ], [ 75.656189513707105, 13.02927851947784 ], [ 75.658049865049719, 13.025165958439713 ], [ 75.661362503701142, 13.026315454875084 ], [ 75.666099821486185, 13.031365655391546 ], [ 75.667179552097465, 13.030003992353691 ], [ 75.672986092176401, 13.029740170125526 ], [ 75.674042024498732, 13.024599964312626 ], [ 75.675016814559939, 13.025653086312346 ], [ 75.673853583666684, 13.029769566298439 ], [ 75.678689061273502, 13.031792110955715 ], [ 75.681142771378745, 13.030287705254811 ], [ 75.682776584474297, 13.031227766399461 ], [ 75.682124417519319, 13.033641671379931 ], [ 75.683768511867896, 13.035952245632341 ], [ 75.686625355170989, 13.032506391731433 ], [ 75.690329794812939, 13.033302580245451 ], [ 75.688072663705469, 13.036816238011529 ], [ 75.69032122222265, 13.043964248432072 ], [ 75.695933592904439, 13.046054048815019 ], [ 75.696791943815825, 13.036933494202001 ], [ 75.701549356351507, 13.035603184012862 ], [ 75.710171700886349, 13.03705514104019 ], [ 75.716919151447712, 13.03091153585426 ], [ 75.72520504577939, 13.032079191552505 ], [ 75.723524390093331, 13.028228922688976 ], [ 75.724755524039793, 13.025296236276862 ], [ 75.727626087406833, 13.023803740475371 ], [ 75.740519750040434, 13.029845596698072 ], [ 75.740007219707806, 13.03652668218087 ], [ 75.740731905945779, 13.041560717391713 ], [ 75.742027306688442, 13.041495566516581 ], [ 75.739290839928927, 13.050185548388251 ], [ 75.741970024576688, 13.054358776583872 ], [ 75.740554629189504, 13.059623068115981 ], [ 75.742581112700961, 13.071097536532886 ], [ 75.735115261769323, 13.086144746005997 ], [ 75.726700868236762, 13.095903288266461 ], [ 75.727948989605693, 13.104902251356336 ], [ 75.736078912421021, 13.110672590931554 ], [ 75.73903014401175, 13.110482254064458 ], [ 75.740465753348246, 13.11347459125686 ], [ 75.739260405339039, 13.115364769181744 ], [ 75.737881136510723, 13.114928138828239 ], [ 75.73610992299956, 13.122322017399529 ], [ 75.748529811999688, 13.130353658687572 ], [ 75.751882035485423, 13.133360901138078 ], [ 75.752174137135995, 13.135279928947613 ], [ 75.750518416225475, 13.135736692888177 ], [ 75.753796520303226, 13.137214526102763 ], [ 75.751251335089407, 13.14610182260081 ], [ 75.7494291037209, 13.145495753715892 ], [ 75.74443319448541, 13.150465809358085 ], [ 75.740324020382729, 13.148584288764058 ], [ 75.735850641285239, 13.153525698588782 ], [ 75.734582418856789, 13.159941092711776 ], [ 75.73037071497302, 13.163569945790778 ], [ 75.730895462471025, 13.170385104847069 ], [ 75.727833102926411, 13.183281167930328 ], [ 75.732608966303005, 13.186658259833605 ], [ 75.734892848767416, 13.194922275853163 ], [ 75.743198685836546, 13.207408479400833 ], [ 75.747433008460575, 13.20683730265231 ], [ 75.748644377531093, 13.205275496103086 ], [ 75.750209938419644, 13.206213491736737 ], [ 75.752484770914762, 13.212312045610341 ], [ 75.75854748081538, 13.218072910212879 ], [ 75.761822939604002, 13.217556904101263 ], [ 75.766431673352827, 13.211987716641675 ], [ 75.770075951942744, 13.213999956938085 ], [ 75.772897698041731, 13.212948699553904 ], [ 75.77529522497386, 13.216602850718402 ], [ 75.779199875402099, 13.209951053286961 ], [ 75.789549399023571, 13.214345889513716 ], [ 75.793741535782658, 13.213689823861696 ], [ 75.799113785716273, 13.216169718818035 ], [ 75.805587370370944, 13.215627124429286 ], [ 75.809909374403261, 13.221789983509504 ], [ 75.80962147044059, 13.230749506546498 ], [ 75.812986574492356, 13.230736787383234 ], [ 75.80764170886161, 13.246896217071365 ], [ 75.809430502387244, 13.254735599296803 ], [ 75.807353164402443, 13.258853206743499 ], [ 75.813412166962252, 13.260860378575323 ], [ 75.813631956198975, 13.258464488562279 ], [ 75.818454896991426, 13.259325459783811 ], [ 75.818338785628043, 13.25773778901069 ], [ 75.824863650748384, 13.252948472573266 ], [ 75.830820038356038, 13.257438126108203 ], [ 75.835813938671578, 13.252197325923985 ], [ 75.840274196206764, 13.251348899777106 ], [ 75.847407060183357, 13.256557410710601 ], [ 75.851649107905914, 13.257133327676074 ], [ 75.851671790611192, 13.258550450628475 ], [ 75.856945436298403, 13.258368436965542 ], [ 75.857662699919246, 13.256889200396671 ], [ 75.855341934727392, 13.255820673976338 ], [ 75.855595561776767, 13.253854188373998 ], [ 75.860323890924533, 13.253612953383255 ], [ 75.859877262097527, 13.244230817764659 ], [ 75.863031685021042, 13.242708176613704 ], [ 75.860858778568925, 13.241028349634545 ], [ 75.861617959297448, 13.240196249452529 ], [ 75.871045607162358, 13.246498052054974 ], [ 75.875228787172389, 13.252533942273381 ], [ 75.87743849832853, 13.260650530519259 ], [ 75.881840024276528, 13.259940816796636 ], [ 75.900167892891716, 13.266116606254526 ], [ 75.90482120517602, 13.257877580100113 ], [ 75.910172444558683, 13.261150687255819 ], [ 75.912045860544325, 13.260351885733792 ], [ 75.91531775641198, 13.261758491652722 ], [ 75.919594904981736, 13.256991145948817 ], [ 75.93741884337858, 13.256212504222251 ], [ 75.94117846997645, 13.258590475798545 ], [ 75.97172163964963, 13.262119937637626 ], [ 75.984483371978342, 13.266643424340177 ], [ 75.9855834743054, 13.266240384116815 ], [ 75.984226329741858, 13.265613787931317 ], [ 75.984485897937006, 13.263807626326434 ], [ 75.984830920793641, 13.26504892019682 ], [ 75.988572315669558, 13.26447032579626 ], [ 75.990137489116265, 13.259908856745264 ], [ 76.014780001259226, 13.261558287944363 ], [ 76.01754481513548, 13.257709341735449 ], [ 76.017870180856448, 13.250030788742315 ], [ 76.021156952553426, 13.251794078597859 ], [ 76.036687684334154, 13.249518413995439 ], [ 76.040622783990429, 13.264041560812025 ], [ 76.038832796496735, 13.266447035310639 ], [ 76.042132957185387, 13.266082067570458 ], [ 76.040552531733113, 13.267742410017409 ], [ 76.043132986922672, 13.275633047916729 ], [ 76.040081000635254, 13.283281272162629 ], [ 76.039461207702885, 13.293879826844668 ], [ 76.037144308331378, 13.294824314993857 ], [ 76.037338671646069, 13.300325464491282 ], [ 76.033233649097113, 13.301683758221133 ], [ 76.033676083140492, 13.313491700613646 ], [ 76.036720184329596, 13.320131630891698 ], [ 76.032069048408459, 13.321344281752928 ], [ 76.034346480327997, 13.332982078051149 ], [ 76.032919576520939, 13.336580079230989 ], [ 76.03451020806871, 13.337307344609055 ], [ 76.029003924589702, 13.345451229606871 ], [ 76.032223627406097, 13.345965307981036 ], [ 76.041948165761511, 13.365210615362324 ], [ 76.038957657228849, 13.367749494598218 ], [ 76.041656250316763, 13.374203442369458 ], [ 76.056111800948941, 13.381611257936211 ], [ 76.078068475765406, 13.374401689376 ], [ 76.08181041618667, 13.371746948550184 ], [ 76.089085516330954, 13.371665796133653 ], [ 76.087139862917383, 13.375931609600485 ], [ 76.089099269008528, 13.392443993150643 ], [ 76.098509805050185, 13.393769072750381 ], [ 76.098496151773134, 13.391524661982142 ], [ 76.110595946544393, 13.396189879495441 ], [ 76.111183074540151, 13.400548272238149 ], [ 76.123580815151712, 13.401538251539305 ], [ 76.129534699936613, 13.400108401196023 ], [ 76.129539353646706, 13.404007080728796 ], [ 76.139403924929212, 13.406569315333515 ], [ 76.140812328388606, 13.40954387759624 ], [ 76.138580810956825, 13.41266094892706 ], [ 76.138748321192423, 13.416352330024411 ], [ 76.139497208988374, 13.41983254670863 ], [ 76.141158191415357, 13.420522890984747 ], [ 76.139046587545266, 13.427000401642717 ], [ 76.140077111724651, 13.436026575821792 ], [ 76.136165687684027, 13.444273774971222 ], [ 76.138255101035796, 13.442984448022203 ], [ 76.146829979061536, 13.448220227722333 ], [ 76.151414543978319, 13.457963264148349 ], [ 76.15836787504368, 13.459815211884219 ], [ 76.162026977601798, 13.469589811434147 ], [ 76.19403236973298, 13.468757787211981 ], [ 76.192440539976147, 13.460796104250724 ], [ 76.187089049483035, 13.452386107383985 ], [ 76.193487267358634, 13.451755497801933 ], [ 76.193352986876519, 13.450223526062683 ], [ 76.199549598734095, 13.450804195993726 ], [ 76.199868199273766, 13.460959946145437 ], [ 76.198106868262869, 13.469327305379728 ], [ 76.226608838072849, 13.467466299279481 ], [ 76.232083391605428, 13.468882894018824 ], [ 76.234389695399187, 13.480405097709005 ], [ 76.229532198365291, 13.484704599094703 ], [ 76.238148702901597, 13.495427383023291 ], [ 76.233554001966468, 13.507017536600975 ], [ 76.260968389740285, 13.511558797874976 ], [ 76.262320539494766, 13.505320246236431 ], [ 76.268790112011857, 13.506498628921642 ], [ 76.292532527858228, 13.504682282547247 ], [ 76.29117783729815, 13.507400542545206 ], [ 76.293724532023631, 13.527184436533817 ], [ 76.295526943364521, 13.527580760017358 ], [ 76.296462056555214, 13.524896301988283 ], [ 76.30071425617129, 13.521738231881267 ], [ 76.303455196226551, 13.524463602473039 ], [ 76.306791088098208, 13.524459980880861 ], [ 76.306792828791956, 13.525800503248567 ], [ 76.312049593446517, 13.52544509348318 ], [ 76.310951268006889, 13.529323380212942 ], [ 76.315883192507357, 13.531932680892574 ], [ 76.316558509834366, 13.539077497618784 ], [ 76.317584462425657, 13.539210077877955 ], [ 76.318239288130698, 13.536389929782876 ], [ 76.321313338300413, 13.537212377514084 ], [ 76.323432714043662, 13.530693980727698 ], [ 76.330348461034831, 13.521427503082453 ], [ 76.343047496250435, 13.513419862344014 ], [ 76.345074105318631, 13.513740226330768 ], [ 76.348132563815369, 13.518131645597082 ], [ 76.349102417686936, 13.525365530959167 ], [ 76.352145263228834, 13.525230249154289 ], [ 76.353239488054498, 13.526946332129279 ], [ 76.362491838932186, 13.530352729796325 ], [ 76.364114157765115, 13.545390685213913 ], [ 76.366405639483162, 13.548287472160863 ], [ 76.369940223990724, 13.548064688985356 ], [ 76.375481650232771, 13.542401478822038 ], [ 76.387863153967729, 13.534389971218019 ], [ 76.395343381380812, 13.53598897980754 ], [ 76.397749208671655, 13.528161122587241 ], [ 76.400421915418605, 13.52636090844066 ], [ 76.424693474648734, 13.523936727650218 ], [ 76.419693431481306, 13.519960743345294 ], [ 76.41540813793128, 13.509120006680956 ], [ 76.410445228281901, 13.507976530085843 ], [ 76.409055077032477, 13.505505075914746 ], [ 76.397478328133261, 13.505475892568462 ], [ 76.396845521794575, 13.495024547236897 ], [ 76.401152942760362, 13.491577670263794 ], [ 76.405249569542363, 13.491198887455322 ], [ 76.407823844159751, 13.484349310442688 ], [ 76.415306699067102, 13.481194295901275 ], [ 76.411872447050825, 13.479191273523302 ], [ 76.410949546286119, 13.469282115076481 ], [ 76.407677638920632, 13.459484401785108 ], [ 76.419462520481574, 13.449578359528257 ], [ 76.406502621753361, 13.431752921256718 ], [ 76.404273475035794, 13.431011959330842 ], [ 76.405465261381707, 13.427406367837758 ], [ 76.400662170724118, 13.423005562894474 ], [ 76.397422739534989, 13.404231237025224 ], [ 76.389673426798154, 13.394539095764101 ], [ 76.392462713664571, 13.390482217946033 ], [ 76.393514421711814, 13.378837351810491 ], [ 76.385999015735734, 13.36989951284143 ], [ 76.383620216955094, 13.371119303392172 ], [ 76.382089327464229, 13.370200242764074 ], [ 76.383583027687195, 13.366784908130416 ], [ 76.382868676647348, 13.363972852984123 ], [ 76.349200805809858, 13.361507153753905 ], [ 76.345945866607352, 13.359929609237234 ], [ 76.346593156955464, 13.344976047183993 ], [ 76.348871263245385, 13.336629836007175 ], [ 76.352441362281283, 13.330867645399858 ], [ 76.348976125572619, 13.318270814097225 ], [ 76.347671415386557, 13.30191793556761 ], [ 76.349634993425994, 13.296528954932754 ], [ 76.347074329193717, 13.29749240949851 ], [ 76.357228911690271, 13.286821299644698 ], [ 76.35761058782947, 13.276042478146207 ], [ 76.355097514213668, 13.263925579292943 ], [ 76.358417423022644, 13.261770405569045 ], [ 76.356644926855168, 13.250465751571795 ], [ 76.361980626218056, 13.249591921906553 ], [ 76.364128731007114, 13.244651960773657 ], [ 76.364278586016994, 13.234755455706699 ], [ 76.379951474752929, 13.232312930488163 ], [ 76.378999837065663, 13.220319173157446 ], [ 76.376561291439288, 13.216118423114084 ], [ 76.369523387398985, 13.212633837691769 ], [ 76.37000395687204, 13.200088136956225 ], [ 76.393921749522065, 13.197412721644328 ], [ 76.393748182127524, 13.188896135769504 ], [ 76.40785836185961, 13.19251159979275 ], [ 76.413342426531159, 13.191248816121075 ], [ 76.416164822467266, 13.185870885926516 ], [ 76.420823926597208, 13.185967786098072 ], [ 76.426715095533922, 13.18194722471522 ], [ 76.428773452754385, 13.172129575542122 ], [ 76.445139892802331, 13.169310261640101 ], [ 76.446707857832919, 13.163768112366032 ], [ 76.454278635201746, 13.155062522083185 ], [ 76.455196896126836, 13.150794993119844 ], [ 76.457436469245209, 13.150950023172969 ], [ 76.458410084505573, 13.149245906195997 ], [ 76.464291506091783, 13.150924824600798 ], [ 76.473373468487182, 13.149780447439456 ], [ 76.469812110111263, 13.136674543160092 ], [ 76.470143751942373, 13.120877686421842 ], [ 76.468766080534223, 13.120016172086778 ], [ 76.47303388665145, 13.096111888907433 ], [ 76.472416320628028, 13.093016700044043 ], [ 76.481955717865489, 13.091235739786473 ], [ 76.490665441700884, 13.094676069736243 ], [ 76.495122402284537, 13.094430874128879 ], [ 76.49615768357809, 13.086087886602019 ], [ 76.50572939518166, 13.078712300126575 ], [ 76.511803505134239, 13.070796695196288 ], [ 76.515598896227331, 13.068968292088705 ], [ 76.521422445235956, 13.072705960916968 ], [ 76.522595382427667, 13.078242507825587 ], [ 76.528306633082906, 13.078947058764038 ], [ 76.534659027664318, 13.076710740808771 ], [ 76.551297997029764, 13.077221986750965 ], [ 76.562296847202091, 13.073700821965602 ], [ 76.568398645799107, 13.074696917248771 ], [ 76.585409003639171, 13.070953525691804 ], [ 76.592520500715949, 13.075247678023592 ], [ 76.600529955196677, 13.073256172440049 ], [ 76.607849178928078, 13.07383431116398 ], [ 76.61835448718432, 13.063855994356414 ], [ 76.61956473673041, 13.055966951177513 ], [ 76.619033095649257, 13.053696341618584 ], [ 76.606950597355393, 13.05676398073123 ], [ 76.605317561085101, 13.053287118814289 ], [ 76.602936824416247, 13.041290061922581 ], [ 76.607700565194534, 13.037046810105357 ], [ 76.607546574155919, 13.032365534347139 ], [ 76.6089910445383, 13.030911163264763 ], [ 76.604507686717426, 13.014647628076856 ], [ 76.605679053520689, 13.011618963850845 ], [ 76.611589128050099, 13.007993413253304 ], [ 76.618542126485124, 13.008552333199233 ], [ 76.631992330505568, 13.003956277557576 ], [ 76.630330728999482, 12.99351139204108 ], [ 76.63284667593679, 12.992914579905303 ], [ 76.634469618230867, 12.984075705034206 ], [ 76.634099240694439, 12.981195927293003 ], [ 76.631358580322399, 12.982479424465716 ], [ 76.631432832621101, 12.972212369329888 ], [ 76.620278475903945, 12.965319115287159 ], [ 76.610551950235049, 12.966205960658487 ], [ 76.611327647473615, 12.957955671077217 ], [ 76.617579347008103, 12.953649276604505 ], [ 76.617621083514663, 12.945154227017925 ], [ 76.615586641560071, 12.936799707310533 ], [ 76.605652781732047, 12.938884181436487 ], [ 76.602732364603384, 12.923043823755386 ], [ 76.599446754120478, 12.923428355127363 ], [ 76.595934265166079, 12.920879421812968 ], [ 76.599921249424142, 12.905434581620337 ], [ 76.595343795272797, 12.899790883511125 ], [ 76.590776047490394, 12.890022204426495 ], [ 76.590967624352174, 12.887028894083334 ], [ 76.596017025761284, 12.880244401721447 ], [ 76.586259832203169, 12.87600437633953 ], [ 76.58368992799177, 12.873343329695823 ], [ 76.578642279299885, 12.873440497492917 ], [ 76.57975839156336, 12.871231930184356 ], [ 76.574707283614785, 12.866987639835546 ], [ 76.577146330123867, 12.858669141018611 ], [ 76.577137562831538, 12.846213916832628 ], [ 76.573280768623576, 12.847096805531301 ], [ 76.56364814740158, 12.844628094199518 ], [ 76.555722352717623, 12.846087420889635 ], [ 76.546619366248734, 12.841306296032151 ], [ 76.540119487573406, 12.841979660001821 ], [ 76.535540416362821, 12.844235243903805 ], [ 76.532579179569368, 12.842560732383246 ], [ 76.520327011631124, 12.841453588544363 ], [ 76.516968831357957, 12.833859512612147 ], [ 76.518054752336113, 12.826867069975469 ], [ 76.509327675621648, 12.822339649496168 ], [ 76.501719208055917, 12.822313883871326 ], [ 76.497329660260519, 12.813421453418586 ], [ 76.491917280461323, 12.807943294280811 ], [ 76.491694769643786, 12.805483991226748 ], [ 76.494301223487639, 12.805251047269055 ], [ 76.495120288671274, 12.803030205049788 ], [ 76.491342994356003, 12.792923886311238 ], [ 76.492014599329579, 12.789834427207591 ], [ 76.490283551997848, 12.7889673022812 ], [ 76.493200858117973, 12.782236092638966 ], [ 76.497997794857369, 12.778958258490698 ], [ 76.498245309205601, 12.774492541981113 ], [ 76.497658236565428, 12.770742890559118 ], [ 76.490876996612073, 12.765225532128122 ], [ 76.487786955397908, 12.771821753004192 ], [ 76.489617232054584, 12.775611232440319 ], [ 76.489481358477192, 12.784671514456198 ], [ 76.483859146585203, 12.783539537301088 ], [ 76.478334662508232, 12.779821569745325 ], [ 76.477015990568901, 12.771388989326917 ], [ 76.475737167678588, 12.770935949178622 ], [ 76.469105052419295, 12.771402274337909 ], [ 76.466431668066662, 12.774509443965291 ], [ 76.456861774560139, 12.776685468264647 ], [ 76.455229996809351, 12.779878292332246 ], [ 76.456847427188137, 12.788614828721455 ], [ 76.461060421327133, 12.788534985870957 ], [ 76.46876186301148, 12.794317691968585 ], [ 76.469609593295331, 12.800868717566829 ], [ 76.46739061877328, 12.804217204453499 ], [ 76.463290478079145, 12.804932678019664 ], [ 76.461621631617902, 12.802140364895402 ], [ 76.456762617136405, 12.80247189890952 ], [ 76.457387550360806, 12.806464765633319 ], [ 76.450659104391875, 12.809648805489527 ], [ 76.450748460192045, 12.812046378724633 ], [ 76.444361971206931, 12.818106014433615 ], [ 76.444989841930152, 12.821262808577371 ], [ 76.42553335966123, 12.824544335520804 ], [ 76.424234002343425, 12.826018589343263 ], [ 76.420446778815744, 12.843158232920931 ], [ 76.425760583196393, 12.846208270597053 ], [ 76.42678635209559, 12.854124458589897 ], [ 76.425366061692856, 12.857459512669305 ], [ 76.416626537704829, 12.859687059116144 ], [ 76.416176672407914, 12.864831170866724 ], [ 76.414854844284278, 12.865706321498546 ], [ 76.413082787158743, 12.864452942510706 ], [ 76.40692405905213, 12.865823721929587 ], [ 76.408465797794861, 12.853541918829373 ], [ 76.407297729990191, 12.845361872785251 ], [ 76.397450753128751, 12.847466372773342 ], [ 76.391225348487566, 12.844425270936853 ], [ 76.385827296819457, 12.845078271293028 ], [ 76.388029042041239, 12.840778721942872 ], [ 76.382226244172301, 12.830589126430622 ], [ 76.377244569176881, 12.828048348931222 ], [ 76.375053025173301, 12.83142318386261 ], [ 76.373881960745848, 12.829826799805174 ], [ 76.370868651164614, 12.829918092220172 ], [ 76.367174868017969, 12.822806430356069 ], [ 76.370851540829037, 12.81528880017952 ], [ 76.370753855526374, 12.811714160526792 ], [ 76.367984302540066, 12.808414305517022 ], [ 76.351205783361053, 12.808680887219603 ], [ 76.34382254617681, 12.812104373059309 ], [ 76.331841887861586, 12.811871451427018 ], [ 76.329852603885101, 12.803549201343159 ], [ 76.334895664962275, 12.787820401331153 ], [ 76.338160620624919, 12.785824785781569 ], [ 76.34864374694439, 12.786813787302556 ], [ 76.350164571544269, 12.78487500991878 ], [ 76.348049681808121, 12.778216591789199 ], [ 76.350622584924054, 12.773392919026826 ], [ 76.350104785610029, 12.770450693826817 ], [ 76.348033385457313, 12.768231690460405 ], [ 76.343275597050265, 12.766947633966652 ], [ 76.342532975155535, 12.762467895221269 ], [ 76.351379339070817, 12.75235343057548 ], [ 76.357286399924163, 12.749540748221101 ], [ 76.35747183761238, 12.747023706896842 ], [ 76.355039660621458, 12.743865775329326 ], [ 76.351230084148298, 12.742086602867877 ], [ 76.345790712138353, 12.744014364636888 ], [ 76.346533853140826, 12.742909722582295 ], [ 76.344422065339273, 12.742207774763195 ], [ 76.345900141067375, 12.738222649370465 ], [ 76.339407879148638, 12.733070451045386 ], [ 76.344767530156417, 12.730273696666123 ], [ 76.344218988850983, 12.722841393747037 ], [ 76.34607967566339, 12.716949279145018 ], [ 76.347903749397929, 12.717208589125125 ], [ 76.353632234059233, 12.711396163672189 ], [ 76.356647566669309, 12.710383572363872 ], [ 76.361837350322858, 12.711637522134426 ], [ 76.362777636989918, 12.697277453919462 ], [ 76.361671077001617, 12.691224549681246 ], [ 76.358969819354087, 12.690262034012299 ], [ 76.359699409735157, 12.686581347063436 ], [ 76.354250045103981, 12.684964026743405 ], [ 76.353188406760864, 12.668016130526039 ], [ 76.349266630996453, 12.668736761491513 ], [ 76.342194503249829, 12.659458028198333 ], [ 76.342745564819268, 12.654883752494694 ], [ 76.338465994839098, 12.65025111981646 ], [ 76.338739473047426, 12.645409737186588 ], [ 76.332230861641477, 12.643440661875722 ], [ 76.328131792670035, 12.637780987255189 ], [ 76.32262245700764, 12.634216249883995 ], [ 76.328957836487874, 12.626592419070999 ], [ 76.32715911084297, 12.610125041025203 ], [ 76.320731043095449, 12.612270661140585 ], [ 76.317576697444295, 12.610604174742269 ], [ 76.306269246809322, 12.609405823377303 ], [ 76.309278309049787, 12.622311570410689 ], [ 76.304803623964744, 12.625391106664486 ], [ 76.303604321541513, 12.621794741215592 ] ] ] } },
{ "type": "Feature", "properties": { "DISTRICT": "Haveri" }, "geometry": { "type": "Polygon", "coordinates": [ [ [ 75.79976148464155, 14.665815195584367 ], [ 75.811307590315479, 14.654467033869226 ], [ 75.812091866797502, 14.640590550078151 ], [ 75.810495541843807, 14.623835615348884 ], [ 75.805869364119957, 14.611687905209676 ], [ 75.80445292018689, 14.598988314503101 ], [ 75.806087568873608, 14.593720353379936 ], [ 75.810585466479466, 14.588213983119839 ], [ 75.818805785194996, 14.572150506828923 ], [ 75.819632862641782, 14.565658196586613 ], [ 75.812702792432631, 14.555005295722973 ], [ 75.799937763043758, 14.542670331989463 ], [ 75.797353983839926, 14.531471952100588 ], [ 75.799179467872051, 14.512365989041651 ], [ 75.792906382790989, 14.510442638830961 ], [ 75.783088706367948, 14.515758138653153 ], [ 75.772758577468892, 14.518458614733888 ], [ 75.767210313826553, 14.518163223894812 ], [ 75.757762269302702, 14.514805281096054 ], [ 75.75063961739977, 14.51067726936976 ], [ 75.735070157163051, 14.494981257425289 ], [ 75.7228907134145, 14.477570679569538 ], [ 75.7147635500463, 14.472923044036284 ], [ 75.708515340079558, 14.475112704797791 ], [ 75.701712705197835, 14.491102377121994 ], [ 75.699516750090069, 14.492734834223088 ], [ 75.686817561403728, 14.491290712644851 ], [ 75.674008797171794, 14.465434370220915 ], [ 75.662066968370084, 14.451516872153439 ], [ 75.659727896115797, 14.455232251410138 ], [ 75.661091812929229, 14.460465075108393 ], [ 75.658285459083714, 14.459412730437446 ], [ 75.653625829033956, 14.463516418960019 ], [ 75.636605505423873, 14.466521644178254 ], [ 75.630665712212817, 14.445928756552922 ], [ 75.633135026734053, 14.443214428571201 ], [ 75.637497522573071, 14.441719998994206 ], [ 75.634233871169272, 14.432913095241551 ], [ 75.643988797369843, 14.431176209740739 ], [ 75.636343419927798, 14.393755911697038 ], [ 75.624754331171374, 14.363327846454164 ], [ 75.6224338999818, 14.345923372600286 ], [ 75.62379334872297, 14.338504774579578 ], [ 75.628066325594702, 14.329015333005424 ], [ 75.633226648686303, 14.326511708781752 ], [ 75.634767741085398, 14.323050157630712 ], [ 75.634460728754277, 14.314828675680401 ], [ 75.610943459649903, 14.315827410679187 ], [ 75.603503748865933, 14.293067382880107 ], [ 75.600351529916665, 14.292616720537078 ], [ 75.598352992879342, 14.289888515283934 ], [ 75.589932705291375, 14.286213302896808 ], [ 75.587406572984847, 14.288810076063825 ], [ 75.583186582802938, 14.278148592168284 ], [ 75.574485822770129, 14.276355254330019 ], [ 75.560967699173162, 14.277465513095445 ], [ 75.557050341378499, 14.274042020641208 ], [ 75.549253062489328, 14.273777737099929 ], [ 75.540041228980172, 14.277413400310973 ], [ 75.535138657945751, 14.277537128562678 ], [ 75.533738635802422, 14.290322130024128 ], [ 75.52799801564079, 14.290773028449504 ], [ 75.521895179173953, 14.293868985920632 ], [ 75.520401847438194, 14.296035057877553 ], [ 75.521003266087519, 14.298587387058936 ], [ 75.518332048956808, 14.299441408323007 ], [ 75.517907310302448, 14.301452734855172 ], [ 75.503905397183274, 14.307890520309613 ], [ 75.50531441864517, 14.316348562815598 ], [ 75.501554200108075, 14.325967535852831 ], [ 75.501111578473441, 14.343721924881878 ], [ 75.489552016775917, 14.347726244774163 ], [ 75.48891280197482, 14.339109196489204 ], [ 75.487898447536182, 14.339149062286204 ], [ 75.48148654904972, 14.339913048616127 ], [ 75.480493490175149, 14.345210361913958 ], [ 75.476733796479891, 14.34515448826374 ], [ 75.480146105211105, 14.330603431814506 ], [ 75.477370459126206, 14.317783887990984 ], [ 75.470348264601228, 14.32289357428624 ], [ 75.45585454655415, 14.327832651550997 ], [ 75.441952552915538, 14.3399809594807 ], [ 75.43519481599489, 14.342562604789173 ], [ 75.429665241210117, 14.349077530729248 ], [ 75.419268582151105, 14.352554984923298 ], [ 75.40918246614298, 14.35277300118625 ], [ 75.398633110130618, 14.364694854205908 ], [ 75.394126769839673, 14.367421333269577 ], [ 75.390789128042996, 14.366435852575917 ], [ 75.383666283768903, 14.369602509979034 ], [ 75.381479964127095, 14.36860239993127 ], [ 75.374692075735098, 14.370334061513821 ], [ 75.370025739791188, 14.372983386036735 ], [ 75.363315979185288, 14.380939965433088 ], [ 75.349333075678217, 14.388789946896106 ], [ 75.356222563526615, 14.406112698945394 ], [ 75.359014227877495, 14.409155684512346 ], [ 75.365347915777107, 14.411056101010567 ], [ 75.377685090854555, 14.407371333529072 ], [ 75.380549990475117, 14.414942610268078 ], [ 75.382253059057717, 14.433810890319693 ], [ 75.37814401241225, 14.434284079579799 ], [ 75.364806680787368, 14.441531652022395 ], [ 75.358836510629445, 14.437905416020911 ], [ 75.358672585380589, 14.431856057091679 ], [ 75.355036047723928, 14.428777524251561 ], [ 75.355407148596882, 14.431908068866614 ], [ 75.344804328690969, 14.433956412053718 ], [ 75.339123356827088, 14.437437647255445 ], [ 75.341981108832499, 14.440159087461549 ], [ 75.342651335615571, 14.450456381168834 ], [ 75.347096417584439, 14.456643121725955 ], [ 75.345718979933395, 14.462528657467635 ], [ 75.341167789683624, 14.465535280753411 ], [ 75.340377069163623, 14.468628494050282 ], [ 75.34111977423413, 14.475700855623797 ], [ 75.346428734578794, 14.485587023209288 ], [ 75.328791150074295, 14.495259241558006 ], [ 75.324556339227769, 14.509803608442198 ], [ 75.321261390588049, 14.512767547591936 ], [ 75.291679393495244, 14.510717281954921 ], [ 75.28715576129953, 14.511399784975515 ], [ 75.286740482165328, 14.513924069127647 ], [ 75.282221252518539, 14.514119346048901 ], [ 75.282953338064345, 14.512480047630325 ], [ 75.27750020013724, 14.512364031715537 ], [ 75.276300603809219, 14.51034520037957 ], [ 75.267223327899345, 14.51433889314816 ], [ 75.269933338471375, 14.525344396140852 ], [ 75.268288679849675, 14.527971755718664 ], [ 75.270271728602566, 14.527472054173888 ], [ 75.27305781879106, 14.531178217027872 ], [ 75.279478160472848, 14.535023113807993 ], [ 75.280444725087364, 14.532553199046426 ], [ 75.284682269813345, 14.53162616918712 ], [ 75.284937435755268, 14.529321421148646 ], [ 75.286589585698508, 14.529830557525242 ], [ 75.287817302514483, 14.532917741901848 ], [ 75.289634732239961, 14.531354000351213 ], [ 75.293230010752225, 14.534042385475397 ], [ 75.293117820726906, 14.535563984924371 ], [ 75.294192080244258, 14.534511253122746 ], [ 75.294059332230773, 14.537195503449729 ], [ 75.295661394451855, 14.536913596648198 ], [ 75.295951990407133, 14.539364070385668 ], [ 75.297575272447261, 14.539789027207449 ], [ 75.295767981805824, 14.543473918998499 ], [ 75.293030168724599, 14.544124745412322 ], [ 75.29526815731198, 14.544607782395028 ], [ 75.294483066165114, 14.547405767529971 ], [ 75.28998386876107, 14.550352448764386 ], [ 75.29108725189451, 14.552486740594114 ], [ 75.2898450410012, 14.556262941392513 ], [ 75.28722611223597, 14.557508909909368 ], [ 75.284989311448257, 14.561347753227308 ], [ 75.280997559176001, 14.561459100684717 ], [ 75.274192016133, 14.56570444330978 ], [ 75.275064377802011, 14.569866437020602 ], [ 75.270194809731819, 14.572381538609516 ], [ 75.26534504960901, 14.578606887337244 ], [ 75.265385865232076, 14.580902983444266 ], [ 75.249436788991275, 14.581176039320583 ], [ 75.243804660104658, 14.577575843531161 ], [ 75.245252608920296, 14.566685786452037 ], [ 75.243136851200518, 14.567081805837695 ], [ 75.241314313982386, 14.555664538653708 ], [ 75.240051397853975, 14.555576297461572 ], [ 75.239769162420799, 14.557892022309293 ], [ 75.234648234016888, 14.555624513050775 ], [ 75.228071899204195, 14.561231350715865 ], [ 75.225481152906241, 14.56704565443933 ], [ 75.228075143776977, 14.575328234820546 ], [ 75.23092787721987, 14.579035337678874 ], [ 75.228895361219301, 14.580036762167541 ], [ 75.228803914842658, 14.583060614401573 ], [ 75.225346753459391, 14.585198605465621 ], [ 75.220920748400374, 14.584865852554636 ], [ 75.219062675691006, 14.57923151769225 ], [ 75.212313063717616, 14.576280633144609 ], [ 75.210450982282254, 14.572452689513497 ], [ 75.207353941364914, 14.57170377245132 ], [ 75.197468057308257, 14.577509445320555 ], [ 75.197828141128142, 14.582516813650718 ], [ 75.183836162022473, 14.585862088880157 ], [ 75.18123823155959, 14.597874155960907 ], [ 75.185362379475634, 14.599859156428067 ], [ 75.193309000344428, 14.599346235651559 ], [ 75.198494016714932, 14.596630183093378 ], [ 75.205271400371998, 14.597513816392475 ], [ 75.205725680250865, 14.608111972226832 ], [ 75.210509985244116, 14.620741248017636 ], [ 75.210291558471212, 14.627785485935705 ], [ 75.20798537997122, 14.626351039202287 ], [ 75.207007193637139, 14.627482460940177 ], [ 75.208414265105318, 14.629355079689045 ], [ 75.20673014081656, 14.630700529975874 ], [ 75.20870594864202, 14.63352834879978 ], [ 75.205309376251577, 14.634031018670441 ], [ 75.207729755893808, 14.636536528517553 ], [ 75.201067705220879, 14.639325234276651 ], [ 75.200105305989823, 14.635458426844894 ], [ 75.203033801320686, 14.630424374939135 ], [ 75.202385474970626, 14.62771657491421 ], [ 75.196549198497365, 14.622854029404269 ], [ 75.194353584991688, 14.624084077584479 ], [ 75.184602439237352, 14.623491478094117 ], [ 75.169417278868821, 14.634606295642907 ], [ 75.16426706570887, 14.631990325421654 ], [ 75.162973957318272, 14.627717520979601 ], [ 75.165311856975535, 14.625773598761711 ], [ 75.164470951429138, 14.620751213265729 ], [ 75.159967208704558, 14.616983897850041 ], [ 75.15830156665146, 14.617509976794286 ], [ 75.153414227192997, 14.626236362038384 ], [ 75.150847705425903, 14.626077956093271 ], [ 75.14694743908187, 14.621498396366743 ], [ 75.143370825024135, 14.620422985251281 ], [ 75.142215698511123, 14.633856383579143 ], [ 75.124601658606238, 14.630655322742115 ], [ 75.116620894894226, 14.639625953483147 ], [ 75.101635398940559, 14.644014487343608 ], [ 75.099214909598501, 14.653023965561998 ], [ 75.08773449763396, 14.652174979215646 ], [ 75.074625849134094, 14.653860808157422 ], [ 75.052452771941773, 14.648663026097084 ], [ 75.045113241039132, 14.654050391623802 ], [ 75.040917085232394, 14.660774977706934 ], [ 75.039076300928329, 14.658536243442589 ], [ 75.035334091747913, 14.657972206164246 ], [ 75.031621781879608, 14.664250674273294 ], [ 75.030631437915986, 14.672512449990109 ], [ 75.035896949751191, 14.67645901308587 ], [ 75.032212609946271, 14.694906390979426 ], [ 75.032917849974325, 14.710005827600622 ], [ 75.024624946725609, 14.70833085380718 ], [ 75.021456707411033, 14.711476738221348 ], [ 75.016973090482523, 14.710734301892836 ], [ 75.014681273991911, 14.720291721508092 ], [ 75.018036422231376, 14.721547401340716 ], [ 75.020101342805773, 14.724453779544131 ], [ 75.021895578938967, 14.723735950379176 ], [ 75.022301324615398, 14.72555399877602 ], [ 75.028615733383475, 14.72540049342636 ], [ 75.027893208300867, 14.72631440927511 ], [ 75.02988420469346, 14.726582089601504 ], [ 75.030995678779604, 14.729892775483462 ], [ 75.033517205495983, 14.727289689096887 ], [ 75.038527520486454, 14.727732583184698 ], [ 75.037495825201674, 14.738409323238582 ], [ 75.044714094558813, 14.73897865671394 ], [ 75.043802540210848, 14.743278283227268 ], [ 75.047673353195108, 14.744143065563348 ], [ 75.046906961367696, 14.751868575814797 ], [ 75.043646941478414, 14.753715886397066 ], [ 75.041646082119755, 14.759331729265597 ], [ 75.041562290370152, 14.764764470412681 ], [ 75.039686318240811, 14.767737429852044 ], [ 75.040606560148845, 14.774096208975315 ], [ 75.046184580657624, 14.772932924313585 ], [ 75.049931591530623, 14.773491274898332 ], [ 75.049819178528693, 14.775478287666688 ], [ 75.051919438510993, 14.77674142410876 ], [ 75.063581569399631, 14.776582338447161 ], [ 75.066285760357246, 14.783020136407789 ], [ 75.070764068533649, 14.78241561914923 ], [ 75.067122865889345, 14.786121831785557 ], [ 75.069178934683464, 14.787001040449351 ], [ 75.068842628484475, 14.79798272031184 ], [ 75.056005490898755, 14.805106608098471 ], [ 75.055305790160915, 14.814619957916806 ], [ 75.073892983960732, 14.808233643021318 ], [ 75.091683186717319, 14.811060112757671 ], [ 75.090530635504422, 14.820223064284619 ], [ 75.07357193249905, 14.826236751334417 ], [ 75.071579885023837, 14.833913595059768 ], [ 75.067685750112645, 14.836769820491517 ], [ 75.074096200174225, 14.856064352345204 ], [ 75.0697338694834, 14.863341052851966 ], [ 75.070937011280634, 14.867641995255083 ], [ 75.073916157781994, 14.867611458664662 ], [ 75.071084514976747, 14.87181283961942 ], [ 75.067067668573401, 14.919097551769326 ], [ 75.080254059058248, 14.922431421098993 ], [ 75.087249441539399, 14.920971573423433 ], [ 75.085425296153687, 14.926776113359599 ], [ 75.102287954438012, 14.927630877178634 ], [ 75.101660114758218, 14.932490484279739 ], [ 75.103371712263566, 14.935078295358597 ], [ 75.097082040596177, 14.943219755450295 ], [ 75.097777911929612, 14.947368720131506 ], [ 75.093777616344113, 14.952210474389013 ], [ 75.097669950880942, 14.956704166017483 ], [ 75.084514479902978, 14.956646709256681 ], [ 75.081553505551142, 14.96951086255609 ], [ 75.075876156547068, 14.974029346585311 ], [ 75.073227193463566, 14.99969837656281 ], [ 75.068130512071505, 15.014719383066069 ], [ 75.071534259109583, 15.01793417376491 ], [ 75.07702073912057, 15.037933730562006 ], [ 75.072363400982312, 15.041406290360371 ], [ 75.073899013833469, 15.052402825150493 ], [ 75.08253868539876, 15.074595454467689 ], [ 75.080763206057739, 15.077055927842698 ], [ 75.08246954594243, 15.085864697436618 ], [ 75.08017745087335, 15.090889608902256 ], [ 75.08035092498686, 15.099422358815982 ], [ 75.077957226025319, 15.110432144550032 ], [ 75.095156353750596, 15.110247237216123 ], [ 75.095135643637761, 15.113995158096023 ], [ 75.113487420575282, 15.117268782078057 ], [ 75.11459502208038, 15.121447174732928 ], [ 75.109674796455892, 15.12951579347186 ], [ 75.106309663944018, 15.130407037926524 ], [ 75.107239839259407, 15.139213174227553 ], [ 75.10484513220193, 15.140691418797418 ], [ 75.110604521309554, 15.138490916837315 ], [ 75.118089662635285, 15.141071151697979 ], [ 75.121864707298386, 15.140320376772797 ], [ 75.126030766668848, 15.145743906831003 ], [ 75.127075539013688, 15.144363507417138 ], [ 75.130365950001519, 15.144760224409145 ], [ 75.133834141120573, 15.148300390522738 ], [ 75.135218579591438, 15.157459585038783 ], [ 75.141560309262672, 15.159260058287991 ], [ 75.146623044669852, 15.150235636075063 ], [ 75.150347034840252, 15.149330250567456 ], [ 75.152927085355358, 15.145642362786287 ], [ 75.148550763572246, 15.142469176005475 ], [ 75.149746840262722, 15.141334517725168 ], [ 75.145357138520737, 15.133730719446266 ], [ 75.141551695876117, 15.133079621631067 ], [ 75.137169175541814, 15.12940459181366 ], [ 75.137426885935909, 15.125692937969788 ], [ 75.138618595428966, 15.125467349851066 ], [ 75.137391366938942, 15.119864033147268 ], [ 75.133651790218863, 15.118116852617527 ], [ 75.137415958141332, 15.1092187337536 ], [ 75.13666939344327, 15.106542985348614 ], [ 75.138690866119049, 15.105489216156281 ], [ 75.139204981663767, 15.102366099407565 ], [ 75.144068717890505, 15.103548382335745 ], [ 75.143917442532782, 15.106015030961439 ], [ 75.152813880459959, 15.107205884115352 ], [ 75.15264829731899, 15.108777672539063 ], [ 75.158409131639544, 15.110510120522767 ], [ 75.157877855411471, 15.101953682052772 ], [ 75.186562491252076, 15.103991319459745 ], [ 75.188166544717632, 15.098558910772523 ], [ 75.198535910977895, 15.100459801835612 ], [ 75.225058900578077, 15.100186971999348 ], [ 75.225607795358187, 15.107149412909409 ], [ 75.238728720493384, 15.109379192474538 ], [ 75.239096316908075, 15.106797357031692 ], [ 75.250607478558621, 15.10732013839371 ], [ 75.252301360263942, 15.098035970507608 ], [ 75.257665195530095, 15.098382903110204 ], [ 75.25874345508511, 15.117598293645178 ], [ 75.26975818239012, 15.118762662231827 ], [ 75.27208301262921, 15.122006667763781 ], [ 75.288288010975322, 15.129306716670396 ], [ 75.286661955385341, 15.136769627420946 ], [ 75.305897618678813, 15.138339515678927 ], [ 75.305616741440673, 15.154055202446326 ], [ 75.32769982881014, 15.157851818876638 ], [ 75.335744997147103, 15.161277289786629 ], [ 75.337336295523926, 15.146851918818985 ], [ 75.336944948064783, 15.111616870023449 ], [ 75.339555975471256, 15.106702784259493 ], [ 75.350444479913122, 15.101743818857083 ], [ 75.349719408355767, 15.094285852328557 ], [ 75.339047732401141, 15.091090149387002 ], [ 75.339775452261591, 15.086716480977159 ], [ 75.334334536780119, 15.081538828976106 ], [ 75.335241498092927, 15.077154454382525 ], [ 75.339265529454565, 15.069870296686682 ], [ 75.344060633119057, 15.06560171397944 ], [ 75.352112448233427, 15.064016260716791 ], [ 75.356975455340248, 15.065937545477784 ], [ 75.3669655935457, 15.050411126391261 ], [ 75.37479702133129, 15.050315130703188 ], [ 75.40153625072999, 15.060144535635702 ], [ 75.41635606997329, 15.059037846098489 ], [ 75.416832525073445, 15.061273664664016 ], [ 75.448914157862504, 15.060363993739943 ], [ 75.450644520740553, 15.05931390185777 ], [ 75.451930272317441, 15.049449544022002 ], [ 75.460402378086258, 15.049816253008627 ], [ 75.460753779798452, 15.043779560351068 ], [ 75.468153556129892, 15.046958912067597 ], [ 75.476170043452726, 15.043888297260631 ], [ 75.494717058193586, 15.046402317302528 ], [ 75.50757387711414, 15.043951396162253 ], [ 75.520495215441841, 15.033018019862853 ], [ 75.533088187477944, 15.034682493857392 ], [ 75.540650394143015, 15.020497727872055 ], [ 75.538017515085514, 15.019115316320187 ], [ 75.542381773214188, 15.015014867457925 ], [ 75.543371269661648, 14.99927644010052 ], [ 75.540958657420262, 14.990153188519455 ], [ 75.5413040675612, 14.97832419463948 ], [ 75.565240889686621, 14.979538139041541 ], [ 75.56558784764708, 14.976382913884063 ], [ 75.563663991265727, 14.974658212343929 ], [ 75.56468966904859, 14.971677551462967 ], [ 75.583614328192127, 14.968590691872723 ], [ 75.589646747197591, 14.958512445168559 ], [ 75.595766365536946, 14.955873710850167 ], [ 75.602760312589382, 14.95464365972753 ], [ 75.604015521157265, 14.956504300166939 ], [ 75.611126069963589, 14.958109893585137 ], [ 75.608725761782864, 14.968086193798067 ], [ 75.609637561996664, 14.973509827568765 ], [ 75.618772529382127, 14.974160234051366 ], [ 75.617813996366152, 14.980874362493907 ], [ 75.629582053828543, 14.9839121247451 ], [ 75.632187913711789, 14.991502059447999 ], [ 75.651565611391376, 14.990676240783731 ], [ 75.666584487167796, 14.987434230902602 ], [ 75.682027731590239, 14.977208204142523 ], [ 75.688765200765644, 14.975156387531973 ], [ 75.695017812668311, 14.967542120041196 ], [ 75.701298868128148, 14.946930859380446 ], [ 75.687519453988557, 14.942653526400234 ], [ 75.683238291348616, 14.93918221740137 ], [ 75.682801957574029, 14.936827089907018 ], [ 75.685052755337168, 14.921413307921833 ], [ 75.6955587187947, 14.893234533494592 ], [ 75.696744298168042, 14.891334606338184 ], [ 75.727808355978524, 14.89726345571324 ], [ 75.727770552264445, 14.894059543791506 ], [ 75.733007651664153, 14.892175521869625 ], [ 75.739179832426515, 14.88706768122228 ], [ 75.734273326803745, 14.882922895158886 ], [ 75.732376880839922, 14.863687549879398 ], [ 75.72239581804584, 14.864132842690886 ], [ 75.721576638641281, 14.861499518863951 ], [ 75.711909846070924, 14.852429605642294 ], [ 75.702401594690301, 14.854075541400661 ], [ 75.701654627322426, 14.852554318713343 ], [ 75.695200552946929, 14.85251367693226 ], [ 75.693630282962886, 14.859067175831907 ], [ 75.690570885913388, 14.856781613368936 ], [ 75.677552555648418, 14.836427285772229 ], [ 75.663613822407811, 14.803276626470195 ], [ 75.668780620541099, 14.798954110587909 ], [ 75.678309059014978, 14.798060066339461 ], [ 75.6828337589547, 14.79460594859105 ], [ 75.691772610126677, 14.783166176812584 ], [ 75.710921019590018, 14.78123099578352 ], [ 75.719613188898649, 14.775771825324592 ], [ 75.723223559828753, 14.770587342006355 ], [ 75.721939658819366, 14.754301021131827 ], [ 75.719815985125251, 14.74984156301956 ], [ 75.702708574894032, 14.732143513980496 ], [ 75.702055389520822, 14.728117763746809 ], [ 75.704290921660103, 14.723948787699976 ], [ 75.715696322386336, 14.718772517069358 ], [ 75.731027144311923, 14.727943713683576 ], [ 75.746085373880774, 14.732934634655004 ], [ 75.75540107487673, 14.739602991880554 ], [ 75.760006970490053, 14.737706144983658 ], [ 75.76306310538348, 14.733171969925436 ], [ 75.764330824268995, 14.729987119632595 ], [ 75.763911745489011, 14.721605913560385 ], [ 75.75543913006635, 14.7157323231215 ], [ 75.741302406565964, 14.700085431728604 ], [ 75.738864948920664, 14.690714057237184 ], [ 75.741539338961232, 14.68461544948657 ], [ 75.763287992436716, 14.675380958502167 ], [ 75.768498052447768, 14.675157766736861 ], [ 75.776531310602493, 14.676194901467493 ], [ 75.781956354220711, 14.680769322182543 ], [ 75.79592651030255, 14.68316391402626 ], [ 75.798897250878596, 14.681911509621468 ], [ 75.800583240867525, 14.677963552274948 ], [ 75.798967500826265, 14.671099496825294 ], [ 75.79976148464155, 14.665815195584367 ] ] ] } },
{ "type": "Feature", "properties": { "DISTRICT": "Kalaburagi" }, "geometry": { "type": "MultiPolygon", "coordinates": [ [ [ [ 76.728469029154951, 16.771579893187617 ], [ 76.739114491055574, 16.771334835635557 ], [ 76.740239510257098, 16.769891193299404 ], [ 76.738841589152614, 16.751664023523549 ], [ 76.723819588999305, 16.752612543924052 ], [ 76.728469029154951, 16.771579893187617 ] ] ], [ [ [ 76.282331025134297, 17.167004647060271 ], [ 76.272613938648433, 17.162686033833495 ], [ 76.259457268699776, 17.149775927819412 ], [ 76.243616434990329, 17.150327249565635 ], [ 76.23938962771679, 17.15372980433941 ], [ 76.236530113785662, 17.162785011694744 ], [ 76.233498919094757, 17.167146241400207 ], [ 76.221002592807466, 17.176363303118737 ], [ 76.221998197336433, 17.182741289896182 ], [ 76.220712959288733, 17.185889276197091 ], [ 76.216540702496218, 17.186892919351582 ], [ 76.206377660120751, 17.183517113063353 ], [ 76.198296215379074, 17.183421164168251 ], [ 76.190256278621732, 17.185130781611601 ], [ 76.179720501138476, 17.190848046974562 ], [ 76.176386811835698, 17.193935149443327 ], [ 76.167325873642653, 17.209067097707639 ], [ 76.122332728754785, 17.24842858043192 ], [ 76.110719439908237, 17.252719344102307 ], [ 76.093140554214827, 17.254744708096911 ], [ 76.087923943408512, 17.256875448023145 ], [ 76.08601220280633, 17.261856475787884 ], [ 76.086590332511008, 17.266793014647607 ], [ 76.089351045786842, 17.274458756027194 ], [ 76.097799115797997, 17.283446109772047 ], [ 76.098283329393638, 17.291901877691036 ], [ 76.093675130190533, 17.297462755257165 ], [ 76.06803416061905, 17.306793175565176 ], [ 76.064247551739257, 17.315284745339945 ], [ 76.071006584895315, 17.326901340137553 ], [ 76.073894440389367, 17.336206974891397 ], [ 76.079012280411447, 17.331278828940494 ], [ 76.081488566386668, 17.334079931992665 ], [ 76.088214027454129, 17.336903371929971 ], [ 76.088034215747001, 17.342335764192281 ], [ 76.09143922390632, 17.349596745317246 ], [ 76.089106559797401, 17.35281330880953 ], [ 76.099465926994228, 17.364545087953694 ], [ 76.113265598181982, 17.3678845451001 ], [ 76.11966378912436, 17.371070419200628 ], [ 76.122291521739086, 17.366496118773163 ], [ 76.13158790376923, 17.358857675277896 ], [ 76.14726446538171, 17.349938901154626 ], [ 76.146620870561591, 17.348047176888183 ], [ 76.148426466499927, 17.347454388582449 ], [ 76.148766247814478, 17.349768666975557 ], [ 76.162495334634741, 17.344848907966401 ], [ 76.164879337627298, 17.303057892438122 ], [ 76.175817759989329, 17.300732575687839 ], [ 76.180838253456116, 17.309429298918509 ], [ 76.182711750618253, 17.318642098586043 ], [ 76.179068471670959, 17.318380525878705 ], [ 76.175656935605787, 17.326423511406254 ], [ 76.172651153617451, 17.335386282117291 ], [ 76.170194112616244, 17.352360319928966 ], [ 76.181629219181914, 17.358689663745484 ], [ 76.195506313675338, 17.363089109166129 ], [ 76.21241111789017, 17.361949135647151 ], [ 76.228847140128011, 17.36539883223719 ], [ 76.227722235439387, 17.375975535545479 ], [ 76.241962781377097, 17.379249358976256 ], [ 76.244706762462954, 17.37902305136047 ], [ 76.24461364472144, 17.371614792463472 ], [ 76.249607271514691, 17.371008790239333 ], [ 76.250544290987705, 17.369281292977139 ], [ 76.249260966289114, 17.366024189355272 ], [ 76.250776602850465, 17.36076656133789 ], [ 76.258193435351416, 17.360482662163665 ], [ 76.266871283493074, 17.363503582198945 ], [ 76.271828771055468, 17.36061935167066 ], [ 76.27630505235426, 17.334393692298445 ], [ 76.317270044718128, 17.332092732700598 ], [ 76.318959205593799, 17.33626704756033 ], [ 76.310516620736522, 17.345696166434855 ], [ 76.31111895208123, 17.347517763309913 ], [ 76.338676704513176, 17.354243974242255 ], [ 76.345799643163531, 17.354356468339677 ], [ 76.347486170625658, 17.344354899896491 ], [ 76.35412453773047, 17.325322781541846 ], [ 76.353898221763473, 17.314381221709894 ], [ 76.383810578873664, 17.31432951290742 ], [ 76.385006139346174, 17.323751797335817 ], [ 76.396394113376701, 17.346963141305864 ], [ 76.403364420718148, 17.349810503260269 ], [ 76.412057243530668, 17.350910827078124 ], [ 76.409085768215803, 17.370666306061789 ], [ 76.379918966845054, 17.373813548377932 ], [ 76.36311304536126, 17.377405642415578 ], [ 76.370538173321634, 17.40829432756134 ], [ 76.369647083558206, 17.422940271477916 ], [ 76.371443798215012, 17.436046806339 ], [ 76.35870340870018, 17.437301150021923 ], [ 76.332815044707786, 17.434685807678044 ], [ 76.333158048885025, 17.455638725125432 ], [ 76.33093068306863, 17.455549320189363 ], [ 76.329515870836943, 17.470584711547872 ], [ 76.349938548821228, 17.474160383998182 ], [ 76.368620562587893, 17.483260602903091 ], [ 76.375427284897356, 17.490377015899117 ], [ 76.375021548344577, 17.494940756100309 ], [ 76.371777512332173, 17.495695533767432 ], [ 76.364419080152857, 17.496106782794357 ], [ 76.34607964831379, 17.492214868566382 ], [ 76.343047751546109, 17.501842151309447 ], [ 76.345718756706887, 17.513671455645063 ], [ 76.3651733255778, 17.517257305045565 ], [ 76.366956006823557, 17.520181486830893 ], [ 76.363011491623752, 17.537800267052702 ], [ 76.349004601366261, 17.539603643901568 ], [ 76.340161209998229, 17.543692888224957 ], [ 76.335198438311537, 17.566130108280749 ], [ 76.333046612105079, 17.565375646529418 ], [ 76.330916598824714, 17.597355726571802 ], [ 76.335973099646793, 17.598524593004921 ], [ 76.347704511060471, 17.59565428951392 ], [ 76.3677586116399, 17.597266974634898 ], [ 76.37700421267516, 17.600194870729247 ], [ 76.380603904179679, 17.603637419580146 ], [ 76.389501678187642, 17.602269331273209 ], [ 76.389333387320832, 17.60348977279742 ], [ 76.396884163071945, 17.604831832150538 ], [ 76.418574807116642, 17.60507661216786 ], [ 76.426845187449842, 17.631349685636263 ], [ 76.427407659592504, 17.64741484937224 ], [ 76.437007950384469, 17.645898732668584 ], [ 76.444018396178308, 17.642346247522507 ], [ 76.441316510875339, 17.649072974513334 ], [ 76.452707393964289, 17.64886683791644 ], [ 76.451530906127516, 17.655872448885084 ], [ 76.458065664989647, 17.659010849518037 ], [ 76.488850338386243, 17.661523950218847 ], [ 76.485855207846996, 17.667293007380319 ], [ 76.48319883045427, 17.680232047066621 ], [ 76.486271756782955, 17.71577484438124 ], [ 76.512185095100577, 17.719601918235046 ], [ 76.515641153628465, 17.719519604135204 ], [ 76.523879826097044, 17.715322442324975 ], [ 76.527353452123819, 17.738151082699591 ], [ 76.523761318612074, 17.76017475313223 ], [ 76.530562909392088, 17.7584838159196 ], [ 76.541857884540633, 17.762194271187106 ], [ 76.545500924938551, 17.761168659271487 ], [ 76.55618468929714, 17.765955722559074 ], [ 76.560916016384979, 17.766442180330561 ], [ 76.572489424994288, 17.761271150790368 ], [ 76.572495253465178, 17.75953895671174 ], [ 76.568954308386921, 17.757599066272611 ], [ 76.564338554895102, 17.750929213762682 ], [ 76.567986653340526, 17.742776737059305 ], [ 76.570576957934506, 17.706404694283258 ], [ 76.580428358157889, 17.705237899616048 ], [ 76.587804541825378, 17.707653173145957 ], [ 76.593990953108417, 17.7225810904845 ], [ 76.600727710662539, 17.726136155796329 ], [ 76.600143159515738, 17.733288714163184 ], [ 76.6044078008143, 17.751700950233175 ], [ 76.604005187063322, 17.758847212720312 ], [ 76.607035560903128, 17.760754054639257 ], [ 76.611461673326119, 17.771145213368118 ], [ 76.616729725441857, 17.770331597063596 ], [ 76.622648475804809, 17.760784776303808 ], [ 76.62584407938462, 17.759525144864913 ], [ 76.625551999732323, 17.757872983688532 ], [ 76.631832599809357, 17.75572525533962 ], [ 76.630412436228639, 17.752003149774549 ], [ 76.627985174712961, 17.750912602092868 ], [ 76.633517131241931, 17.728509220213528 ], [ 76.653417861377903, 17.722304055874286 ], [ 76.659532272171802, 17.709465761844758 ], [ 76.665245089740111, 17.687835226045333 ], [ 76.673137971983508, 17.691064822461055 ], [ 76.684279612648808, 17.685782221675183 ], [ 76.688213558255441, 17.680194127550322 ], [ 76.691503718925745, 17.68161100053123 ], [ 76.695215539531844, 17.67701419387123 ], [ 76.695318624979095, 17.662395289447804 ], [ 76.7070863422217, 17.662823927141194 ], [ 76.710943213201588, 17.660854841803939 ], [ 76.71186757630079, 17.655806613247261 ], [ 76.708210901861094, 17.651791178193687 ], [ 76.699972437398145, 17.647582287044902 ], [ 76.69834485499328, 17.645048235165294 ], [ 76.698941658186939, 17.641999044219187 ], [ 76.714804763080949, 17.639133817740671 ], [ 76.720159600932945, 17.649874669416899 ], [ 76.720708495724125, 17.654007574683071 ], [ 76.732220622759598, 17.658947938047561 ], [ 76.732836943681377, 17.665571105494994 ], [ 76.741801834084328, 17.664825465446491 ], [ 76.748671115926598, 17.667119669434115 ], [ 76.771991058854155, 17.66604771853504 ], [ 76.773059110216408, 17.665679404798812 ], [ 76.773108007648915, 17.657311398421118 ], [ 76.771408664870833, 17.646062741710654 ], [ 76.773478473221431, 17.63878952526348 ], [ 76.776896696800648, 17.636343043189783 ], [ 76.785153484957902, 17.636944202262796 ], [ 76.784440865123528, 17.639269548798524 ], [ 76.788950735533405, 17.64275482172085 ], [ 76.787538723652304, 17.647477131235519 ], [ 76.792005957174069, 17.652753918461734 ], [ 76.801847578936574, 17.650006249091856 ], [ 76.807153896610643, 17.650264619439412 ], [ 76.806863626141165, 17.648525612958963 ], [ 76.814124375698384, 17.650616271445205 ], [ 76.81863851859751, 17.649673268200296 ], [ 76.822340629004856, 17.651451634367437 ], [ 76.835346421712813, 17.649379703729476 ], [ 76.837710060404206, 17.652447934504785 ], [ 76.841828759525825, 17.653789651507182 ], [ 76.849985411513813, 17.645859101896978 ], [ 76.8554149574923, 17.643612289354241 ], [ 76.867009251881228, 17.647051434052905 ], [ 76.883103624328896, 17.642823637856878 ], [ 76.898866844238412, 17.64487516273411 ], [ 76.907626143944597, 17.634873430004504 ], [ 76.909741111773471, 17.637494705616842 ], [ 76.914177251076651, 17.639030077363305 ], [ 76.929342470456191, 17.63724937368346 ], [ 76.928438417101958, 17.631714470034524 ], [ 76.924665638806417, 17.624700874749699 ], [ 76.919483989024471, 17.621835594129415 ], [ 76.922247287413043, 17.618109228731207 ], [ 76.92191990010096, 17.60990841487876 ], [ 76.929431401557935, 17.60598702089009 ], [ 76.941250764177639, 17.606654020565589 ], [ 76.941267419196123, 17.609781343099559 ], [ 76.951338721410409, 17.620549809125038 ], [ 76.95195162343299, 17.624228427215012 ], [ 76.95732125627535, 17.620560746631444 ], [ 76.958289259353919, 17.627013502339683 ], [ 76.957221123159059, 17.634432700004254 ], [ 76.960401273838272, 17.636433876190651 ], [ 76.96056967038507, 17.638627769254413 ], [ 76.965877610814687, 17.640482453905978 ], [ 76.97062784144812, 17.646064419914229 ], [ 76.977263032722931, 17.647742943078633 ], [ 76.983747716481759, 17.652970077834539 ], [ 76.984763486764209, 17.65601953802561 ], [ 76.983136830529546, 17.658201612445996 ], [ 76.983056428214852, 17.662862460402685 ], [ 76.977497506643076, 17.665553143852257 ], [ 76.976155597834165, 17.680612820890214 ], [ 76.980232785332674, 17.687413531352004 ], [ 76.982453431549672, 17.696137955337534 ], [ 76.980845397686906, 17.698137650616495 ], [ 76.98609997701945, 17.698684154680816 ], [ 76.990042967901772, 17.696249404223927 ], [ 76.992585157522754, 17.695707128006472 ], [ 76.99402588438457, 17.697398347156618 ], [ 76.996783197633249, 17.695061794057917 ], [ 77.000602724287262, 17.695481727594835 ], [ 77.006618594733268, 17.687698839274159 ], [ 77.01376167960008, 17.68497047362526 ], [ 77.018145535398219, 17.679372989451664 ], [ 77.033323717751514, 17.682312300691269 ], [ 77.03489123770629, 17.68130305549764 ], [ 77.034894779293239, 17.671842219657218 ], [ 77.039315592577424, 17.67165193980771 ], [ 77.040994656278741, 17.66764376406174 ], [ 77.043870396109796, 17.667584856899602 ], [ 77.047540948203718, 17.67111527043318 ], [ 77.053069352320719, 17.671023269117061 ], [ 77.058038292472062, 17.673411158704365 ], [ 77.07342792269344, 17.661774590927287 ], [ 77.080843047436986, 17.662163054437816 ], [ 77.085199390501472, 17.658914762601533 ], [ 77.089397614944716, 17.668674835006154 ], [ 77.104337712625508, 17.668644514143313 ], [ 77.106301448490655, 17.673349730314317 ], [ 77.114591664170462, 17.677927177949282 ], [ 77.117678904069933, 17.686030958132779 ], [ 77.126947841190031, 17.686306944224405 ], [ 77.128178511043103, 17.681764198547729 ], [ 77.132656247965983, 17.682172237901597 ], [ 77.13193425307999, 17.661126387507203 ], [ 77.136260561087198, 17.660839653636163 ], [ 77.137446942248673, 17.657653008885415 ], [ 77.144851701762775, 17.655622085160754 ], [ 77.143313700043393, 17.647101586869997 ], [ 77.15048830591715, 17.641407340006673 ], [ 77.150894199147771, 17.631289967014656 ], [ 77.155023366640663, 17.628434821291137 ], [ 77.161395309561385, 17.628979440574582 ], [ 77.17127962010089, 17.62714833081618 ], [ 77.170240008145797, 17.621823996535884 ], [ 77.171667128047659, 17.624466550619307 ], [ 77.173036654792583, 17.624178581293798 ], [ 77.182462765853501, 17.618346201857353 ], [ 77.187197226603985, 17.618510266096557 ], [ 77.189262943840987, 17.615627213872955 ], [ 77.194105351945453, 17.615252904599863 ], [ 77.195590163112371, 17.628681261696567 ], [ 77.196440003280685, 17.631288974060851 ], [ 77.198558423127153, 17.631885395572446 ], [ 77.203768211304052, 17.62976268919472 ], [ 77.206432537500959, 17.62636958354598 ], [ 77.210125343407299, 17.62909110035212 ], [ 77.21612489560485, 17.629954868013883 ], [ 77.219986051849972, 17.628851148387291 ], [ 77.219594613291093, 17.630368948334276 ], [ 77.221693263276563, 17.631495393812951 ], [ 77.228155034135241, 17.629889727817755 ], [ 77.227835637145176, 17.631200700210169 ], [ 77.231046059900237, 17.631950877742447 ], [ 77.233302898797945, 17.629977598914106 ], [ 77.237075010589734, 17.631002437831071 ], [ 77.244326988129941, 17.629580513029921 ], [ 77.258431943481668, 17.623099908485777 ], [ 77.263078766101358, 17.625293817973336 ], [ 77.274890931392591, 17.627182119872309 ], [ 77.279457594372559, 17.617731226291799 ], [ 77.282064825519043, 17.616955403869067 ], [ 77.284037176936977, 17.618996074708559 ], [ 77.286818942614161, 17.616958933245755 ], [ 77.285146913832293, 17.614925902328743 ], [ 77.289975728410155, 17.613372441217301 ], [ 77.291215483655364, 17.611019500155727 ], [ 77.294397191338732, 17.614774544969826 ], [ 77.295956091826866, 17.614117948146998 ], [ 77.294087499710344, 17.611672182883424 ], [ 77.294363694043156, 17.608514739473403 ], [ 77.298948472258502, 17.606448175767184 ], [ 77.297613268921907, 17.603241632085123 ], [ 77.300302265963197, 17.597951675357461 ], [ 77.304488115618582, 17.598429187423385 ], [ 77.313198486720964, 17.594155792094195 ], [ 77.343215099074428, 17.587974175559534 ], [ 77.349667450334366, 17.599218263768382 ], [ 77.357734636793793, 17.601048390242081 ], [ 77.37708647572569, 17.594250098941362 ], [ 77.378606252666572, 17.583492339426041 ], [ 77.391138995128529, 17.584710387995333 ], [ 77.408331963006802, 17.582973995235864 ], [ 77.42831113956467, 17.586020662421259 ], [ 77.428296773782861, 17.587298085247856 ], [ 77.459227030809586, 17.579644854161128 ], [ 77.459873993388157, 17.580615891214965 ], [ 77.467621511099054, 17.577784372103352 ], [ 77.472868354170558, 17.572750863794816 ], [ 77.476639879041755, 17.57332350663982 ], [ 77.477765857932255, 17.569262449401986 ], [ 77.490552267698746, 17.569355900777701 ], [ 77.492977902684274, 17.568078955717855 ], [ 77.492889928627108, 17.560281279059041 ], [ 77.498989351684045, 17.551963069975965 ], [ 77.500231854714897, 17.543151618848309 ], [ 77.512669232668344, 17.544496567976712 ], [ 77.514218496340192, 17.549341491752738 ], [ 77.523659489754252, 17.562603721009346 ], [ 77.523013617326598, 17.564800995474201 ], [ 77.525882364983374, 17.573419565148082 ], [ 77.532535638077306, 17.577042280538819 ], [ 77.536315019874067, 17.577085542530558 ], [ 77.54271635347007, 17.571449445840507 ], [ 77.547710044812803, 17.561626442606325 ], [ 77.549176726204834, 17.550607459381251 ], [ 77.555927103444532, 17.555380098520924 ], [ 77.562080442841378, 17.552544798699909 ], [ 77.568372134662098, 17.557185375638806 ], [ 77.572747612306699, 17.556479775237865 ], [ 77.574037408682557, 17.558155928671837 ], [ 77.588288489881691, 17.559866044613454 ], [ 77.588507008975228, 17.565168181205365 ], [ 77.591951103196621, 17.565093544746546 ], [ 77.593965517482886, 17.564348861530146 ], [ 77.596751905475514, 17.55418373437201 ], [ 77.594860186042098, 17.537699372852348 ], [ 77.597072843402216, 17.534869971547693 ], [ 77.603288302645197, 17.536001226122597 ], [ 77.605354608531968, 17.533537253253918 ], [ 77.609500117701188, 17.532574854902588 ], [ 77.612560576244221, 17.534847160489267 ], [ 77.619535857622139, 17.529242925611175 ], [ 77.635040321255744, 17.533080166871418 ], [ 77.639282564983858, 17.523997149225917 ], [ 77.645284844744126, 17.522592720402248 ], [ 77.662991180992407, 17.523089804594395 ], [ 77.667142597176195, 17.517944788353429 ], [ 77.66783540524834, 17.513843046939375 ], [ 77.670593315752626, 17.512984887285889 ], [ 77.675640755627455, 17.507181581840058 ], [ 77.678340693397004, 17.506258177478106 ], [ 77.674493277767397, 17.510091045943383 ], [ 77.683148604909206, 17.507217589559076 ], [ 77.684126232863989, 17.510588511125285 ], [ 77.687899977886048, 17.512595823364155 ], [ 77.691606977551103, 17.502840446605212 ], [ 77.692082883504014, 17.496206443084116 ], [ 77.687895583840728, 17.490808501808967 ], [ 77.688950237556597, 17.484387678946682 ], [ 77.686754954100394, 17.483009146034718 ], [ 77.68429432997803, 17.474144146829659 ], [ 77.653613650571913, 17.482695718105877 ], [ 77.652173461612918, 17.485636626546224 ], [ 77.656387482573223, 17.5028440552699 ], [ 77.655357185887937, 17.505159477906506 ], [ 77.648536638826059, 17.496549215454444 ], [ 77.64419223017552, 17.477821415915212 ], [ 77.640637270547927, 17.476607741735517 ], [ 77.638722107123513, 17.473469974578009 ], [ 77.616764614190515, 17.474138807373699 ], [ 77.613520318381248, 17.472056604946168 ], [ 77.611639116135635, 17.466582814803328 ], [ 77.613665068477729, 17.466660394152779 ], [ 77.614612650908327, 17.459745560168486 ], [ 77.614407069865734, 17.446274757708043 ], [ 77.602946151347282, 17.444489603841159 ], [ 77.58597404213036, 17.452947906671088 ], [ 77.585090013143315, 17.45474414073713 ], [ 77.578796927954073, 17.455763750995608 ], [ 77.57911615478821, 17.458191171906503 ], [ 77.574917549573144, 17.444325371331111 ], [ 77.576545399630248, 17.430536995208886 ], [ 77.573720865619293, 17.430021618743098 ], [ 77.567976991607082, 17.432702755184355 ], [ 77.559967325265006, 17.4319163160662 ], [ 77.538392947709625, 17.441321193475687 ], [ 77.53694554181105, 17.445569379874051 ], [ 77.532257700555817, 17.444960496216364 ], [ 77.517514708817515, 17.432285289709373 ], [ 77.514266204930067, 17.435737051888957 ], [ 77.515640792532295, 17.419134372987319 ], [ 77.510494545641691, 17.413978113817073 ], [ 77.513221780696824, 17.415504491841954 ], [ 77.540283875758064, 17.407564887293063 ], [ 77.523505240197778, 17.388040678906485 ], [ 77.527304882372974, 17.380990402528148 ], [ 77.532475880331816, 17.381031867110796 ], [ 77.531789720557569, 17.374544176061935 ], [ 77.529988635734128, 17.374369614655205 ], [ 77.529668673735856, 17.370994195046649 ], [ 77.526245289946559, 17.368330787175314 ], [ 77.524188957515094, 17.36412092094854 ], [ 77.505461279909355, 17.358512543754834 ], [ 77.503290084643126, 17.355235129008655 ], [ 77.502404301653812, 17.356518531368192 ], [ 77.488569577947374, 17.35865705529077 ], [ 77.483482801300255, 17.35486605613842 ], [ 77.474724566670432, 17.361561478267038 ], [ 77.476254449770053, 17.362366665776172 ], [ 77.476752092069901, 17.368328423104909 ], [ 77.479278450734128, 17.370462541652554 ], [ 77.452911160596486, 17.373808579665887 ], [ 77.451394824252787, 17.352716928214633 ], [ 77.454486535086573, 17.35200589049974 ], [ 77.456833274037209, 17.349227832629257 ], [ 77.456663391371421, 17.323251967426295 ], [ 77.451541817335368, 17.323310629259566 ], [ 77.452165277830289, 17.31765583306575 ], [ 77.448060672319443, 17.306657914172856 ], [ 77.445791276513972, 17.307012292052786 ], [ 77.443089818765728, 17.300568560926195 ], [ 77.440273483253478, 17.300452071106655 ], [ 77.437333534160075, 17.29243095762661 ], [ 77.45494356316236, 17.288139338498723 ], [ 77.458963194734565, 17.279456581188736 ], [ 77.454402308646948, 17.276437091045061 ], [ 77.452470783395398, 17.27014816294734 ], [ 77.444690643809309, 17.27065405059118 ], [ 77.436588263739935, 17.259994746368669 ], [ 77.426092040202164, 17.255903595694893 ], [ 77.420961343740913, 17.244874403297473 ], [ 77.420693815904698, 17.236723670181959 ], [ 77.411537764785763, 17.236934969463235 ], [ 77.409582135269659, 17.239867277243683 ], [ 77.407762238068017, 17.239678977559578 ], [ 77.405225080655612, 17.235626835128343 ], [ 77.380157051001262, 17.221079526889273 ], [ 77.381970773431505, 17.21841467283668 ], [ 77.389385835280663, 17.215124268855025 ], [ 77.402109194280527, 17.213955307832794 ], [ 77.402011683751368, 17.210187832086717 ], [ 77.398511772426417, 17.210189033541379 ], [ 77.396698039141427, 17.207394845681513 ], [ 77.393894091051123, 17.194091247162707 ], [ 77.391957413708127, 17.195729139816873 ], [ 77.384115617735688, 17.195819063775208 ], [ 77.382282760365072, 17.197137603848034 ], [ 77.379414309908114, 17.196220867707748 ], [ 77.374358438006979, 17.197503085916523 ], [ 77.371590643602488, 17.195786341136333 ], [ 77.373566541579535, 17.19371735132469 ], [ 77.373176048960175, 17.190545995597166 ], [ 77.369120246681817, 17.186916566295483 ], [ 77.371237196135326, 17.182733809481938 ], [ 77.369647162255532, 17.176354307968392 ], [ 77.365333846142946, 17.171527791317924 ], [ 77.366898544221826, 17.168918183342583 ], [ 77.361636164988312, 17.164034588919606 ], [ 77.363623231523064, 17.16319170331904 ], [ 77.364261722170255, 17.158844309834294 ], [ 77.36744106507615, 17.159159410892997 ], [ 77.366126488260591, 17.154857600992255 ], [ 77.379954272996414, 17.152073398039914 ], [ 77.378161172899652, 17.140135190910829 ], [ 77.384775767747172, 17.139612691168431 ], [ 77.394798120183765, 17.135789436130018 ], [ 77.404651238058719, 17.135453924373337 ], [ 77.407438544888421, 17.125973534452505 ], [ 77.431170561137165, 17.118774770258483 ], [ 77.443592780401843, 17.123487635446708 ], [ 77.459597702778865, 17.114586958922921 ], [ 77.464667507719838, 17.106618978218666 ], [ 77.461439047130384, 17.091449636886789 ], [ 77.464843374560445, 17.090931099383294 ], [ 77.475388817050543, 17.080275927711284 ], [ 77.482597385514026, 17.080001380001342 ], [ 77.47919681387252, 17.073104857679382 ], [ 77.48372533049114, 17.058914837796824 ], [ 77.490890089114359, 17.050110836073028 ], [ 77.489101894502966, 17.04940908154046 ], [ 77.489680070158116, 17.047119088178224 ], [ 77.497576093424854, 17.043876844072827 ], [ 77.495796016125084, 17.029447108345778 ], [ 77.50314913082137, 17.014002541534477 ], [ 77.502278076555115, 17.009762977144714 ], [ 77.497977085538452, 17.009606650515831 ], [ 77.493518588799134, 17.006518560008146 ], [ 77.492862875003468, 17.004267012091539 ], [ 77.486913536947085, 17.003352781598231 ], [ 77.480931173180267, 16.997889351956381 ], [ 77.47913375275715, 16.99463442818951 ], [ 77.482829550850269, 16.98998351103052 ], [ 77.482011311391318, 16.97279574204418 ], [ 77.472999279494786, 16.957839121121737 ], [ 77.465991694621209, 16.958937142223011 ], [ 77.464998238358064, 16.957093567571182 ], [ 77.466669693681979, 16.950417701585202 ], [ 77.46501895791225, 16.944222700986142 ], [ 77.468110038240084, 16.93979894656875 ], [ 77.464755268801383, 16.929433484258155 ], [ 77.469218228567215, 16.928011980773299 ], [ 77.469555104398893, 16.921598506006639 ], [ 77.466500600558589, 16.915321063920526 ], [ 77.459067519513738, 16.917468655255874 ], [ 77.458503729291081, 16.915109690600051 ], [ 77.453755413781209, 16.914272466946123 ], [ 77.454256669087428, 16.910502789589046 ], [ 77.457944633790831, 16.908926350791756 ], [ 77.455964610552002, 16.900112453492614 ], [ 77.458953035085457, 16.894885529927627 ], [ 77.455760933988444, 16.885502183372274 ], [ 77.435883864749641, 16.8863945461292 ], [ 77.42459742547247, 16.885089670622378 ], [ 77.418194302732886, 16.882022644937702 ], [ 77.41566614864098, 16.877039649512387 ], [ 77.413399409719162, 16.877318429895585 ], [ 77.409746566544698, 16.873544424577819 ], [ 77.409243892894338, 16.878554203201759 ], [ 77.401366200077007, 16.882182428958103 ], [ 77.40438525431091, 16.895149933709227 ], [ 77.399836186164222, 16.896172371297073 ], [ 77.399591799258417, 16.898907316366138 ], [ 77.40124162462746, 16.899555048719225 ], [ 77.401884559768689, 16.897000697399672 ], [ 77.404550648959201, 16.896852682188388 ], [ 77.405972245250155, 16.901842256399007 ], [ 77.404094399827443, 16.900305093828145 ], [ 77.400243859204608, 16.9014328692489 ], [ 77.401111726679574, 16.902719871771936 ], [ 77.39597414053749, 16.903695929258525 ], [ 77.38850708144254, 16.891206725114454 ], [ 77.387428532235504, 16.893246573927215 ], [ 77.388697873214852, 16.896822716474112 ], [ 77.387336984390473, 16.897893957569813 ], [ 77.384451046779077, 16.898257284461739 ], [ 77.382991781561159, 16.894494309726653 ], [ 77.380099111257408, 16.896362765453091 ], [ 77.376163644604858, 16.89511618957059 ], [ 77.376131898316643, 16.898056498517008 ], [ 77.371538205816265, 16.898988243661321 ], [ 77.370342630367276, 16.897872379101734 ], [ 77.366248031178714, 16.904233562826924 ], [ 77.354724419149278, 16.906733268785658 ], [ 77.354114875657871, 16.908052626669047 ], [ 77.350440666668305, 16.907709333768089 ], [ 77.34639239316472, 16.916200299586581 ], [ 77.346613448716553, 16.919573330253019 ], [ 77.342090554584132, 16.928894670972614 ], [ 77.341097984308419, 16.934582278869954 ], [ 77.340025062689094, 16.93134837849237 ], [ 77.336054133194267, 16.930503207797042 ], [ 77.320287921997689, 16.936296256242624 ], [ 77.317676878714693, 16.935538901573612 ], [ 77.311160792674883, 16.927663457142433 ], [ 77.300789125360652, 16.929897597627118 ], [ 77.290274561031694, 16.935589378141469 ], [ 77.289470313553963, 16.93737969488641 ], [ 77.288166478640335, 16.935419672787461 ], [ 77.275494243552927, 16.930630423847887 ], [ 77.273271800453941, 16.928203171532164 ], [ 77.265660204503718, 16.929843351164642 ], [ 77.262071871430365, 16.927999901228674 ], [ 77.250213203337978, 16.933715602300641 ], [ 77.24619541353438, 16.932426066309194 ], [ 77.244986369963812, 16.939469000899987 ], [ 77.242216527326022, 16.942089387498214 ], [ 77.231556720460134, 16.938107177676368 ], [ 77.231437516038071, 16.942997398849126 ], [ 77.226804805978148, 16.940502882202303 ], [ 77.224367640310149, 16.942574471684644 ], [ 77.211289486217467, 16.944482547730864 ], [ 77.207833455918674, 16.93755023386754 ], [ 77.200898567195608, 16.935885864239133 ], [ 77.195829659887238, 16.930209450760387 ], [ 77.191918019287755, 16.928919966909319 ], [ 77.184718291432532, 16.935400746478141 ], [ 77.167374431600393, 16.930136504569212 ], [ 77.153837918617754, 16.91430901693332 ], [ 77.15025585435184, 16.915726717241164 ], [ 77.13799317949632, 16.91484893639214 ], [ 77.127972709717341, 16.917456622168984 ], [ 77.122257005924567, 16.913526837261905 ], [ 77.120210658850795, 16.909880020685531 ], [ 77.105994677991035, 16.902433182345661 ], [ 77.093059529663108, 16.905484935441859 ], [ 77.089377874296545, 16.913696848748533 ], [ 77.086843677811743, 16.930062298407844 ], [ 77.088217925834044, 16.932745206697824 ], [ 77.090294251945465, 16.930715273819157 ], [ 77.091998942348539, 16.932241319427494 ], [ 77.091026770482074, 16.935009392026366 ], [ 77.089207081437067, 16.934275685027622 ], [ 77.086600483644418, 16.93641906042199 ], [ 77.088230791810901, 16.94525271864509 ], [ 77.078796678936754, 16.938464610776087 ], [ 77.076548493787229, 16.939123679219733 ], [ 77.076886566899645, 16.937682105523862 ], [ 77.072993345573721, 16.937234357382557 ], [ 77.07228579417378, 16.931916623511015 ], [ 77.068553290018798, 16.932293145032187 ], [ 77.068110035364015, 16.941854991090793 ], [ 77.070624688485452, 16.953286963493731 ], [ 77.063926593958186, 16.953785556226045 ], [ 77.064898519596611, 16.951447586354291 ], [ 77.057784202228675, 16.942804385137219 ], [ 77.04568863867469, 16.932290488030851 ], [ 77.044144133604007, 16.926575016530077 ], [ 77.041240670413842, 16.923000006850124 ], [ 77.033595367271303, 16.92504371289569 ], [ 77.02426104548428, 16.924683782121864 ], [ 77.01992026313539, 16.927525964680871 ], [ 77.020038716392946, 16.915547846638582 ], [ 77.017600353328305, 16.898970880949722 ], [ 77.027341664691164, 16.89545962242638 ], [ 77.028244522443117, 16.893581885936769 ], [ 77.033274034233273, 16.893114379905317 ], [ 77.033287961773851, 16.884674234682659 ], [ 77.040235179313967, 16.882779408312384 ], [ 77.043376801355336, 16.877503515566545 ], [ 77.041853268759098, 16.868383052890444 ], [ 77.035576851203473, 16.869901354339174 ], [ 77.030368874278182, 16.869330047801448 ], [ 77.030220913075766, 16.867796817554243 ], [ 77.020745724505232, 16.868457437891671 ], [ 77.007469079363602, 16.857769746941972 ], [ 77.00029902060038, 16.85998505324255 ], [ 76.981708690247473, 16.861114919041057 ], [ 76.981173201484026, 16.858770725399786 ], [ 76.979601842561252, 16.859615201721404 ], [ 76.978758798191251, 16.854358451015479 ], [ 76.98301216262594, 16.84426105429187 ], [ 76.983253524885313, 16.839831392742099 ], [ 76.995316687110858, 16.837503983245309 ], [ 76.994665762664397, 16.83297913432612 ], [ 76.993087841268448, 16.832994155550661 ], [ 76.990450826026049, 16.811866450150802 ], [ 76.980340954807971, 16.80917598403672 ], [ 76.969829048479923, 16.816841997660646 ], [ 76.954051279498486, 16.824374023305161 ], [ 76.949059753763066, 16.829282312055859 ], [ 76.928608358861297, 16.831881549580363 ], [ 76.924239259134538, 16.829677007287287 ], [ 76.919332279951959, 16.818227806688338 ], [ 76.914310239534913, 16.816128692334495 ], [ 76.90947383401199, 16.817981790322438 ], [ 76.903482088653604, 16.83315163660216 ], [ 76.90206948753989, 16.853335037350387 ], [ 76.904408537044304, 16.857581911165546 ], [ 76.915690621515054, 16.861692750554838 ], [ 76.92106495355938, 16.870298409327432 ], [ 76.91331531208013, 16.875368075831862 ], [ 76.90683250824361, 16.876081859393011 ], [ 76.906900034376378, 16.877525678778063 ], [ 76.902018521328785, 16.878554676561915 ], [ 76.902428234450369, 16.893446986160289 ], [ 76.870537962709221, 16.896478084610631 ], [ 76.870724671487579, 16.893134163699841 ], [ 76.856706251430168, 16.892103554601867 ], [ 76.854349988433, 16.877906643901653 ], [ 76.848719710359461, 16.8750787248037 ], [ 76.845693167559745, 16.868399679794322 ], [ 76.843456918010673, 16.867202165402031 ], [ 76.838054146731523, 16.868697594221207 ], [ 76.835027627718134, 16.867450912219059 ], [ 76.82807163164253, 16.870296280655829 ], [ 76.828814912882692, 16.873032617918668 ], [ 76.816896350844928, 16.874025379027966 ], [ 76.813619914422233, 16.858805361387336 ], [ 76.811327109647451, 16.857510510567831 ], [ 76.811299082266174, 16.855722468993381 ], [ 76.809117213197425, 16.855406507464746 ], [ 76.805239845790496, 16.850306233214887 ], [ 76.802115063264324, 16.849221059095985 ], [ 76.791302598729047, 16.850090581968363 ], [ 76.789068435947485, 16.837503134999636 ], [ 76.758974638614134, 16.845346065079699 ], [ 76.753514318678413, 16.838148730190152 ], [ 76.757724009163582, 16.834214231774812 ], [ 76.758306995410763, 16.831392604431578 ], [ 76.754049136893968, 16.821952090507345 ], [ 76.75667521775955, 16.815780472349065 ], [ 76.754706372238502, 16.814477360852941 ], [ 76.744909123824854, 16.816249222791974 ], [ 76.745365189690901, 16.778122482383772 ], [ 76.736539479276715, 16.776297141438597 ], [ 76.734604484029816, 16.779184808649273 ], [ 76.727264050194464, 16.781327404455219 ], [ 76.727269415460512, 16.78216792560946 ], [ 76.72612450230875, 16.782652628912473 ], [ 76.724719954192736, 16.785278539689273 ], [ 76.724153171274679, 16.785381409178473 ], [ 76.71901235076632, 16.777933980648115 ], [ 76.70900803368167, 16.780529996671305 ], [ 76.709236103432403, 16.792618786062736 ], [ 76.702151283237484, 16.788340058898051 ], [ 76.698984764443964, 16.790206469501058 ], [ 76.697539286209462, 16.785825571091987 ], [ 76.679483342418038, 16.784792538386988 ], [ 76.67583539027649, 16.765533067362941 ], [ 76.660950335710709, 16.767191338410598 ], [ 76.653168945644566, 16.755800054853097 ], [ 76.654564374418356, 16.737820270817341 ], [ 76.659277641782552, 16.725558911550465 ], [ 76.645454889819362, 16.732738660213368 ], [ 76.635289411308207, 16.734940286134407 ], [ 76.635184740081442, 16.74507529122905 ], [ 76.622708216430595, 16.74222868003617 ], [ 76.623778853792246, 16.765192763253872 ], [ 76.599818937690443, 16.767106368439563 ], [ 76.581300091704136, 16.765666215882316 ], [ 76.581155460753635, 16.758647007907392 ], [ 76.571318500033811, 16.756059821024643 ], [ 76.570295303131871, 16.752512629501073 ], [ 76.553654981164897, 16.752993674969233 ], [ 76.553523090095027, 16.7510581850085 ], [ 76.548949846166011, 16.751308541413472 ], [ 76.5473702741468, 16.747355822992034 ], [ 76.523050390591052, 16.751049450509509 ], [ 76.515609356643395, 16.750597762184473 ], [ 76.502441129210311, 16.738471152841555 ], [ 76.503111100100327, 16.723099202813493 ], [ 76.480864831782952, 16.711888148503775 ], [ 76.461040850380286, 16.711001226796562 ], [ 76.459450264159599, 16.723309138060834 ], [ 76.451373761217724, 16.723336656824092 ], [ 76.450583799803425, 16.724536641183764 ], [ 76.446605910813432, 16.72344495025397 ], [ 76.442556500535815, 16.713800131657067 ], [ 76.422671259926958, 16.717639371379509 ], [ 76.422817715376894, 16.730740123861793 ], [ 76.428980367777612, 16.734033697049806 ], [ 76.428724408888129, 16.738170081301117 ], [ 76.44018593429513, 16.742521692373877 ], [ 76.438556368640803, 16.752422212543667 ], [ 76.442748093423475, 16.757146687788719 ], [ 76.440577927776985, 16.759888268170524 ], [ 76.435456185415319, 16.764572523367441 ], [ 76.425772604774238, 16.765876015065828 ], [ 76.418435743959705, 16.768853353428472 ], [ 76.418480992003381, 16.764643490404431 ], [ 76.411253099706897, 16.764547051021232 ], [ 76.411362438314725, 16.76807014919957 ], [ 76.383592729556653, 16.76927655164204 ], [ 76.37061266815094, 16.767520550055 ], [ 76.37389018206359, 16.785385332847888 ], [ 76.377205147844336, 16.793107691830595 ], [ 76.377797849039325, 16.801117994470772 ], [ 76.390526654859372, 16.802239923480023 ], [ 76.39276350871927, 16.804960819350036 ], [ 76.396224030448394, 16.805707471060796 ], [ 76.401054705759506, 16.800898901258495 ], [ 76.410299357055308, 16.798679157208188 ], [ 76.413866250720901, 16.813475448861361 ], [ 76.361340960546855, 16.819461326860321 ], [ 76.351200609777337, 16.819338673264028 ], [ 76.353297661441459, 16.829500891113547 ], [ 76.357756093970593, 16.837441901658408 ], [ 76.358752024310135, 16.842506994736027 ], [ 76.366123155746564, 16.847635825766449 ], [ 76.374242244725636, 16.85844408835538 ], [ 76.386548168294368, 16.856311975476661 ], [ 76.404561723510199, 16.85863973534212 ], [ 76.4043550165147, 16.853816406154092 ], [ 76.429131464436907, 16.850857610103791 ], [ 76.429580945169178, 16.837148840266973 ], [ 76.459680907155558, 16.832934724334262 ], [ 76.463700615774442, 16.838691145922439 ], [ 76.470895859534039, 16.839099536570547 ], [ 76.470762556773749, 16.846907143825899 ], [ 76.467365188961409, 16.849528640446117 ], [ 76.462260320107063, 16.849256392466884 ], [ 76.461789783224106, 16.859299755610731 ], [ 76.458782341903316, 16.86009698190184 ], [ 76.458814352905947, 16.867252472517716 ], [ 76.438006236788738, 16.868320989353091 ], [ 76.436805374578199, 16.881869858718275 ], [ 76.433397584914928, 16.882218639548956 ], [ 76.434669475376225, 16.888563448012643 ], [ 76.433805087618467, 16.897758183252364 ], [ 76.443221588199961, 16.897622796712238 ], [ 76.465805246454423, 16.902290843363769 ], [ 76.464224348976416, 16.916682300666348 ], [ 76.458720923282058, 16.927688243026289 ], [ 76.451849281356061, 16.927538218787664 ], [ 76.44747156209111, 16.940644956702435 ], [ 76.434035489682557, 16.943518800510276 ], [ 76.434201564825628, 16.940382431814683 ], [ 76.428014891478355, 16.92723444557641 ], [ 76.418080412149848, 16.927946226346869 ], [ 76.39930587774559, 16.935294922943388 ], [ 76.402357177010018, 16.943344016438619 ], [ 76.402335717208786, 16.964516582404979 ], [ 76.400634873247341, 16.977332606245685 ], [ 76.424511297336736, 16.978388006262762 ], [ 76.436799264799859, 16.981816288604559 ], [ 76.441065274996845, 16.99911439224249 ], [ 76.439567218953798, 17.000134373799227 ], [ 76.433291070536157, 17.024481486032627 ], [ 76.437754998196766, 17.026892697681024 ], [ 76.431180628037126, 17.029621964127848 ], [ 76.430503193918398, 17.039949567566612 ], [ 76.427185392993721, 17.053437739837001 ], [ 76.430948776754889, 17.05313341501563 ], [ 76.431777587635693, 17.058293010963869 ], [ 76.430042970713515, 17.06940828539598 ], [ 76.429692456400005, 17.098883740376372 ], [ 76.427683139558908, 17.100116130823569 ], [ 76.408143551449868, 17.086191422086689 ], [ 76.401786438430889, 17.074233270832295 ], [ 76.398150171654137, 17.071288317771348 ], [ 76.396016366849835, 17.07047225705098 ], [ 76.388972360492943, 17.072410692009104 ], [ 76.388177597952563, 17.078329439221282 ], [ 76.390458304269529, 17.091757445226044 ], [ 76.388574679057854, 17.097929862780589 ], [ 76.383399103836538, 17.102785755903621 ], [ 76.366594336437998, 17.107565487069841 ], [ 76.36255606974008, 17.113910196903852 ], [ 76.364700452208368, 17.120246939294631 ], [ 76.368300990554971, 17.123731684981887 ], [ 76.387278510412145, 17.129086255320214 ], [ 76.390453739810596, 17.131245947242913 ], [ 76.394803958138027, 17.140604540244659 ], [ 76.391912886537796, 17.144585652556959 ], [ 76.388473959353476, 17.146330168959132 ], [ 76.37941419160309, 17.144456004689861 ], [ 76.367599003849747, 17.138435409322401 ], [ 76.362544472170413, 17.138514042512135 ], [ 76.359943044519298, 17.140894917639358 ], [ 76.360128108048841, 17.147696052568712 ], [ 76.367147390285908, 17.157598653879063 ], [ 76.368149925362218, 17.163715274869215 ], [ 76.365146034957277, 17.179195170625853 ], [ 76.360117858586051, 17.185474169837658 ], [ 76.354324353337034, 17.186553884900651 ], [ 76.350749473777199, 17.18494269054878 ], [ 76.342302621588502, 17.176938856942296 ], [ 76.331392384185676, 17.170953438133953 ], [ 76.324113014034239, 17.169825933419169 ], [ 76.304204599159092, 17.171172955563815 ], [ 76.282331025134297, 17.167004647060271 ] ] ], [ [ [ 76.700341878908446, 17.708453882443159 ], [ 76.703793253201852, 17.703177026128309 ], [ 76.712044780559282, 17.698905285968767 ], [ 76.711763820001224, 17.694500353045107 ], [ 76.703411039745873, 17.693288269849347 ], [ 76.694125803394655, 17.696141695648091 ], [ 76.691243811611585, 17.700776111792266 ], [ 76.692335842312474, 17.706874087250867 ], [ 76.700341878908446, 17.708453882443159 ] ] ] ] } },
{ "type": "Feature", "properties": { "DISTRICT": "Kodagu" }, "geometry": { "type": "Polygon", "coordinates": [ [ [ 75.657326784819134, 12.684384264320112 ], [ 75.666657905031144, 12.698017677508592 ], [ 75.668437243785363, 12.696328909068447 ], [ 75.675135640435983, 12.700809787484372 ], [ 75.687182635470364, 12.700539625459482 ], [ 75.704842967883053, 12.706313270266254 ], [ 75.710742490931707, 12.704669671542705 ], [ 75.713291778232261, 12.707461091587266 ], [ 75.717089645440197, 12.704274806372405 ], [ 75.719916732934365, 12.705322805773511 ], [ 75.720016051757767, 12.703129483570521 ], [ 75.722679378562972, 12.700936537221608 ], [ 75.722319355045755, 12.696701360969836 ], [ 75.731271809002465, 12.69740399699349 ], [ 75.738583337044133, 12.690192099634812 ], [ 75.74062456098963, 12.684139128398932 ], [ 75.743841341453418, 12.68061725823647 ], [ 75.760467260296863, 12.673605686561014 ], [ 75.766784216910139, 12.680421202764606 ], [ 75.774179634187277, 12.680448956348922 ], [ 75.776134874536993, 12.686627336828854 ], [ 75.77849887983237, 12.68820608137734 ], [ 75.782116145896211, 12.686313332764858 ], [ 75.791403193994952, 12.687091739010198 ], [ 75.797500345074027, 12.693902904574403 ], [ 75.801604951022242, 12.695138966461673 ], [ 75.807507520650717, 12.701278378827009 ], [ 75.816910445844826, 12.69293733870677 ], [ 75.8198262461203, 12.684533371821662 ], [ 75.825469422846865, 12.682420090540488 ], [ 75.829578169829418, 12.675304757390501 ], [ 75.83491743552338, 12.670868925115954 ], [ 75.843336757743359, 12.668580028671357 ], [ 75.84630213268052, 12.672194509503463 ], [ 75.853044585021692, 12.669445870253933 ], [ 75.861731129842283, 12.671814429798276 ], [ 75.863534379349957, 12.67365330647648 ], [ 75.864723571778526, 12.67247893149103 ], [ 75.867425535031245, 12.67450531326738 ], [ 75.87677206157997, 12.671585540955565 ], [ 75.882212003340015, 12.674437496209958 ], [ 75.886053967893275, 12.674514333168581 ], [ 75.888169114925091, 12.677572794248332 ], [ 75.889052067209747, 12.684473403914318 ], [ 75.887739113336806, 12.689827307031987 ], [ 75.889903589515725, 12.693470227385729 ], [ 75.885468462304658, 12.699719233128256 ], [ 75.886526652415299, 12.703420870023807 ], [ 75.884899681311992, 12.707988971106753 ], [ 75.873295843230025, 12.70942537147573 ], [ 75.870561547468185, 12.711995154136948 ], [ 75.870175362723359, 12.715102780746665 ], [ 75.861693137910393, 12.71745439880284 ], [ 75.854361126180521, 12.723372456229738 ], [ 75.851506455626577, 12.729620655823128 ], [ 75.854698684383536, 12.736689301056259 ], [ 75.852446798257432, 12.745599098571413 ], [ 75.849010896575649, 12.74991942294181 ], [ 75.853222902099972, 12.754298236322667 ], [ 75.859677530227316, 12.75730098245314 ], [ 75.857560213161136, 12.762037402493441 ], [ 75.857875998526325, 12.770214477789231 ], [ 75.861100635272166, 12.770409863833585 ], [ 75.865444809289087, 12.768194740208232 ], [ 75.871737804302683, 12.770824796412317 ], [ 75.873177873295433, 12.769675946868125 ], [ 75.87576514455651, 12.772738690964125 ], [ 75.872624501891295, 12.774323516111348 ], [ 75.877672301786333, 12.776300623325454 ], [ 75.877322503286692, 12.777548637273286 ], [ 75.874449797449543, 12.776829312086495 ], [ 75.871491662998935, 12.782463550963293 ], [ 75.868958869979295, 12.783114848167399 ], [ 75.866468548855337, 12.791310671609946 ], [ 75.863300328604637, 12.795430158131577 ], [ 75.863074271074368, 12.797644292213544 ], [ 75.864937558829041, 12.798420776235989 ], [ 75.864412872468804, 12.800497827522509 ], [ 75.86643163194735, 12.802265694468142 ], [ 75.864929738578013, 12.803771563410875 ], [ 75.86692915472959, 12.805572825359576 ], [ 75.86374243304941, 12.807878096539874 ], [ 75.86547907420622, 12.811371197843036 ], [ 75.863606716236134, 12.818988202990798 ], [ 75.875873732290984, 12.823601428706519 ], [ 75.87766768063355, 12.826474091878607 ], [ 75.874813832534258, 12.829720804760905 ], [ 75.879151085247983, 12.833705313546412 ], [ 75.89394536617408, 12.828758149531705 ], [ 75.899413884773438, 12.828434175863332 ], [ 75.902165604651231, 12.818763852556261 ], [ 75.909197835250097, 12.816350433456234 ], [ 75.91245509811715, 12.81649422028782 ], [ 75.918002422314245, 12.819836595500625 ], [ 75.916677385218776, 12.825544485424048 ], [ 75.919106104230607, 12.828387642053851 ], [ 75.928169052209796, 12.821389418324726 ], [ 75.925199197824085, 12.812166113952053 ], [ 75.930068822511458, 12.807622172123896 ], [ 75.947098480175683, 12.807980100478661 ], [ 75.948772751799339, 12.805803119397757 ], [ 75.949269641634629, 12.80016625496711 ], [ 75.955479483119476, 12.802421270532953 ], [ 75.967513905438608, 12.803719807788767 ], [ 75.966797496327118, 12.793442632233258 ], [ 75.970680156814439, 12.786604775870897 ], [ 75.971011772800765, 12.782656855628078 ], [ 75.968310233864116, 12.782809335319323 ], [ 75.966347241459644, 12.78029955609342 ], [ 75.962391384743754, 12.782343148555597 ], [ 75.958244055924112, 12.782185767313333 ], [ 75.952906470943972, 12.768022453020901 ], [ 75.946351912187666, 12.765832750538008 ], [ 75.934840961878081, 12.767634551701644 ], [ 75.932841935585529, 12.763683419011084 ], [ 75.935081673797143, 12.759251633213168 ], [ 75.933776405046132, 12.757669005154755 ], [ 75.937947584297362, 12.750233013245232 ], [ 75.934885264579407, 12.732705532679407 ], [ 75.943223815867029, 12.718658133861405 ], [ 75.966144717699933, 12.709767426338111 ], [ 75.962536192527722, 12.70531096849453 ], [ 75.964793884599757, 12.703486724846696 ], [ 75.964740768938412, 12.700031448998228 ], [ 75.961321493178929, 12.692308487703345 ], [ 75.958468100692684, 12.689977216399463 ], [ 75.959665528165402, 12.682935831313895 ], [ 75.95842137232394, 12.680427640790665 ], [ 75.954404787279643, 12.676216716841097 ], [ 75.941175622752041, 12.675771529466587 ], [ 75.939977791657668, 12.674399637606147 ], [ 75.947598502843718, 12.663986527213293 ], [ 75.940979743599854, 12.657681218662589 ], [ 75.93801642931524, 12.643571814142391 ], [ 75.940632088147069, 12.641777245041371 ], [ 75.942813962229806, 12.636566384579293 ], [ 75.940468669360129, 12.632211278526595 ], [ 75.936244312798323, 12.629838997710241 ], [ 75.940055387058422, 12.627877927198057 ], [ 75.944307588022696, 12.629253052079088 ], [ 75.949298427020295, 12.621014539132577 ], [ 75.94713245693319, 12.613587809835863 ], [ 75.939244081207221, 12.609045961840208 ], [ 75.939784435927734, 12.606314489073961 ], [ 75.947504478429352, 12.597330826823441 ], [ 75.956058939977623, 12.572395110053458 ], [ 75.96456394903332, 12.560538674944995 ], [ 75.967137275313561, 12.559660977698142 ], [ 75.974922509885872, 12.562437521513925 ], [ 75.972735178464333, 12.571152799470166 ], [ 75.969117508851454, 12.576927344118886 ], [ 75.972569156401065, 12.57736513852233 ], [ 75.981366550437443, 12.573707733935372 ], [ 75.988956312718599, 12.574126196109685 ], [ 75.987676536888728, 12.581103441057753 ], [ 75.99122664187999, 12.584990340617685 ], [ 75.99091381350172, 12.586857369838697 ], [ 75.993619218098303, 12.588227393873956 ], [ 75.997270655140028, 12.5838184816196 ], [ 75.997613359982665, 12.57986631537943 ], [ 76.001060106665363, 12.577826833740341 ], [ 76.002570333339179, 12.574658033233538 ], [ 76.005972577884407, 12.574322318033861 ], [ 76.009935053908308, 12.570892408079866 ], [ 76.011939206367657, 12.572708971708261 ], [ 76.014086429180722, 12.569082509941564 ], [ 76.017651800535916, 12.571545016362245 ], [ 76.0183420449316, 12.56669261430155 ], [ 76.011818390575996, 12.560337065200578 ], [ 76.011847727422179, 12.553989601890546 ], [ 76.00687169571701, 12.555037010482209 ], [ 75.996355464551797, 12.562073997067564 ], [ 75.99155514535515, 12.561011173105749 ], [ 75.99041474747446, 12.556217445256291 ], [ 75.997732470734846, 12.550976622073593 ], [ 75.998400166591608, 12.546036416218117 ], [ 75.995151303710898, 12.54088108772565 ], [ 75.985682889180524, 12.544576249816956 ], [ 75.982449449451067, 12.540913558698273 ], [ 75.992593445370659, 12.529204532443787 ], [ 75.993138155755418, 12.521305620208526 ], [ 75.986497290401729, 12.519450944890854 ], [ 75.975745218345992, 12.520213049762059 ], [ 75.974040085742487, 12.519357312445695 ], [ 75.972093866708931, 12.511699390263145 ], [ 75.963326787529866, 12.509855518501508 ], [ 75.96027917381808, 12.50612366907786 ], [ 75.96029637638776, 12.501174477568716 ], [ 75.962617525991547, 12.497594416643576 ], [ 75.959061160443909, 12.488883686249874 ], [ 75.960790485287205, 12.484464845476586 ], [ 75.966768070925596, 12.48303253423434 ], [ 75.96710264207077, 12.478355832295884 ], [ 75.964642099175933, 12.475349076539556 ], [ 75.965067773075518, 12.473374466547524 ], [ 75.968229247536414, 12.470895886660609 ], [ 75.972043249942487, 12.470688521360886 ], [ 75.967292276176451, 12.464637080842435 ], [ 75.96814251245047, 12.455962435395707 ], [ 75.971991451778152, 12.450092500817689 ], [ 75.968056881197583, 12.447269075886961 ], [ 75.959960039677057, 12.451797945914263 ], [ 75.946309270637386, 12.449570435045002 ], [ 75.938363700518181, 12.443069099924129 ], [ 75.936523455644149, 12.438271020795584 ], [ 75.932238699522941, 12.439669673728343 ], [ 75.93072864604747, 12.437830812474436 ], [ 75.925876211488443, 12.436901542760388 ], [ 75.922507445052986, 12.430936822047736 ], [ 75.922451972872167, 12.422692711913291 ], [ 75.915176137115168, 12.409773257217616 ], [ 75.910914061439797, 12.406597996717426 ], [ 75.910061363989144, 12.394351628621422 ], [ 75.914797853084153, 12.383293043742603 ], [ 75.916163417325933, 12.386530633594047 ], [ 75.920515037401699, 12.387507854470751 ], [ 75.931900759297392, 12.382310310651643 ], [ 75.943534148651281, 12.371046365272566 ], [ 75.9480274754834, 12.369874708435701 ], [ 75.963340347880646, 12.357744575936124 ], [ 75.971736494237803, 12.353000379614024 ], [ 75.968518827381928, 12.350469837370778 ], [ 75.965989326865909, 12.344999237284945 ], [ 75.967599093075364, 12.343540715725128 ], [ 75.97001822217311, 12.343993885177165 ], [ 75.976902762060433, 12.340350557972235 ], [ 75.983282052245613, 12.34268439051217 ], [ 75.988826783583306, 12.336328299894864 ], [ 75.993307663123105, 12.336182284469087 ], [ 76.000754880504843, 12.332234717978473 ], [ 76.002509916805266, 12.3297357605506 ], [ 75.995794896801357, 12.324160840906302 ], [ 75.993856821477465, 12.321113083655417 ], [ 75.994381800652832, 12.317843298725185 ], [ 75.997117105872817, 12.315174868455781 ], [ 75.996269068486939, 12.311345242576094 ], [ 75.997897687868416, 12.308069384577896 ], [ 76.004613345839289, 12.305436409466038 ], [ 76.014062192906891, 12.292646880704837 ], [ 76.013292672232382, 12.284529475048682 ], [ 76.016315641486358, 12.272450641436812 ], [ 76.013531517299796, 12.268847392187411 ], [ 76.020934051598616, 12.252974728455634 ], [ 76.024503291005729, 12.248497919743251 ], [ 76.02612136574146, 12.2514290719554 ], [ 76.03127231039521, 12.252122684893648 ], [ 76.034895711968446, 12.25078130470826 ], [ 76.040356882808481, 12.252589428531033 ], [ 76.050877644932257, 12.247836043298086 ], [ 76.051810656202122, 12.245734404543343 ], [ 76.057296829290337, 12.247866424210919 ], [ 76.057159067676125, 12.253127122834131 ], [ 76.059601284911494, 12.253741268800466 ], [ 76.060020715196131, 12.248007173261676 ], [ 76.064158656103828, 12.246772535315191 ], [ 76.068242071388127, 12.242147836088089 ], [ 76.073260124666021, 12.239572871808234 ], [ 76.073100181966112, 12.234592494295496 ], [ 76.08218278579821, 12.221323182047202 ], [ 76.09383820978428, 12.213480087053034 ], [ 76.095203503647227, 12.207325640377791 ], [ 76.102249564690595, 12.196653138820343 ], [ 76.118838235640894, 12.192590321213098 ], [ 76.125522749336781, 12.193992515096364 ], [ 76.131535621019864, 12.197840939621937 ], [ 76.134091258926816, 12.192151446031531 ], [ 76.137651167523174, 12.188695832785641 ], [ 76.135052087523235, 12.187986937643254 ], [ 76.135026546153824, 12.181949892137203 ], [ 76.138596380464435, 12.170764119350553 ], [ 76.141241856917517, 12.168367945533843 ], [ 76.143124282991863, 12.15688982384313 ], [ 76.150700145586868, 12.143151865912474 ], [ 76.161065981970225, 12.134362575382024 ], [ 76.166552876488424, 12.122951929534235 ], [ 76.170893089937934, 12.118035964214704 ], [ 76.171780059306911, 12.108253477248038 ], [ 76.176458698646826, 12.099602783224432 ], [ 76.175099678401992, 12.081727343909449 ], [ 76.178294950713592, 12.069829566608306 ], [ 76.188959047251501, 12.050384569426074 ], [ 76.183781679954805, 12.035861675846245 ], [ 76.177279154908561, 12.029420496531595 ], [ 76.158047939177621, 12.022122470781314 ], [ 76.148104593695138, 12.015230500585465 ], [ 76.145038309853064, 12.006825490151517 ], [ 76.136972244468723, 11.998699016548754 ], [ 76.134836611669044, 11.993021899934746 ], [ 76.122235386913943, 11.979368064420388 ], [ 76.115190254319671, 11.979171079825614 ], [ 76.109939559540678, 11.976906954651145 ], [ 76.110040936952359, 11.974683909700897 ], [ 76.091202940473224, 11.968484203763849 ], [ 76.084533870948121, 11.97743184865876 ], [ 76.075401298264921, 11.983285811597987 ], [ 76.067208465310131, 11.984132058372172 ], [ 76.066905774932337, 11.992219829337905 ], [ 76.064694885359401, 11.986359958249793 ], [ 76.067539671196968, 11.981950231204566 ], [ 76.063096618374189, 11.978440677530401 ], [ 76.062752085718287, 11.960900969148575 ], [ 76.061479770515675, 11.959630971108288 ], [ 76.052164798735703, 11.951893293243648 ], [ 76.045993475261582, 11.95115880800927 ], [ 76.042864066813621, 11.946380167110249 ], [ 76.039586634437825, 11.945520486055109 ], [ 76.033132105406807, 11.940302430085037 ], [ 76.02403313251817, 11.943682680221164 ], [ 76.015100475901562, 11.940989075459139 ], [ 76.013062103557246, 11.941819405162422 ], [ 76.00644030141153, 11.937309349247077 ], [ 76.003423967835445, 11.930994017015378 ], [ 75.994207767973847, 11.931713801272416 ], [ 75.990220106946055, 11.93008095166225 ], [ 75.986389501319024, 11.932930236786417 ], [ 75.983659203017197, 11.931723618356733 ], [ 75.980454532239392, 11.933197863465232 ], [ 75.976061740926752, 11.932796710868569 ], [ 75.956574376809399, 11.940688736687896 ], [ 75.955002024723925, 11.93916596994619 ], [ 75.955146992271864, 11.942362684429392 ], [ 75.9516956709993, 11.941067808384226 ], [ 75.937490882586431, 11.94247186608701 ], [ 75.936695817444374, 11.940758746251964 ], [ 75.930688376023326, 11.939917402817402 ], [ 75.927396469503108, 11.943526000767639 ], [ 75.913692919666602, 11.947140344130656 ], [ 75.896972505012357, 11.945794889506839 ], [ 75.886041066076046, 11.952024744076278 ], [ 75.880195941308401, 11.949958842090233 ], [ 75.872447644922715, 11.953453046358556 ], [ 75.870389576399475, 11.952801590628802 ], [ 75.867273309071749, 11.956899547425834 ], [ 75.858683319187193, 11.959718940968287 ], [ 75.854464385725649, 11.964442945190905 ], [ 75.853097166928407, 11.972068320832324 ], [ 75.850974158884753, 11.972904984219372 ], [ 75.853435764809319, 11.977999764469228 ], [ 75.850888194728071, 11.979035146345659 ], [ 75.851487192855231, 11.981645084708855 ], [ 75.849760065757309, 11.984450003246472 ], [ 75.8445108154298, 11.984632244360117 ], [ 75.842610558156395, 11.986332219782321 ], [ 75.840614878949609, 11.984997292377441 ], [ 75.831366272499622, 11.992012991253652 ], [ 75.82803858324813, 11.998641728534073 ], [ 75.824789811716371, 12.012662848313532 ], [ 75.816321060370228, 12.018052865418735 ], [ 75.814011159394212, 12.022086612494279 ], [ 75.809813435051765, 12.023818752515156 ], [ 75.812029338607843, 12.028444960766626 ], [ 75.801635912365001, 12.036164313413478 ], [ 75.801152979823939, 12.04337541980294 ], [ 75.79880133327552, 12.049356405801001 ], [ 75.799327717345165, 12.052850178272072 ], [ 75.79466024992179, 12.056652511549586 ], [ 75.798815639680939, 12.056960042705766 ], [ 75.798088225857825, 12.06362126535708 ], [ 75.801141633364736, 12.069588145042582 ], [ 75.801054258143637, 12.074288808498242 ], [ 75.803427233767849, 12.075866294470643 ], [ 75.79999976009853, 12.079577913407446 ], [ 75.795587326626645, 12.082438423512597 ], [ 75.790187450785339, 12.082599636427645 ], [ 75.785181890797659, 12.084865400933595 ], [ 75.780301716698133, 12.083263909942451 ], [ 75.753566023948807, 12.084852279009915 ], [ 75.749326548876383, 12.082919581088778 ], [ 75.747109104048661, 12.078500310610082 ], [ 75.743440373051442, 12.080448648433656 ], [ 75.736190561576777, 12.079287863879038 ], [ 75.727685465860148, 12.072804046876238 ], [ 75.724875945564364, 12.073335846988426 ], [ 75.715188434842958, 12.070558804214354 ], [ 75.715522245367012, 12.081871487936782 ], [ 75.717815359615017, 12.082755156629512 ], [ 75.717977139164375, 12.085925321499792 ], [ 75.713445289218953, 12.090607539568103 ], [ 75.702229755040378, 12.09249776254657 ], [ 75.703184113016391, 12.108266941356602 ], [ 75.695190060384434, 12.110717307318495 ], [ 75.687789508842286, 12.110612539857925 ], [ 75.676616085670815, 12.098390491725242 ], [ 75.667532730934965, 12.09766756871203 ], [ 75.661004703223981, 12.100061426485341 ], [ 75.653091227184277, 12.10786711129569 ], [ 75.652643815838218, 12.110230589266054 ], [ 75.648957514073643, 12.109667276873534 ], [ 75.648751086993173, 12.11313680051363 ], [ 75.646569928422252, 12.115603782627016 ], [ 75.647501540331589, 12.12204346079732 ], [ 75.644045622063473, 12.12588678158234 ], [ 75.644140254368949, 12.134437639458586 ], [ 75.640389902709913, 12.140183314017552 ], [ 75.638143420497912, 12.140941180248047 ], [ 75.639318968251729, 12.144224711321131 ], [ 75.636267237607029, 12.149272295464142 ], [ 75.631367088805504, 12.148878999592082 ], [ 75.618712370082164, 12.156752214877967 ], [ 75.610834778299548, 12.152848535977071 ], [ 75.606598601320755, 12.15575269337055 ], [ 75.601255460628266, 12.153838242693567 ], [ 75.595830220657589, 12.154493149451509 ], [ 75.592505292070456, 12.147962317256139 ], [ 75.59033944363415, 12.152793570512852 ], [ 75.58407198530665, 12.156832076373814 ], [ 75.583086141220292, 12.159422675835172 ], [ 75.577277056457021, 12.157974436829546 ], [ 75.569011241718627, 12.175101161029499 ], [ 75.559134365331502, 12.177832868931922 ], [ 75.556123782307665, 12.180260964872003 ], [ 75.55083940301509, 12.186623625696155 ], [ 75.547032067783277, 12.197728552378825 ], [ 75.544750029346716, 12.199169685474251 ], [ 75.541081537262627, 12.198305716069068 ], [ 75.539102876093253, 12.202966929747836 ], [ 75.535617977455644, 12.202198124202386 ], [ 75.533223700173821, 12.203902769644909 ], [ 75.533080977451178, 12.201714058170104 ], [ 75.53170438905471, 12.202446427132788 ], [ 75.531243426139156, 12.205786018268363 ], [ 75.535123959790681, 12.20608724655235 ], [ 75.538915212234258, 12.215195913170618 ], [ 75.536062063081104, 12.218208128545916 ], [ 75.526595200318198, 12.222542865271132 ], [ 75.523740673615904, 12.227619569889963 ], [ 75.524301914575091, 12.229870014901923 ], [ 75.517087279799938, 12.235193260165627 ], [ 75.518660635408907, 12.237634415377132 ], [ 75.518376830218841, 12.242114945836489 ], [ 75.516186548410303, 12.244330164778802 ], [ 75.516432035024707, 12.246763905647759 ], [ 75.510503455084958, 12.251042570874532 ], [ 75.509833509428518, 12.257892743048791 ], [ 75.511846062136271, 12.257934489159913 ], [ 75.51173017197155, 12.260662666872175 ], [ 75.505691992835949, 12.265443987184442 ], [ 75.50534673732605, 12.271545185825987 ], [ 75.494170961326375, 12.27298077711321 ], [ 75.488723852489287, 12.282896228767937 ], [ 75.50129148108492, 12.298459342293517 ], [ 75.498485819336295, 12.297741104367702 ], [ 75.495527453413658, 12.30054507672833 ], [ 75.488483084636968, 12.302891216053881 ], [ 75.481767240205642, 12.298016854896456 ], [ 75.473584215471917, 12.299486198006663 ], [ 75.457057844619939, 12.299167358730992 ], [ 75.451026735169805, 12.294046225993213 ], [ 75.445120207784555, 12.292472557692339 ], [ 75.450666188718969, 12.298322697090105 ], [ 75.454554117705328, 12.300135455836328 ], [ 75.453619760128376, 12.301692747530739 ], [ 75.45735387482982, 12.303547352447563 ], [ 75.456346628527967, 12.305102017658179 ], [ 75.460026220781089, 12.306501087538905 ], [ 75.458066392137098, 12.30886683176114 ], [ 75.456634371104911, 12.32024075873454 ], [ 75.449970660825798, 12.321491333255077 ], [ 75.444611511863926, 12.320617248967949 ], [ 75.442041074634545, 12.316792112560611 ], [ 75.438963482203718, 12.315955140084183 ], [ 75.435109358405683, 12.312167395272397 ], [ 75.428262493067436, 12.31120891588335 ], [ 75.42048442662437, 12.319506603053487 ], [ 75.418855167953524, 12.329488008011575 ], [ 75.416361463276743, 12.330526114513253 ], [ 75.416471680244996, 12.341777753634283 ], [ 75.412134153458368, 12.349505601796908 ], [ 75.423447079630392, 12.360423964833803 ], [ 75.423590925110574, 12.374181253409983 ], [ 75.413257442395476, 12.380824686326706 ], [ 75.406287799077589, 12.379668654517955 ], [ 75.403175399095005, 12.381635231078539 ], [ 75.399256690979712, 12.381593163614555 ], [ 75.396601100904405, 12.379874367612672 ], [ 75.390433456461054, 12.389645171375717 ], [ 75.387490809064133, 12.391348142982785 ], [ 75.384909475109751, 12.39049047094586 ], [ 75.381577967823034, 12.392628667413028 ], [ 75.379216145022369, 12.392077606447574 ], [ 75.378739526073304, 12.399136494328234 ], [ 75.373996469552637, 12.401559614756799 ], [ 75.373554822745746, 12.409350585849053 ], [ 75.368500806071197, 12.415841492511834 ], [ 75.369348330270782, 12.431481383659669 ], [ 75.371669135594743, 12.438969761134453 ], [ 75.369395976752074, 12.441225136134893 ], [ 75.371021751704561, 12.449438934216959 ], [ 75.367444886827457, 12.454341841528077 ], [ 75.366398128664741, 12.459674916098534 ], [ 75.371873988812212, 12.457529801928503 ], [ 75.375028742551834, 12.459211563730694 ], [ 75.382277122830203, 12.456022931993459 ], [ 75.383373401016058, 12.458368704169951 ], [ 75.385674937852713, 12.457638050328638 ], [ 75.387737309755792, 12.458971978718075 ], [ 75.392549051206132, 12.456046689851384 ], [ 75.392948804220453, 12.452827524964066 ], [ 75.396713532506396, 12.452329596440256 ], [ 75.399001625083244, 12.455575324048942 ], [ 75.412814971297365, 12.457664306234419 ], [ 75.415111133241339, 12.464540404754333 ], [ 75.426696478339977, 12.467684341571671 ], [ 75.425389872984653, 12.472665218185142 ], [ 75.423796361464127, 12.473519031921974 ], [ 75.424401788327089, 12.475563763038055 ], [ 75.419192503386682, 12.480629972462324 ], [ 75.420072312537272, 12.48863711808918 ], [ 75.416681889627739, 12.492665410733702 ], [ 75.41667027712721, 12.495665024071073 ], [ 75.418159977665056, 12.495524991550717 ], [ 75.415258002979641, 12.499962866209412 ], [ 75.416571947194257, 12.502631748815967 ], [ 75.415085359095087, 12.504669219724853 ], [ 75.420148738047473, 12.509638329231141 ], [ 75.417829630684366, 12.510236621376952 ], [ 75.418129729628291, 12.514547082341956 ], [ 75.421352999740549, 12.513632655144297 ], [ 75.424951292536633, 12.515955578441812 ], [ 75.430095960367169, 12.513749564630421 ], [ 75.433573143520917, 12.516479488387462 ], [ 75.43042511858566, 12.519682978254492 ], [ 75.433206106251788, 12.522253841878538 ], [ 75.435530200530849, 12.52890088993607 ], [ 75.441072194524892, 12.526806199579802 ], [ 75.442118332140609, 12.521899675968303 ], [ 75.446159995307738, 12.520697594539108 ], [ 75.44584225114869, 12.518025798092989 ], [ 75.450105117816918, 12.519505044841024 ], [ 75.452327586100353, 12.515060105745318 ], [ 75.455416993517687, 12.513715973906596 ], [ 75.456085803633641, 12.516575524170619 ], [ 75.458198094952905, 12.516273683747096 ], [ 75.4622822077352, 12.504916994366974 ], [ 75.472608222334131, 12.500549722441392 ], [ 75.468964344150578, 12.493091763257185 ], [ 75.463932712370763, 12.491531128966518 ], [ 75.461789508221642, 12.489206327557421 ], [ 75.463633386825123, 12.486535974290572 ], [ 75.461626472446653, 12.485208945445029 ], [ 75.461725441821699, 12.47970530603112 ], [ 75.45905508436492, 12.478390119879414 ], [ 75.459647329093755, 12.473898229686434 ], [ 75.462656920514803, 12.4705154738747 ], [ 75.472661364023281, 12.465388763861164 ], [ 75.474103494881774, 12.461200545866811 ], [ 75.480078356258673, 12.468303428512638 ], [ 75.481373361408714, 12.468017665280968 ], [ 75.480437368635592, 12.465459275677189 ], [ 75.484930310573802, 12.461569687500919 ], [ 75.489773038600958, 12.459890193377536 ], [ 75.492695091524965, 12.461197645146985 ], [ 75.491366429984666, 12.464515123169043 ], [ 75.489061680356087, 12.465157419508007 ], [ 75.491994227384112, 12.467692907018723 ], [ 75.490187845523707, 12.471501922898401 ], [ 75.491459557951586, 12.474495110743792 ], [ 75.495918885170042, 12.479375452288391 ], [ 75.494533731830657, 12.483981534928576 ], [ 75.50278047127253, 12.487945912839612 ], [ 75.50641310283126, 12.48688813666924 ], [ 75.513197631193492, 12.489672191660064 ], [ 75.518076105663738, 12.489962383947111 ], [ 75.519269589506152, 12.488231085183836 ], [ 75.525094172003548, 12.489760837734767 ], [ 75.527724654774104, 12.497125641822382 ], [ 75.530295910661764, 12.498822542490716 ], [ 75.53245250795365, 12.498220565686662 ], [ 75.534793806665391, 12.494430024780105 ], [ 75.549201809633558, 12.49091200164999 ], [ 75.55242369471614, 12.491688544839725 ], [ 75.565959030667543, 12.48396837311507 ], [ 75.565634329759789, 12.49213972865309 ], [ 75.553094441965357, 12.497568321477571 ], [ 75.563399589811723, 12.510455129778892 ], [ 75.570149473426241, 12.511377961287646 ], [ 75.577719138503738, 12.518790339977844 ], [ 75.580699965749162, 12.519289181557983 ], [ 75.580198353329266, 12.522633773030885 ], [ 75.582832097607891, 12.527450648596389 ], [ 75.591912523417079, 12.536319910777333 ], [ 75.595026685244747, 12.533861681759795 ], [ 75.597418421973728, 12.524780002876881 ], [ 75.605728758553383, 12.51925256662904 ], [ 75.605823172048702, 12.510589715768027 ], [ 75.615510877918879, 12.509347272628023 ], [ 75.623400606235307, 12.515115103075429 ], [ 75.627659829692888, 12.521656884075083 ], [ 75.628301004840836, 12.518980938511332 ], [ 75.63245880603526, 12.520957945479877 ], [ 75.633554925975702, 12.527655852824751 ], [ 75.636267673096413, 12.528980055700837 ], [ 75.641455390271389, 12.537498819185192 ], [ 75.651839860703134, 12.540591148029906 ], [ 75.653473644710218, 12.539718021554418 ], [ 75.662263092041115, 12.545763342096524 ], [ 75.666461351837526, 12.546559575289267 ], [ 75.67057540830065, 12.550256559864641 ], [ 75.670642914146356, 12.554564347579054 ], [ 75.668480360833115, 12.565458506980264 ], [ 75.663123150695768, 12.569857257563381 ], [ 75.667638495620494, 12.572176959547026 ], [ 75.66751796374767, 12.574134032376893 ], [ 75.665432313922949, 12.57604644735572 ], [ 75.663230906220761, 12.57546127437473 ], [ 75.660657953489078, 12.580231036969765 ], [ 75.663650930762614, 12.585153652517164 ], [ 75.662721920688526, 12.590553911992732 ], [ 75.660269083381195, 12.594227495102611 ], [ 75.660950116484585, 12.599253384711583 ], [ 75.656218381611055, 12.60331174826973 ], [ 75.654148829754604, 12.610324754705269 ], [ 75.65244861523847, 12.611622673700131 ], [ 75.654351602387322, 12.614830777821034 ], [ 75.652486101414709, 12.622002544584527 ], [ 75.642301760803932, 12.627403886076941 ], [ 75.641443302336938, 12.631629951944902 ], [ 75.645171619509384, 12.642088341948041 ], [ 75.641365057068313, 12.648247345643451 ], [ 75.644196951063265, 12.648102244368793 ], [ 75.64806872156187, 12.666408882045452 ], [ 75.657326784819134, 12.684384264320112 ] ] ] } },
{ "type": "Feature", "properties": { "DISTRICT": "Kolar" }, "geometry": { "type": "Polygon", "coordinates": [ [ [ 77.86745249834631, 12.868325911816536 ], [ 77.86537268060458, 12.877156486679977 ], [ 77.853039545586427, 12.876723811991006 ], [ 77.853951628591005, 12.884308263193381 ], [ 77.852182040620491, 12.885557379089187 ], [ 77.853117833283974, 12.88912227989224 ], [ 77.85104299727881, 12.891549244942659 ], [ 77.859398885565469, 12.905695297548256 ], [ 77.860434308231362, 12.915775464635963 ], [ 77.845438880320089, 12.916461967339856 ], [ 77.842198913573867, 12.91425198636427 ], [ 77.840860600618427, 12.92537318889595 ], [ 77.847822596527735, 12.926173869599909 ], [ 77.850835938610743, 12.931265726033027 ], [ 77.857613432239759, 12.935354592173868 ], [ 77.867533203575121, 12.93377456177782 ], [ 77.872172549585258, 12.940958828182895 ], [ 77.873598688259719, 12.94560030246228 ], [ 77.869889737883753, 12.947065336183993 ], [ 77.867012536624756, 12.950525714423193 ], [ 77.871417842918106, 12.960668460197549 ], [ 77.864860470013937, 12.965749831561164 ], [ 77.865861578878707, 12.96869017872919 ], [ 77.864491178275543, 12.973225723534219 ], [ 77.871362668162547, 12.973698750746525 ], [ 77.870443647595536, 12.985762325412423 ], [ 77.872496508712999, 12.994987338123362 ], [ 77.878929337121974, 13.005998078797759 ], [ 77.886294613475869, 13.009864062485272 ], [ 77.887399174552911, 13.018922619014285 ], [ 77.890575574148201, 13.023499957466738 ], [ 77.893699852449458, 13.035059536587081 ], [ 77.88764306751402, 13.037169811762382 ], [ 77.88913855031565, 13.045247102326895 ], [ 77.89487324798084, 13.045911414236352 ], [ 77.889938864819271, 13.049626211857607 ], [ 77.892359469265671, 13.054736184380127 ], [ 77.898270485347197, 13.053864382137599 ], [ 77.900803283147383, 13.051095667392579 ], [ 77.914857506410584, 13.049400987429067 ], [ 77.918742048740839, 13.051089743838611 ], [ 77.921925622530679, 13.060259725752616 ], [ 77.927635185484547, 13.068748001477404 ], [ 77.93810384494509, 13.066730560305526 ], [ 77.941597015718628, 13.069115096085225 ], [ 77.941493094723441, 13.077757652449398 ], [ 77.93927781878881, 13.083929445100331 ], [ 77.938431560031063, 13.078396358161262 ], [ 77.931606770786885, 13.074158848924201 ], [ 77.926218202049867, 13.075018375593475 ], [ 77.926925126275918, 13.081979736015178 ], [ 77.917996849005192, 13.078486994498983 ], [ 77.91200038000818, 13.078448750016339 ], [ 77.91517680295938, 13.085560514606264 ], [ 77.911737766861876, 13.0942782627392 ], [ 77.905638674906612, 13.096424084715691 ], [ 77.902160693639772, 13.099128506673932 ], [ 77.901230259726489, 13.101961903335594 ], [ 77.908202540460039, 13.108065192211019 ], [ 77.913484959591344, 13.10988689114521 ], [ 77.915124030907194, 13.11744286112916 ], [ 77.923788511720943, 13.116648569988127 ], [ 77.92588804127962, 13.110194992487484 ], [ 77.933544395921373, 13.108252002845084 ], [ 77.939416167049728, 13.109412300218597 ], [ 77.935896486936826, 13.114124308561601 ], [ 77.937948386280567, 13.125866573677813 ], [ 77.946326530211039, 13.123415536053304 ], [ 77.948316695474361, 13.127079999770217 ], [ 77.955400855040253, 13.125633153859392 ], [ 77.957864080289909, 13.130372422831684 ], [ 77.954637264639274, 13.142287834695052 ], [ 77.960553868950342, 13.151491291433688 ], [ 77.957452442524726, 13.152882481142498 ], [ 77.958900498255446, 13.158185324730688 ], [ 77.952811501168867, 13.160335126148652 ], [ 77.955291802048933, 13.164415259271763 ], [ 77.954510210561509, 13.171627905639497 ], [ 77.955697142711756, 13.176334015268907 ], [ 77.958681194367969, 13.18283846376216 ], [ 77.961131361302847, 13.182856344209281 ], [ 77.963560102837988, 13.192175413456917 ], [ 77.960798154423529, 13.195812177357794 ], [ 77.961336763187219, 13.199475933120462 ], [ 77.956215133116103, 13.200729678449184 ], [ 77.956297745525006, 13.203891911033619 ], [ 77.954275259554507, 13.205191263587341 ], [ 77.957727187478767, 13.218419372339808 ], [ 77.954204235592726, 13.217364829956797 ], [ 77.952044041483674, 13.218459324399468 ], [ 77.951999734196889, 13.214354585869847 ], [ 77.949495106782052, 13.213862011863597 ], [ 77.946668406178006, 13.214318943075259 ], [ 77.946287419082907, 13.218697109602116 ], [ 77.949273766926922, 13.219775396785719 ], [ 77.951119213064302, 13.223305182314107 ], [ 77.954196107670128, 13.222355053637735 ], [ 77.955978270566661, 13.227894395558993 ], [ 77.964196308934262, 13.232182364196028 ], [ 77.965576891449487, 13.244435210453016 ], [ 77.956235858208956, 13.249072283802038 ], [ 77.948068580334805, 13.250504659760569 ], [ 77.945512921159576, 13.243792716444116 ], [ 77.935432149258688, 13.245825748366807 ], [ 77.935206094744657, 13.250065359487897 ], [ 77.938236536324894, 13.251011822768076 ], [ 77.942299718088933, 13.259015129481318 ], [ 77.937217280843157, 13.264490417021692 ], [ 77.938317654902519, 13.267780177793178 ], [ 77.941981347503315, 13.267317362280949 ], [ 77.945473938061326, 13.271690908841773 ], [ 77.947085178060107, 13.269464465570588 ], [ 77.959421861604454, 13.269516938696812 ], [ 77.959188502259167, 13.275937768415599 ], [ 77.95718149968863, 13.276746565275388 ], [ 77.957571234505821, 13.281555487350824 ], [ 77.960927710712397, 13.284436677926736 ], [ 77.967411245558978, 13.28249540044802 ], [ 77.979455364580289, 13.286985341479497 ], [ 77.984168558165848, 13.286169812533894 ], [ 77.985239123321833, 13.300566094681168 ], [ 77.987962663268263, 13.300506611968038 ], [ 77.989192804685445, 13.304558275355481 ], [ 77.994625594848756, 13.305388757978655 ], [ 78.000947916409444, 13.305555088640221 ], [ 78.011849337625506, 13.300894003874024 ], [ 78.011373732206778, 13.290976448811678 ], [ 78.014717316024999, 13.289870675377124 ], [ 78.013727806820569, 13.285349681165028 ], [ 78.015084125689143, 13.282990950975003 ], [ 78.030599885135686, 13.284042875398885 ], [ 78.035727365288324, 13.280967206051399 ], [ 78.046987423292762, 13.279036092621613 ], [ 78.051824953087234, 13.293498822169235 ], [ 78.053728656035602, 13.294561634678578 ], [ 78.05863306490977, 13.293344168529787 ], [ 78.060190134262442, 13.301013559575004 ], [ 78.070878962066345, 13.300329124186304 ], [ 78.075081003581687, 13.302062788708851 ], [ 78.077872157586981, 13.300934025333573 ], [ 78.079589253242816, 13.302721909336572 ], [ 78.086763131984739, 13.302063626668748 ], [ 78.089597834675459, 13.303718985873997 ], [ 78.089881703512077, 13.308478316994606 ], [ 78.091842431863498, 13.31116691920383 ], [ 78.092046110487175, 13.309188403585757 ], [ 78.097387115014754, 13.308907016698077 ], [ 78.102540772971963, 13.303713824444348 ], [ 78.108402653661045, 13.303568888061635 ], [ 78.114913391047025, 13.300390449110218 ], [ 78.118797006247931, 13.297950800487058 ], [ 78.12255081156006, 13.291945871425304 ], [ 78.126043237395862, 13.291976280471484 ], [ 78.133520887817085, 13.287200851391221 ], [ 78.136611848071084, 13.299818430221476 ], [ 78.135099385156323, 13.300657397210465 ], [ 78.135802162128243, 13.305105537697655 ], [ 78.123167934570347, 13.308642277739253 ], [ 78.120436119254492, 13.315596821639932 ], [ 78.114207622210245, 13.317588799975605 ], [ 78.109645187999945, 13.323443325045771 ], [ 78.132532638167845, 13.328934657255397 ], [ 78.133935136606325, 13.332616577273885 ], [ 78.1351665586905, 13.332131386037382 ], [ 78.131221086000366, 13.340911376152032 ], [ 78.131403964588046, 13.35277176948702 ], [ 78.150249341863955, 13.350454374706008 ], [ 78.149794036727357, 13.358845683020668 ], [ 78.148720404611808, 13.361367154019351 ], [ 78.145233476918335, 13.361607097322556 ], [ 78.148754163239133, 13.367215212497975 ], [ 78.146736814051408, 13.373799504049423 ], [ 78.143699043965412, 13.377138744177476 ], [ 78.128987173535364, 13.37334123108262 ], [ 78.128002717971142, 13.374725580602858 ], [ 78.121985417822899, 13.375648808163852 ], [ 78.122320668876682, 13.378829387750589 ], [ 78.124434723914192, 13.385734104608886 ], [ 78.128421970041316, 13.386366445397258 ], [ 78.133698196378106, 13.396406071175953 ], [ 78.136164563048766, 13.405611464511495 ], [ 78.147037545939966, 13.409136969714185 ], [ 78.152222205005614, 13.408758767649093 ], [ 78.159947904760941, 13.414933831711799 ], [ 78.168633888287332, 13.413576030262487 ], [ 78.18149458185475, 13.420177548540353 ], [ 78.183112636069978, 13.434050329687928 ], [ 78.186987452712273, 13.433716687872328 ], [ 78.185127276132604, 13.434574331169017 ], [ 78.18747225310041, 13.434384328901782 ], [ 78.192615283781578, 13.438838534559956 ], [ 78.194359676830288, 13.44217923034285 ], [ 78.193517358657076, 13.448176524476725 ], [ 78.200888153146892, 13.449850678988193 ], [ 78.205636945430726, 13.458110362090622 ], [ 78.205589421732483, 13.464672323470035 ], [ 78.210063518969207, 13.47125368544377 ], [ 78.207514209105383, 13.478077417974074 ], [ 78.200404113003344, 13.482474233051013 ], [ 78.199846273608316, 13.508542557398901 ], [ 78.197996968217552, 13.512612272768569 ], [ 78.188282973308205, 13.513163299709989 ], [ 78.190905308355482, 13.521162456157477 ], [ 78.197524059935503, 13.520544498224547 ], [ 78.203293700366757, 13.523195011628408 ], [ 78.20455111062266, 13.527718821603635 ], [ 78.201416647889602, 13.532745001534252 ], [ 78.201458367663065, 13.540995918220638 ], [ 78.198504743447998, 13.54492780836652 ], [ 78.194435646833497, 13.546122422496808 ], [ 78.193970919021055, 13.548248517600545 ], [ 78.198224633472449, 13.554747651160202 ], [ 78.201261014915104, 13.563492870819672 ], [ 78.194037011382875, 13.564129956936076 ], [ 78.203394840619794, 13.568375146728325 ], [ 78.207753311092517, 13.576386215932409 ], [ 78.211833144544855, 13.578835333252998 ], [ 78.216123928794403, 13.591055113989503 ], [ 78.219589480377735, 13.592598506882622 ], [ 78.221621961777586, 13.589427190958444 ], [ 78.232066556897479, 13.58589256115406 ], [ 78.23375519280772, 13.59150019321614 ], [ 78.233228389564658, 13.595341410432102 ], [ 78.231511569363434, 13.596574798083667 ], [ 78.233908462589199, 13.599450181793072 ], [ 78.2387787079562, 13.597520938895689 ], [ 78.240160009056183, 13.598314459736121 ], [ 78.257062669629747, 13.589110375454508 ], [ 78.257938134976712, 13.584698396400976 ], [ 78.2595420076984, 13.584572993858286 ], [ 78.270513341031602, 13.588304549907287 ], [ 78.297133302303294, 13.590400357304071 ], [ 78.310588289814959, 13.593225534713019 ], [ 78.315500490612038, 13.591868747342474 ], [ 78.323590330038556, 13.593381495363248 ], [ 78.347644158836204, 13.589108656656041 ], [ 78.34942045828177, 13.585793568011228 ], [ 78.352335539148314, 13.585227830848554 ], [ 78.356253123129335, 13.587955812920214 ], [ 78.365009133228284, 13.588191845401594 ], [ 78.365266115105428, 13.589522407607591 ], [ 78.379888305391546, 13.592149669316347 ], [ 78.391591508538639, 13.591479756735756 ], [ 78.395493285498731, 13.588495670707399 ], [ 78.401749807799447, 13.588145496293278 ], [ 78.401587749997148, 13.578042575934894 ], [ 78.404172383450273, 13.577839653638074 ], [ 78.401842497953396, 13.568417076849613 ], [ 78.393323658244157, 13.551974176269013 ], [ 78.395143996508011, 13.540749658403712 ], [ 78.384127420498118, 13.525077514358113 ], [ 78.381600303093308, 13.525087148741768 ], [ 78.383456721437682, 13.516053672865143 ], [ 78.373225104944083, 13.508941749989381 ], [ 78.378155599187949, 13.501885589140883 ], [ 78.378423982573338, 13.484881344106183 ], [ 78.374626162936153, 13.484488051025599 ], [ 78.37770470076417, 13.480192741360158 ], [ 78.370674662904889, 13.470538417875829 ], [ 78.372079311699707, 13.463867466449177 ], [ 78.374971829072535, 13.462159028735947 ], [ 78.373358453681931, 13.451798630309108 ], [ 78.375767433278668, 13.444448770026362 ], [ 78.37901288785487, 13.442834718410314 ], [ 78.378723985204587, 13.440710880386057 ], [ 78.375754251052285, 13.441073460602897 ], [ 78.375909315476648, 13.434547576477536 ], [ 78.378418566231787, 13.430973629767962 ], [ 78.37728448127703, 13.424784964689852 ], [ 78.380135686304413, 13.419314416229575 ], [ 78.379023384281581, 13.415847422722209 ], [ 78.38028739097372, 13.411220683678701 ], [ 78.382029843784082, 13.409855184055049 ], [ 78.380809469301454, 13.398924516202138 ], [ 78.382013248450221, 13.396661551498541 ], [ 78.379291081263162, 13.38373487032908 ], [ 78.373292998158547, 13.37906233705602 ], [ 78.369183343353924, 13.372300323468659 ], [ 78.365815314840276, 13.360759809859427 ], [ 78.366020540194611, 13.358377437442549 ], [ 78.369497088625025, 13.357547563330778 ], [ 78.371188893129386, 13.36182155971126 ], [ 78.380032037869725, 13.362372912640186 ], [ 78.395456713824956, 13.353118383701847 ], [ 78.394125027567341, 13.349941179855598 ], [ 78.39522162691479, 13.351553835017114 ], [ 78.408121645028032, 13.346187180187158 ], [ 78.408888378927159, 13.342706845862535 ], [ 78.407356032375048, 13.335113649137954 ], [ 78.403582049440985, 13.335397752293321 ], [ 78.400865822704958, 13.331845388640541 ], [ 78.400809006082966, 13.327672431250171 ], [ 78.393805575804492, 13.333849023397361 ], [ 78.384886428228683, 13.334456663891412 ], [ 78.389197998600764, 13.3391686262982 ], [ 78.388482813550212, 13.342151372091834 ], [ 78.386437387009664, 13.34271029882651 ], [ 78.383482840182296, 13.34244494989802 ], [ 78.380061973822293, 13.33917506900907 ], [ 78.377743249823183, 13.331569417472775 ], [ 78.38807193497307, 13.332230485601519 ], [ 78.393503991710631, 13.323689209286282 ], [ 78.399629851734019, 13.320140398267617 ], [ 78.401354778716055, 13.315389304516597 ], [ 78.417022816322145, 13.319351783516886 ], [ 78.419187030688761, 13.320635894816544 ], [ 78.422337456102568, 13.328341929353801 ], [ 78.428275036486369, 13.330953382183209 ], [ 78.43623928078415, 13.329997378297815 ], [ 78.440951938627521, 13.328287646533065 ], [ 78.440771922421192, 13.321829188738024 ], [ 78.444171533366529, 13.30809062561727 ], [ 78.450695677351405, 13.308736808191458 ], [ 78.457786516347198, 13.313060549017985 ], [ 78.466683395300819, 13.314875532350557 ], [ 78.470275075561034, 13.319072933658621 ], [ 78.476704710612267, 13.322282467754329 ], [ 78.484451135731788, 13.320262594281147 ], [ 78.484528324602863, 13.313981038524478 ], [ 78.481330624866189, 13.309269546192573 ], [ 78.480046758071254, 13.30122033801846 ], [ 78.496651935226268, 13.298394135181622 ], [ 78.49890962965047, 13.299647518086088 ], [ 78.504325233008032, 13.291719174916578 ], [ 78.513889989336022, 13.290745228849611 ], [ 78.513293237212267, 13.285400561203595 ], [ 78.519800375111132, 13.283139273649322 ], [ 78.521435730689987, 13.273722043542776 ], [ 78.52649237831865, 13.27138910421259 ], [ 78.526772092501844, 13.268334162033195 ], [ 78.531645221472999, 13.266467687329509 ], [ 78.536902949333438, 13.274206237189132 ], [ 78.539193620279505, 13.288033236168886 ], [ 78.546302311197238, 13.28788783646908 ], [ 78.554684356471569, 13.283063368213721 ], [ 78.56189434870312, 13.288940224339575 ], [ 78.56493523051391, 13.296048306073018 ], [ 78.56558247629772, 13.301998180734033 ], [ 78.563515800911588, 13.309385987136354 ], [ 78.565428920479448, 13.311966860071509 ], [ 78.569246472118664, 13.309273025169389 ], [ 78.573658823889687, 13.299252251975489 ], [ 78.577414027991068, 13.295150851910536 ], [ 78.576278456708181, 13.284910723024472 ], [ 78.578621045058071, 13.280253293158026 ], [ 78.586825096603221, 13.280109884774715 ], [ 78.587738429580284, 13.272417327475036 ], [ 78.584133431966109, 13.258812089558038 ], [ 78.579328509538016, 13.252814433166378 ], [ 78.570587381864186, 13.247289977500369 ], [ 78.571470498619121, 13.241722149536699 ], [ 78.568609853445821, 13.237431951497102 ], [ 78.566444965154119, 13.224172911488715 ], [ 78.566410138886823, 13.220185219762726 ], [ 78.57776965589774, 13.218390484084509 ], [ 78.577153383287055, 13.216449311495641 ], [ 78.579373208199229, 13.217023212893903 ], [ 78.579248723670815, 13.213171974291841 ], [ 78.575290897094433, 13.211063695427605 ], [ 78.570837978089983, 13.212443435443147 ], [ 78.567995046635531, 13.201162507693796 ], [ 78.559437666537704, 13.198723873952623 ], [ 78.551025818188194, 13.200407283170787 ], [ 78.549659218183521, 13.192722649573536 ], [ 78.550212032443923, 13.190641628994674 ], [ 78.555304238676896, 13.188853939835488 ], [ 78.566976507257948, 13.191594322293401 ], [ 78.566914611430519, 13.192940867558969 ], [ 78.571991747844848, 13.190392575705106 ], [ 78.575859234195889, 13.186550001725303 ], [ 78.576152144953255, 13.17449185250004 ], [ 78.57658924795102, 13.172314845777628 ], [ 78.578918611907866, 13.17104751678843 ], [ 78.579633603981875, 13.167076277308929 ], [ 78.575668280582562, 13.166696315883597 ], [ 78.572958456005466, 13.168386970436131 ], [ 78.568649682995073, 13.165428456851291 ], [ 78.568214293912746, 13.161887478367516 ], [ 78.549697384985024, 13.163923483328325 ], [ 78.540586552272856, 13.153472296930866 ], [ 78.547399992528526, 13.148858968476519 ], [ 78.545034089122112, 13.141831389924944 ], [ 78.530905895409191, 13.141761699105608 ], [ 78.527754473317614, 13.139221077463157 ], [ 78.523691944653763, 13.130547803335558 ], [ 78.517840740483805, 13.131624157285469 ], [ 78.517078589194782, 13.128413903167983 ], [ 78.51962004907557, 13.119732143667019 ], [ 78.52376390424088, 13.118410049390238 ], [ 78.522987991435642, 13.114988548406535 ], [ 78.530683298036635, 13.111539259029618 ], [ 78.531678316199717, 13.109274525908777 ], [ 78.53825609942956, 13.108332303719109 ], [ 78.538822062863062, 13.105828787897911 ], [ 78.531151589352177, 13.105825355448879 ], [ 78.530185011009863, 13.10379177453356 ], [ 78.524346864428949, 13.101007901689021 ], [ 78.522734614064035, 13.099029841531424 ], [ 78.523851892635506, 13.094706739470123 ], [ 78.516077286856273, 13.097397981305443 ], [ 78.50984278995422, 13.092057578902923 ], [ 78.509148387277975, 13.078522802920244 ], [ 78.511149845098331, 13.077870475165602 ], [ 78.515242367573464, 13.071737519662131 ], [ 78.515551400199527, 13.062627634797225 ], [ 78.497156415110908, 13.061432601541677 ], [ 78.493863422948806, 13.056993102528192 ], [ 78.489895886402564, 13.054898948892246 ], [ 78.489266529316609, 13.052133709874866 ], [ 78.478583664059187, 13.055068602022082 ], [ 78.474753176219764, 13.045343014936558 ], [ 78.46909950975467, 13.043277403262318 ], [ 78.464305648958359, 13.044868997786956 ], [ 78.462094631181387, 13.043099064961416 ], [ 78.460793747760903, 13.026050461785893 ], [ 78.462098410218488, 13.025857403904073 ], [ 78.465154782759953, 13.016522389320844 ], [ 78.463100246420197, 13.005524755832854 ], [ 78.46791617319802, 13.004481019487917 ], [ 78.46766463852515, 12.99817356277946 ], [ 78.470478080804938, 12.997397698214417 ], [ 78.473211444398657, 12.991884106468712 ], [ 78.475029544106704, 12.991131654299171 ], [ 78.470226434218318, 12.982180474497582 ], [ 78.46947498835442, 12.982887775652515 ], [ 78.467717063946338, 12.975142870922777 ], [ 78.452996744763411, 12.976766713898883 ], [ 78.4351283388512, 12.981942421360536 ], [ 78.4320167792973, 12.976886604917036 ], [ 78.434403558651297, 12.973553871668601 ], [ 78.43248226068151, 12.968451900350741 ], [ 78.438737611347022, 12.963283026130711 ], [ 78.429559884993168, 12.957663599575309 ], [ 78.419853553315832, 12.958848551636526 ], [ 78.422398476461112, 12.954454073537379 ], [ 78.420592232957944, 12.947800656614572 ], [ 78.413876519687562, 12.948171084467557 ], [ 78.411348203500694, 12.944804781699251 ], [ 78.413760040589452, 12.938260033008278 ], [ 78.413545942591526, 12.933256028204505 ], [ 78.417487751706744, 12.930451979549002 ], [ 78.418043200857966, 12.922601470028013 ], [ 78.422599448688828, 12.92460150320311 ], [ 78.427517505200584, 12.931328015775987 ], [ 78.437460708720693, 12.928813630330222 ], [ 78.444792239632804, 12.91972801043473 ], [ 78.452233544391575, 12.917681639543268 ], [ 78.459297631023574, 12.90876232396362 ], [ 78.466400208246341, 12.906160465244497 ], [ 78.469172577451729, 12.899546260300022 ], [ 78.468396753758725, 12.893362529385918 ], [ 78.469669382836571, 12.889949600209786 ], [ 78.464537958519784, 12.866232007648501 ], [ 78.462355396970466, 12.870477426898859 ], [ 78.464192221287604, 12.878298263687952 ], [ 78.456542587903058, 12.88664091143986 ], [ 78.447327050725164, 12.89173003171749 ], [ 78.448678077024766, 12.898665018747485 ], [ 78.444242909779078, 12.902349522130599 ], [ 78.447360309852996, 12.905641321950679 ], [ 78.445541249831948, 12.912039009821106 ], [ 78.43869702478473, 12.91321660439926 ], [ 78.435152903843417, 12.911099934929355 ], [ 78.435913495704511, 12.908690648299954 ], [ 78.434283695230704, 12.904740373877145 ], [ 78.430496844036298, 12.904964266598258 ], [ 78.428631332750015, 12.902384497103599 ], [ 78.413999506230837, 12.903004607422082 ], [ 78.411994092281489, 12.903761142621514 ], [ 78.409219504447663, 12.908951233254433 ], [ 78.398939300472435, 12.916655332404346 ], [ 78.396941143672677, 12.906606412701834 ], [ 78.389636253084674, 12.906123112256646 ], [ 78.386338810836477, 12.908140811944557 ], [ 78.385041857095672, 12.912044029624598 ], [ 78.376200411297773, 12.914674783861576 ], [ 78.375986937491859, 12.91749526245485 ], [ 78.362360091701305, 12.934519616633857 ], [ 78.355913177672974, 12.940136465900082 ], [ 78.354183620653714, 12.939724434957762 ], [ 78.349613177044802, 12.935886858599449 ], [ 78.354028962433759, 12.930063265673438 ], [ 78.349724586868319, 12.92921829847212 ], [ 78.346180054384732, 12.913387232257817 ], [ 78.341257658294793, 12.912596314211431 ], [ 78.343738335699769, 12.908820927556834 ], [ 78.3405945056207, 12.904155587013939 ], [ 78.331283660449245, 12.901210764121368 ], [ 78.324973256857973, 12.903726200116237 ], [ 78.322629599510591, 12.897831378704559 ], [ 78.324466629513935, 12.893264365372046 ], [ 78.323265977946988, 12.890241248804632 ], [ 78.320276087735891, 12.888902412258176 ], [ 78.320145119464485, 12.886866822133568 ], [ 78.323643290628524, 12.884789367590097 ], [ 78.330617803476599, 12.88437367402693 ], [ 78.333273076174066, 12.889683530072467 ], [ 78.337582356171325, 12.886713409120601 ], [ 78.337148444285219, 12.882654115094077 ], [ 78.332304223663328, 12.880294613878009 ], [ 78.33159020094962, 12.874844888177785 ], [ 78.327791362246813, 12.874144779204897 ], [ 78.31368150328332, 12.87651138650768 ], [ 78.315333200562605, 12.865794601641214 ], [ 78.313148552891349, 12.85871216742072 ], [ 78.280865118956882, 12.859836938539354 ], [ 78.268780469052984, 12.868371713474302 ], [ 78.263570247859604, 12.861152915447583 ], [ 78.251710760641458, 12.863341123085849 ], [ 78.252627569343431, 12.831283479287347 ], [ 78.245092470059362, 12.787831460188238 ], [ 78.237401546966396, 12.76727365708752 ], [ 78.230616985068892, 12.760638567557937 ], [ 78.223060086646129, 12.766858713897681 ], [ 78.212460783335573, 12.763982501059642 ], [ 78.202988166171352, 12.770748026805288 ], [ 78.195367058117768, 12.773996670604538 ], [ 78.191510381115364, 12.774070923281712 ], [ 78.188552145330746, 12.771488067042153 ], [ 78.177201676913683, 12.776228396747483 ], [ 78.170713187162576, 12.773608296981779 ], [ 78.167752713942917, 12.770564773557153 ], [ 78.150417190945817, 12.779490436704329 ], [ 78.14306786113049, 12.781824561210829 ], [ 78.133699397692155, 12.782070194903314 ], [ 78.130700322477438, 12.78434314770543 ], [ 78.129824728947725, 12.788132330938298 ], [ 78.125223129158627, 12.790879642523068 ], [ 78.12483879256169, 12.797640012984987 ], [ 78.120164182668347, 12.801039871738217 ], [ 78.10802515036481, 12.804253086268513 ], [ 78.103322358860893, 12.808907499587832 ], [ 78.088279444544611, 12.817407753239635 ], [ 78.08878035343821, 12.823655256258126 ], [ 78.085569200769697, 12.8254812107439 ], [ 78.086781716821065, 12.827181341425762 ], [ 78.085627897165651, 12.831682894337815 ], [ 78.07478979832689, 12.830711900451542 ], [ 78.075622608872834, 12.836433228718578 ], [ 78.077922563865073, 12.838129929170288 ], [ 78.076881137756331, 12.839329168939608 ], [ 78.07400212799115, 12.841121935657673 ], [ 78.059450904118776, 12.843097724740405 ], [ 78.058748091910729, 12.850703413499453 ], [ 78.053249649035806, 12.853382033947419 ], [ 78.049520609517629, 12.848004640202257 ], [ 78.038408243191626, 12.851740633351215 ], [ 78.031133616193699, 12.852205833880459 ], [ 78.030583957742053, 12.857088546644196 ], [ 78.028746511504295, 12.858089275804918 ], [ 78.023119336186582, 12.855571490675864 ], [ 78.026234386103908, 12.850311084454853 ], [ 78.030144931917519, 12.849098042819024 ], [ 78.028520853012111, 12.845574104271526 ], [ 78.023935262054962, 12.841248678291075 ], [ 78.019201906473896, 12.843445582207998 ], [ 78.018576468807055, 12.83066879327683 ], [ 78.014578854318842, 12.829107763216891 ], [ 78.010666498286668, 12.829813802788296 ], [ 78.003759220133276, 12.825388202491839 ], [ 78.003697379175193, 12.823197092370769 ], [ 78.007997623534422, 12.819629484314989 ], [ 78.012615150238815, 12.818192686092122 ], [ 78.015323847581541, 12.813798197261219 ], [ 78.009904587928901, 12.805093487284829 ], [ 78.005398105112292, 12.808017962985771 ], [ 77.996945680100737, 12.808204677806591 ], [ 77.995473076274095, 12.806609863017927 ], [ 77.989093187238538, 12.808472680877436 ], [ 77.991211522909026, 12.821843407059164 ], [ 77.987836158296062, 12.822276052524714 ], [ 77.979600560386331, 12.827385778782439 ], [ 77.980448963451892, 12.835238747265919 ], [ 77.974584462720628, 12.835407279633724 ], [ 77.973440459292576, 12.833071658328437 ], [ 77.963861017670396, 12.833688170600434 ], [ 77.9620183607191, 12.836630229300514 ], [ 77.965612109236787, 12.848340424596911 ], [ 77.963536578496758, 12.850511070344936 ], [ 77.959321039993455, 12.848661502961086 ], [ 77.953280309258872, 12.850181321965723 ], [ 77.953761622842009, 12.852594028284621 ], [ 77.951165122002536, 12.852282880603861 ], [ 77.953016355715931, 12.855468679672322 ], [ 77.952262091599863, 12.856690340816032 ], [ 77.945829908552426, 12.85775494297445 ], [ 77.941000033986469, 12.855792118699735 ], [ 77.940681428644027, 12.845558015327361 ], [ 77.946769401252226, 12.838123751997347 ], [ 77.941094368744928, 12.827435857844147 ], [ 77.941146644956817, 12.823227344773237 ], [ 77.930968604156888, 12.825240420226292 ], [ 77.926145937857484, 12.830600268207665 ], [ 77.922849764996826, 12.830272109793098 ], [ 77.921239444220134, 12.828005027174527 ], [ 77.9177753884575, 12.831488302763169 ], [ 77.917677261241963, 12.838348092897514 ], [ 77.924366496166371, 12.850751282394317 ], [ 77.923300058313544, 12.85568918888711 ], [ 77.928625253273978, 12.85748787000445 ], [ 77.931607940017159, 12.862149695465927 ], [ 77.936117631403391, 12.861958902090272 ], [ 77.936509210335302, 12.866826522598753 ], [ 77.941678375005139, 12.867316536720965 ], [ 77.942086847855762, 12.869007311518962 ], [ 77.94176207468459, 12.872866675532435 ], [ 77.928669922759639, 12.874292700327839 ], [ 77.927894688454472, 12.881558533956547 ], [ 77.934637826492633, 12.88045384350626 ], [ 77.936339032605062, 12.883688422430518 ], [ 77.936202591573007, 12.8874055487465 ], [ 77.929921164758312, 12.89051829403695 ], [ 77.925734217623969, 12.890260864328905 ], [ 77.92186130497835, 12.884024749061897 ], [ 77.908996769119312, 12.885258536443896 ], [ 77.908643593290535, 12.878923759027822 ], [ 77.894964059322106, 12.878341164006324 ], [ 77.890982022896807, 12.870078481980514 ], [ 77.885406164401488, 12.870810020490294 ], [ 77.882432800670372, 12.868212845682546 ], [ 77.877896823662994, 12.868709500689564 ], [ 77.875548302257414, 12.867188061689458 ], [ 77.86745249834631, 12.868325911816536 ] ] ] } },
{ "type": "Feature", "properties": { "DISTRICT": "Koppal" }, "geometry": { "type": "Polygon", "coordinates": [ [ [ 76.733861379425051, 15.592247688068161 ], [ 76.748766718360372, 15.589906677823747 ], [ 76.752970083001912, 15.584641452117349 ], [ 76.755189825172906, 15.584541906009841 ], [ 76.755920168192162, 15.57040925376157 ], [ 76.759733699548804, 15.565917257385658 ], [ 76.770015849599218, 15.562570231494082 ], [ 76.779143439015101, 15.557120450062753 ], [ 76.794055676529098, 15.55425863945176 ], [ 76.797846442016194, 15.551363536504759 ], [ 76.812664855834598, 15.546756246987915 ], [ 76.806711179479095, 15.52822884914546 ], [ 76.810963482529971, 15.515128382666921 ], [ 76.782587043206391, 15.493415210389127 ], [ 76.742509956295009, 15.491083856760339 ], [ 76.72604843392125, 15.492911602045398 ], [ 76.718177781552384, 15.491482237183483 ], [ 76.704588548291952, 15.486203839054646 ], [ 76.699311614345078, 15.481298251605999 ], [ 76.693755407681309, 15.478640774403297 ], [ 76.694903666721245, 15.476740093596028 ], [ 76.684009731688903, 15.468322213608273 ], [ 76.676465966636357, 15.454929178333398 ], [ 76.662877400600863, 15.447292506741711 ], [ 76.661728676477153, 15.449064595614184 ], [ 76.659362814488219, 15.449057617196519 ], [ 76.641731796254959, 15.444114644000821 ], [ 76.612176568900352, 15.443657453487429 ], [ 76.596414201975861, 15.42634908055855 ], [ 76.594508366498872, 15.416383223508298 ], [ 76.591036176553672, 15.4121912751477 ], [ 76.571130986701192, 15.402046052645197 ], [ 76.55742694513124, 15.398760746813272 ], [ 76.5475050487928, 15.385270420430983 ], [ 76.542328116262553, 15.383476718867946 ], [ 76.539169229967982, 15.379122155360815 ], [ 76.523502169469012, 15.370141504104303 ], [ 76.521757083754039, 15.366559329491658 ], [ 76.508332761549681, 15.357422291215272 ], [ 76.505892977130856, 15.353844023087918 ], [ 76.498160412678246, 15.350725901744847 ], [ 76.493233625856874, 15.345200757013544 ], [ 76.490071433708763, 15.344167080227296 ], [ 76.477093621645039, 15.348448225268378 ], [ 76.467435234639879, 15.336960683443833 ], [ 76.442051244263268, 15.338940770274244 ], [ 76.42222157537968, 15.334232937074461 ], [ 76.405264601877832, 15.326333379170721 ], [ 76.398321244619325, 15.326805230366606 ], [ 76.38843567889387, 15.331092822592696 ], [ 76.379529998842102, 15.331703404998418 ], [ 76.379504239387103, 15.329358558877981 ], [ 76.370406937022182, 15.325213499125484 ], [ 76.361161413387961, 15.32412174823855 ], [ 76.353437477756032, 15.314911455615611 ], [ 76.350759275487334, 15.309135847502843 ], [ 76.349998226076991, 15.299219126866779 ], [ 76.346815008552568, 15.296439490931874 ], [ 76.344911936736821, 15.289876224507015 ], [ 76.345251648774493, 15.278847234844132 ], [ 76.343765160678956, 15.273114154142846 ], [ 76.333406086945459, 15.264844714505136 ], [ 76.327395286579105, 15.263690478931439 ], [ 76.30708733295053, 15.239721527676428 ], [ 76.278793825807284, 15.220460840215766 ], [ 76.269468334992425, 15.207158790817818 ], [ 76.265753603915044, 15.205465833824386 ], [ 76.261253103855481, 15.206884701471823 ], [ 76.257822612823603, 15.206098171959471 ], [ 76.254144779252485, 15.196127974741861 ], [ 76.248519467364403, 15.190886380033829 ], [ 76.230976568157871, 15.188612929927382 ], [ 76.218886761331532, 15.197502439263987 ], [ 76.21846084534701, 15.203031922294972 ], [ 76.232210312929936, 15.226848971638713 ], [ 76.230465556488426, 15.231236523953353 ], [ 76.226201397571117, 15.232576114941342 ], [ 76.202249700719705, 15.233014663545301 ], [ 76.18824853424006, 15.235570088549084 ], [ 76.173989412887451, 15.226893254064636 ], [ 76.158313994061643, 15.212890675314641 ], [ 76.157463563491419, 15.210366315351216 ], [ 76.160420597358993, 15.200897294341669 ], [ 76.15714266516234, 15.197252453146051 ], [ 76.150850025757236, 15.196294512023451 ], [ 76.127580974062965, 15.20333689331137 ], [ 76.122911126717241, 15.203185835833054 ], [ 76.11398488306935, 15.199788436438373 ], [ 76.108493918517908, 15.192558705456504 ], [ 76.105064022852773, 15.174153633268928 ], [ 76.102441982250838, 15.168674768932792 ], [ 76.0949287403906, 15.163017657782378 ], [ 76.082429509028728, 15.158903710119285 ], [ 76.058273631062164, 15.157668453872706 ], [ 76.042414082733288, 15.144627107469741 ], [ 76.031357894614871, 15.142939620583769 ], [ 76.024769480654314, 15.143178227624395 ], [ 76.008284151089185, 15.148444794752329 ], [ 75.996303801966476, 15.145753447140009 ], [ 75.985881667546749, 15.151001672756438 ], [ 75.977080391018816, 15.151097839881619 ], [ 75.970364184960886, 15.147043101404723 ], [ 75.964589177739342, 15.140998310469307 ], [ 75.951397549405755, 15.137083730177201 ], [ 75.947879365022374, 15.17291431259534 ], [ 75.924701677139737, 15.182574831394074 ], [ 75.926041182018295, 15.194675043774488 ], [ 75.924363284119394, 15.20575457379965 ], [ 75.914934254015733, 15.229021063665268 ], [ 75.912029065043029, 15.240789537935596 ], [ 75.903911664048664, 15.239298442596954 ], [ 75.901739935122791, 15.245710490275037 ], [ 75.900009786902572, 15.245573541489065 ], [ 75.899411496737713, 15.254587579032073 ], [ 75.894855588017393, 15.274023745022555 ], [ 75.898532024806244, 15.27569571634103 ], [ 75.892537322561608, 15.282098820411711 ], [ 75.891795451979192, 15.286286761614113 ], [ 75.889696682814517, 15.287334289090374 ], [ 75.889110270578058, 15.295850674629749 ], [ 75.887601735729191, 15.297448670435735 ], [ 75.889681922527458, 15.299560906014205 ], [ 75.889851733196451, 15.311307779154024 ], [ 75.892974757444662, 15.319013472219464 ], [ 75.891300801897344, 15.324996963724786 ], [ 75.89131063379557, 15.337219106868456 ], [ 75.889110234673694, 15.336810753016099 ], [ 75.888111198360704, 15.35301987044355 ], [ 75.902967665310413, 15.353790749552781 ], [ 75.901867915257114, 15.375429817897949 ], [ 75.904001756939707, 15.402776779493818 ], [ 75.886458929283179, 15.408172424411156 ], [ 75.865357191223751, 15.408034737758403 ], [ 75.864778976857352, 15.423005458964953 ], [ 75.859316598701966, 15.423016275850594 ], [ 75.858310499638961, 15.443671141774246 ], [ 75.851624334811376, 15.443652176583665 ], [ 75.850630676619446, 15.445063998137686 ], [ 75.847507269463378, 15.442825444317592 ], [ 75.843943037557111, 15.444224139368494 ], [ 75.839854316128921, 15.442957643455557 ], [ 75.83641238596995, 15.447146611897628 ], [ 75.83234595516447, 15.447323128579276 ], [ 75.823269239002954, 15.451606566923502 ], [ 75.824968149373191, 15.453247643984149 ], [ 75.819349287216454, 15.456104763165623 ], [ 75.818406173107164, 15.469045010338009 ], [ 75.812481224757818, 15.467289537469004 ], [ 75.809179147717401, 15.487783821866747 ], [ 75.815586357442399, 15.487055652362738 ], [ 75.814517279718359, 15.495561910998907 ], [ 75.823174946639867, 15.496809028698411 ], [ 75.818658876287245, 15.508188042207287 ], [ 75.831514977918062, 15.507077809803514 ], [ 75.83222415879905, 15.509899941328175 ], [ 75.849062736331689, 15.512893156144337 ], [ 75.849855955228705, 15.515679038629216 ], [ 75.859947304291865, 15.513708318192615 ], [ 75.867482377211118, 15.56105197352265 ], [ 75.867974895064364, 15.580299724406391 ], [ 75.866428119109372, 15.595528145226593 ], [ 75.878661115846981, 15.59732020895601 ], [ 75.879007518858643, 15.595316300932167 ], [ 75.882885166709073, 15.595725198122029 ], [ 75.882149885119617, 15.599603207195042 ], [ 75.894896150206719, 15.602239936703656 ], [ 75.895001279838368, 15.606181506672357 ], [ 75.897693363801835, 15.605911727898889 ], [ 75.89834541452494, 15.624335058821186 ], [ 75.893926057098483, 15.624992829536133 ], [ 75.894532774145191, 15.632231557427238 ], [ 75.886009880812878, 15.633859438607487 ], [ 75.888717996309509, 15.653780337849922 ], [ 75.887244291189248, 15.668457405683723 ], [ 75.884550685174659, 15.671934739482474 ], [ 75.870566796140153, 15.673281899960607 ], [ 75.870159676218009, 15.715003028716135 ], [ 75.887269638354596, 15.717464943183678 ], [ 75.889544116460087, 15.725313965068279 ], [ 75.889704890192476, 15.727802638098703 ], [ 75.88212748735279, 15.736947737809608 ], [ 75.885139807709535, 15.736053156771183 ], [ 75.886826862343071, 15.738154707506613 ], [ 75.89267344568313, 15.739114070373835 ], [ 75.897404700618651, 15.750555765662282 ], [ 75.906762546008608, 15.747102575547149 ], [ 75.910165780244071, 15.743656393422253 ], [ 75.909670185203609, 15.731704510234334 ], [ 75.920673936220595, 15.726025444191436 ], [ 75.915994135383372, 15.710238072289965 ], [ 75.91492418060794, 15.698055448441322 ], [ 75.925388019178044, 15.692522588037939 ], [ 75.939457654156769, 15.693789166179398 ], [ 75.939813701761452, 15.683579173560251 ], [ 75.943632497191132, 15.677257532347951 ], [ 75.961270073634694, 15.677300040910549 ], [ 75.967243512830876, 15.679321894215189 ], [ 75.966171164600624, 15.669803275509794 ], [ 75.967430147603736, 15.66966746729819 ], [ 75.967246210183504, 15.664695979604549 ], [ 75.977430395486735, 15.662717343868472 ], [ 75.981756747266218, 15.664091999266853 ], [ 76.010871825464463, 15.662160041832308 ], [ 76.015803712843834, 15.671864049258389 ], [ 76.015599867008248, 15.679758110514802 ], [ 75.994368908607029, 15.678922999234814 ], [ 75.991057659307089, 15.670890051808641 ], [ 75.982396824555025, 15.666750595137261 ], [ 75.983981517797986, 15.680570900623509 ], [ 75.986885409331975, 15.689465867359917 ], [ 75.98326089319913, 15.690023483598656 ], [ 75.983694171242362, 15.6935291052281 ], [ 75.98670378515439, 15.696128089684963 ], [ 75.992364593847455, 15.707200777331705 ], [ 75.998616153680288, 15.708347116750909 ], [ 76.004217718664421, 15.711909651988408 ], [ 76.004761117508409, 15.715741221086637 ], [ 76.018905208963318, 15.715210317475659 ], [ 76.022486747959931, 15.709239652383626 ], [ 76.030284278865267, 15.715187971740006 ], [ 76.039961089273419, 15.717378926291262 ], [ 76.043039432648044, 15.720071781575003 ], [ 76.044964201626598, 15.724070520600964 ], [ 76.043100768659471, 15.727265440812307 ], [ 76.043458853841358, 15.736433425445796 ], [ 76.03703993791072, 15.737034791136063 ], [ 76.039816818795188, 15.747170889772875 ], [ 76.039927765325388, 15.754407595650186 ], [ 76.034683836475722, 15.755053842135061 ], [ 76.037641056443178, 15.761354428587314 ], [ 76.040577049492938, 15.763235809090402 ], [ 76.039384040203359, 15.769999856919817 ], [ 76.039119523252808, 15.771076706702445 ], [ 76.034226399975893, 15.77027090084237 ], [ 76.026809737942173, 15.77425898076538 ], [ 76.019824004518696, 15.775792310688759 ], [ 76.018578942339786, 15.779061016524047 ], [ 76.012517116514573, 15.779816037910296 ], [ 76.009928913195665, 15.784106335861853 ], [ 75.993422997804601, 15.781094524881903 ], [ 75.991658743460448, 15.785587734019742 ], [ 75.990155372971472, 15.785998896538391 ], [ 75.988450548676866, 15.801552628218325 ], [ 75.982986048016755, 15.802320193780545 ], [ 75.976634122260563, 15.800737479315417 ], [ 75.96782295473885, 15.794240842918089 ], [ 75.963875378508149, 15.795131422016341 ], [ 75.963281676547211, 15.78842711082032 ], [ 75.961370690827678, 15.784845210644962 ], [ 75.938180253600578, 15.790736823431123 ], [ 75.927697465580067, 15.791610463472454 ], [ 75.908577017358738, 15.80746445498942 ], [ 75.900417804792141, 15.809655991518044 ], [ 75.89148072286369, 15.814984504326395 ], [ 75.873939375705817, 15.828169986773222 ], [ 75.848879565621544, 15.838009578818784 ], [ 75.845148682432139, 15.838106168673423 ], [ 75.849522777012723, 15.859094734034988 ], [ 75.849577042483162, 15.860896487940174 ], [ 75.847546639128836, 15.8618426058633 ], [ 75.848173270062532, 15.871431139020009 ], [ 75.839872707475294, 15.87157528910512 ], [ 75.837829991567418, 15.865221546934871 ], [ 75.82781698529682, 15.866226503387464 ], [ 75.832293490124641, 15.875648523828486 ], [ 75.831727191572568, 15.878541938847901 ], [ 75.833959457675746, 15.878009474940518 ], [ 75.835428565145193, 15.88276375636098 ], [ 75.833139540438253, 15.886828022554763 ], [ 75.830065209669613, 15.887521225240137 ], [ 75.830003072311285, 15.89717399293423 ], [ 75.827604082606641, 15.900269968129617 ], [ 75.811625231664038, 15.900130305121442 ], [ 75.811069703503733, 15.894156208130763 ], [ 75.786571951741081, 15.898362986414906 ], [ 75.780434501279771, 15.897117854161474 ], [ 75.775868351193537, 15.902591781253438 ], [ 75.779068207720869, 15.903056711558557 ], [ 75.780543193813017, 15.905800693574863 ], [ 75.780560633329372, 15.90877131123273 ], [ 75.776417484103021, 15.913644367433443 ], [ 75.777133668997394, 15.919123897858606 ], [ 75.789154488895889, 15.924189466111031 ], [ 75.789785196659466, 15.922489506128851 ], [ 75.805743550864065, 15.92399710347367 ], [ 75.812211422973277, 15.922597709832676 ], [ 75.810987109629451, 15.924960813573671 ], [ 75.827699609807979, 15.927098416337117 ], [ 75.830250638124298, 15.924598699032046 ], [ 75.836414182901066, 15.924688422217125 ], [ 75.836541369321012, 15.927664776386125 ], [ 75.840514290558843, 15.930875973167566 ], [ 75.855447312122848, 15.934304038492456 ], [ 75.854852901775729, 15.935645248666113 ], [ 75.866787829388983, 15.931530814053549 ], [ 75.879070709976347, 15.93127769789654 ], [ 75.887957306714682, 15.919155406342673 ], [ 75.891761287467503, 15.916847198927051 ], [ 75.896939091517609, 15.916704410690317 ], [ 75.902873755375239, 15.918638635857851 ], [ 75.90195477367962, 15.922751727954642 ], [ 75.922452294217209, 15.903327042407573 ], [ 75.927221636327971, 15.897446988141121 ], [ 75.926425856681277, 15.886067534956126 ], [ 75.927945723845355, 15.886942472375701 ], [ 75.929481074225237, 15.881019786626203 ], [ 75.928425957118819, 15.875189976833628 ], [ 75.941960458920576, 15.874205459771392 ], [ 75.944469542672451, 15.86634371774702 ], [ 75.96262696269001, 15.8655168860211 ], [ 75.9654882557859, 15.858966691796395 ], [ 75.974655475767534, 15.861831456442617 ], [ 75.97886968570765, 15.870862095370514 ], [ 75.978965062521965, 15.882865367903959 ], [ 75.977143844815743, 15.894962079864017 ], [ 75.974339490902267, 15.897870848126006 ], [ 75.975536967791868, 15.899578088743565 ], [ 75.97529109525135, 15.912696587749458 ], [ 75.973699026360237, 15.92277606443105 ], [ 75.976913332125264, 15.931304719071401 ], [ 75.976240222755266, 15.945666843276541 ], [ 75.977555644890785, 15.951838456504868 ], [ 75.974326542645599, 15.952407977687905 ], [ 75.973894099460281, 15.954217981564804 ], [ 75.975723208338181, 15.960407228261001 ], [ 75.973788635390193, 15.986625078708984 ], [ 75.976108770407095, 15.989596368859216 ], [ 75.986728964263889, 15.9946920899731 ], [ 75.989373742987397, 15.998746080238801 ], [ 75.989486327833674, 16.004811565955698 ], [ 76.008267362111297, 16.002854760271539 ], [ 76.011375536334711, 16.00125299206508 ], [ 76.01658059588668, 16.00201284674942 ], [ 76.020174974944226, 16.007699612648466 ], [ 76.02316695820825, 16.008757794080349 ], [ 76.051618809595354, 16.00337787665676 ], [ 76.052020605004358, 16.006032237430841 ], [ 76.056499218159161, 16.005565321789565 ], [ 76.056426942925469, 16.011457270589212 ], [ 76.05993379237016, 16.0114866181423 ], [ 76.080098492650848, 16.009999461189732 ], [ 76.084811473612248, 15.997165034759664 ], [ 76.078647957834065, 15.976867657099753 ], [ 76.072779270046738, 15.965397906075633 ], [ 76.072407713299327, 15.958288790040395 ], [ 76.070775531147063, 15.955474116590246 ], [ 76.071180057824705, 15.948961810600979 ], [ 76.064845884205155, 15.924946144103915 ], [ 76.062739308382689, 15.921519787888771 ], [ 76.063821445904807, 15.915839628288781 ], [ 76.058475618743131, 15.90599821272143 ], [ 76.07055078361148, 15.902524044110892 ], [ 76.101601895119728, 15.900456808108148 ], [ 76.103256229129059, 15.893847886659305 ], [ 76.117195541437283, 15.886014906440973 ], [ 76.123117914689445, 15.890283526302531 ], [ 76.125331779665828, 15.894112058132153 ], [ 76.145325455671582, 15.895052398327747 ], [ 76.153930953094019, 15.914917322385385 ], [ 76.158363172378628, 15.917834185952424 ], [ 76.159936928452765, 15.921078850830138 ], [ 76.164944266326472, 15.921468861147988 ], [ 76.171900198049386, 15.924773904196009 ], [ 76.171997525679998, 15.931656731324642 ], [ 76.194911124548611, 15.932396886391116 ], [ 76.200480339740722, 15.936428702203873 ], [ 76.200460638409297, 15.943989497430989 ], [ 76.226531048034175, 15.94089470968469 ], [ 76.230092890652358, 15.92331203747993 ], [ 76.25686557792443, 15.922925747757525 ], [ 76.256895989682135, 15.915275498111574 ], [ 76.261066270098155, 15.914768306551769 ], [ 76.261835198175547, 15.906711763074599 ], [ 76.271746582189138, 15.90467222570558 ], [ 76.274089509483758, 15.910450348377227 ], [ 76.276973440196485, 15.909705863097946 ], [ 76.275948066862853, 15.903736422171605 ], [ 76.285389893907919, 15.902580063161126 ], [ 76.289756489103269, 15.892617006269317 ], [ 76.300695552870593, 15.896302147023048 ], [ 76.306498481937524, 15.893214715875962 ], [ 76.313288940604849, 15.894918020510536 ], [ 76.314582075346578, 15.899514173879149 ], [ 76.321148601207994, 15.901589679953195 ], [ 76.321116992161251, 15.903539787832017 ], [ 76.330163703077844, 15.905186988033133 ], [ 76.345066587497655, 15.900770582247118 ], [ 76.346162058430252, 15.890451113285311 ], [ 76.341817665467431, 15.876923192602929 ], [ 76.337744744300608, 15.871550717875747 ], [ 76.351244561146416, 15.863377484658374 ], [ 76.35546818566948, 15.865403853363434 ], [ 76.358804938325392, 15.881319164080081 ], [ 76.357353747352363, 15.881774860094117 ], [ 76.356868330638605, 15.897290862396535 ], [ 76.358525070013229, 15.90110187089663 ], [ 76.353699974869372, 15.903166885236635 ], [ 76.357969109953643, 15.908832021949658 ], [ 76.362304025614051, 15.911617653476027 ], [ 76.370244505774906, 15.91289574078619 ], [ 76.373594012252227, 15.917623554471936 ], [ 76.375137382637277, 15.9022249958652 ], [ 76.394256538068802, 15.903134870434528 ], [ 76.403411499604275, 15.902065104746166 ], [ 76.403725592440537, 15.899551981077611 ], [ 76.410239384659377, 15.896622335664414 ], [ 76.417362705419734, 15.895705042297193 ], [ 76.426716127493449, 15.890408406200097 ], [ 76.424037627036327, 15.888008216117653 ], [ 76.42205427871437, 15.873165458505271 ], [ 76.419269649660251, 15.871345407658204 ], [ 76.416785145914915, 15.864819022582809 ], [ 76.448894836203152, 15.852738194056782 ], [ 76.451005708605948, 15.854625703116502 ], [ 76.450940031431557, 15.843897250934708 ], [ 76.448926397968876, 15.836378993196949 ], [ 76.445963998732623, 15.833762448098296 ], [ 76.442315501344595, 15.823494635439271 ], [ 76.438361671783468, 15.824758031001537 ], [ 76.436402553039301, 15.823754646468506 ], [ 76.425587717743767, 15.813419940418196 ], [ 76.421802667100579, 15.812535993350235 ], [ 76.422463406612152, 15.810386233853851 ], [ 76.420486368540352, 15.805585976790066 ], [ 76.417297707115267, 15.806612049404917 ], [ 76.412885322750327, 15.804188828163513 ], [ 76.412792760964876, 15.796540362623384 ], [ 76.414977144443, 15.791561127736498 ], [ 76.42204471306357, 15.790908801519887 ], [ 76.422139510572237, 15.785858660830437 ], [ 76.433708871490026, 15.787378253991962 ], [ 76.439505222902852, 15.78432799754111 ], [ 76.43807580729711, 15.757789163846752 ], [ 76.439595831345954, 15.749472030904244 ], [ 76.447586671239321, 15.744379100805652 ], [ 76.443883471017458, 15.738906719347849 ], [ 76.446249133945486, 15.734203635900073 ], [ 76.459632164842873, 15.727608627167658 ], [ 76.469367553366553, 15.725040825424864 ], [ 76.476014515675885, 15.720841505180308 ], [ 76.482371369375983, 15.719302818864517 ], [ 76.48540506330707, 15.713854800495625 ], [ 76.49065561360247, 15.713091473716904 ], [ 76.489941597528599, 15.710915905776533 ], [ 76.491706524819605, 15.708119694039729 ], [ 76.509425861320793, 15.716959522997213 ], [ 76.527648459835007, 15.706733279134264 ], [ 76.528898517848674, 15.700826127463442 ], [ 76.531816281207597, 15.699434069007339 ], [ 76.535763344193768, 15.699120433844241 ], [ 76.535554523903883, 15.703461302280061 ], [ 76.539828688828905, 15.704284281418458 ], [ 76.544295813923071, 15.703497110229772 ], [ 76.541425815333056, 15.698696578546175 ], [ 76.550704807398759, 15.699027695800188 ], [ 76.56164104810864, 15.702838785993304 ], [ 76.562261495352629, 15.705619208556078 ], [ 76.575915494513268, 15.700604105460711 ], [ 76.575656339333506, 15.698909995564184 ], [ 76.598001357640044, 15.695812315529139 ], [ 76.599498591724668, 15.673468242439068 ], [ 76.61064727500812, 15.670311880378421 ], [ 76.631225881536182, 15.670571356615135 ], [ 76.653870178694561, 15.665876063097162 ], [ 76.653447879765608, 15.660412825845583 ], [ 76.671946534825707, 15.658021146500113 ], [ 76.670170921358903, 15.639033117110072 ], [ 76.674247897346973, 15.641746599349897 ], [ 76.676759774733952, 15.641130240973844 ], [ 76.685201618389982, 15.647916371253926 ], [ 76.692355946828627, 15.647985536228848 ], [ 76.694312938810782, 15.645397696376724 ], [ 76.693529434903212, 15.624629868898575 ], [ 76.68065827367505, 15.626712792246339 ], [ 76.679951021030774, 15.622434053548554 ], [ 76.6799564690794, 15.606649653776847 ], [ 76.682202289216761, 15.607087874695193 ], [ 76.69125748295582, 15.603121292636901 ], [ 76.688839222929602, 15.595620004966861 ], [ 76.700520855988287, 15.590917290669388 ], [ 76.701146647337964, 15.594260030179985 ], [ 76.723516633377926, 15.591019055503768 ], [ 76.733861379425051, 15.592247688068161 ] ] ] } },
{ "type": "Feature", "properties": { "DISTRICT": "Mandya" }, "geometry": { "type": "MultiPolygon", "coordinates": [ [ [ [ 76.978884637738147, 12.275387063716995 ], [ 76.985813709653883, 12.264427309110394 ], [ 76.985561648428416, 12.262523772136547 ], [ 76.982344064417589, 12.256296104189344 ], [ 76.976311496320974, 12.255799350842304 ], [ 76.975102146701772, 12.253872139038748 ], [ 76.972180308603441, 12.253510580424324 ], [ 76.969026304369564, 12.260089657127452 ], [ 76.968910963187426, 12.277499200351958 ], [ 76.978884637738147, 12.275387063716995 ] ] ], [ [ [ 76.910434395425881, 12.383702441395618 ], [ 76.922890829374282, 12.382428026678788 ], [ 76.922350821465201, 12.373958375160816 ], [ 76.91771134490655, 12.367425340110294 ], [ 76.9199187707341, 12.359894351476687 ], [ 76.906858486469972, 12.356066885548499 ], [ 76.898192155974826, 12.356784977696805 ], [ 76.898933754797142, 12.37435203760343 ], [ 76.908151456737755, 12.375950419274341 ], [ 76.910434395425881, 12.383702441395618 ] ] ], [ [ [ 76.675526799524519, 13.054948940127748 ], [ 76.680787672974176, 13.048073562793951 ], [ 76.693639861915116, 13.037092174076282 ], [ 76.701772460416606, 13.042033452827489 ], [ 76.709513474868004, 13.039328808448898 ], [ 76.718014413751504, 13.040598944134626 ], [ 76.749638049054326, 13.036142934202063 ], [ 76.758088987760772, 13.037379391926658 ], [ 76.757425652510591, 13.035378339138939 ], [ 76.758811392593643, 13.036736723315711 ], [ 76.771470644167636, 13.034460584431647 ], [ 76.78242302892636, 13.030465106003717 ], [ 76.785814070396825, 13.014489322736619 ], [ 76.794788490127161, 13.015095316781878 ], [ 76.806183298519258, 13.012140100217454 ], [ 76.815492935927281, 13.013420884390451 ], [ 76.819938401033198, 13.004918642903879 ], [ 76.829097414529087, 13.002210133951698 ], [ 76.826876581575405, 12.998370382773469 ], [ 76.843948063053787, 12.98685915807561 ], [ 76.845187502520631, 12.983079880169681 ], [ 76.851351978714376, 12.979112511484399 ], [ 76.850581113081603, 12.974669329101324 ], [ 76.839383652369904, 12.973105463144266 ], [ 76.841814561519612, 12.965738489650493 ], [ 76.835619507489582, 12.943427105746272 ], [ 76.842341823202602, 12.941457799292738 ], [ 76.848685845857005, 12.943988303473072 ], [ 76.849277087370538, 12.938406474834022 ], [ 76.85705894290561, 12.93794195470179 ], [ 76.862622772740721, 12.934371203008137 ], [ 76.862047547658918, 12.928269283640814 ], [ 76.880755172880427, 12.933570868680089 ], [ 76.887969152557773, 12.934250059135667 ], [ 76.89254387344981, 12.931738879154583 ], [ 76.893731529600458, 12.924996118741033 ], [ 76.89711030842706, 12.921020567048107 ], [ 76.890300091171625, 12.918829254457291 ], [ 76.886223290120128, 12.918838106074519 ], [ 76.885818300136393, 12.920405495134553 ], [ 76.883333907501139, 12.920699467632248 ], [ 76.873656791543866, 12.918153055688578 ], [ 76.867910521806067, 12.918578290667291 ], [ 76.864608081429068, 12.913452860109581 ], [ 76.865551850599985, 12.905069765744626 ], [ 76.870708115175802, 12.899365116230783 ], [ 76.872799684893565, 12.899730377531336 ], [ 76.872851591729756, 12.897501687390864 ], [ 76.888568330718797, 12.897402249468296 ], [ 76.888671984257883, 12.891822346303263 ], [ 76.892180253761339, 12.881999388074576 ], [ 76.891003329880277, 12.879476828175589 ], [ 76.893556687077819, 12.87434605412623 ], [ 76.891300978963429, 12.850017933529235 ], [ 76.900304158115347, 12.845070060233859 ], [ 76.906607098393948, 12.834231311766882 ], [ 76.907546017512104, 12.826517667738567 ], [ 76.916849813795181, 12.818962167073144 ], [ 76.91685344598956, 12.814628877951009 ], [ 76.919881880744583, 12.811829651685361 ], [ 76.923131223792737, 12.80459103955496 ], [ 76.935257844028683, 12.799109915380386 ], [ 76.941870569951703, 12.804632483037206 ], [ 76.950489998898092, 12.800098883184637 ], [ 76.960934616595054, 12.802789821139148 ], [ 76.973593655889744, 12.801313700539104 ], [ 76.976484302575074, 12.792452339915506 ], [ 76.990656822595696, 12.787774410245985 ], [ 76.998720930433834, 12.777075686524697 ], [ 77.009784590887833, 12.781163950016161 ], [ 77.006857328650128, 12.773785328578267 ], [ 77.008538408778648, 12.763950407525323 ], [ 77.025299296351747, 12.762238026962518 ], [ 77.027088810299503, 12.765551889890943 ], [ 77.029726488612212, 12.765635445160852 ], [ 77.035742862092121, 12.769509651478804 ], [ 77.043938173673368, 12.777621384672177 ], [ 77.046802889251552, 12.759831028321068 ], [ 77.04932645780967, 12.754122633164252 ], [ 77.049114722297546, 12.747746666842225 ], [ 77.056494847206935, 12.752701908801175 ], [ 77.060555121632532, 12.752718803746841 ], [ 77.060735144057503, 12.755998734904363 ], [ 77.066152174826755, 12.757508712265937 ], [ 77.067825055013941, 12.75952948236182 ], [ 77.072001445212194, 12.756664402090795 ], [ 77.076703158810261, 12.746045140304185 ], [ 77.080843766807817, 12.747442096502722 ], [ 77.081661394739427, 12.731159982823478 ], [ 77.073247386872779, 12.698633798870903 ], [ 77.073109679156829, 12.692202085225299 ], [ 77.074398923483088, 12.691377520080248 ], [ 77.074485307051788, 12.683680685115524 ], [ 77.075584543327238, 12.683463277512621 ], [ 77.074088147585016, 12.678533510779319 ], [ 77.083975163959664, 12.674953191583199 ], [ 77.099424066500248, 12.673201527063434 ], [ 77.10120250791573, 12.628914560709996 ], [ 77.105578076774279, 12.62762989960979 ], [ 77.117555973283842, 12.628248770872586 ], [ 77.122727189738825, 12.622214052138631 ], [ 77.122268090898132, 12.619035727176151 ], [ 77.111112678992029, 12.616065547618163 ], [ 77.108245185516793, 12.60768093387138 ], [ 77.109954423659701, 12.597030523425003 ], [ 77.115100468948086, 12.595795410482969 ], [ 77.119106199954544, 12.576378875393893 ], [ 77.128349457325953, 12.56991247922303 ], [ 77.129381341639018, 12.563232724502585 ], [ 77.12824113921107, 12.554074493791612 ], [ 77.11538136033839, 12.555036001030889 ], [ 77.113935679439393, 12.552877853857485 ], [ 77.115076727905418, 12.543237885338382 ], [ 77.121992827994532, 12.540078513974265 ], [ 77.126783713875128, 12.529957693286862 ], [ 77.125323417306149, 12.523638697455336 ], [ 77.132937955308478, 12.516528689441495 ], [ 77.130518354470652, 12.496823225535536 ], [ 77.12754083724046, 12.490671263408457 ], [ 77.12488556403116, 12.489193193622953 ], [ 77.12615289954087, 12.482021651122103 ], [ 77.125044651714447, 12.479904171011194 ], [ 77.132360207505968, 12.479605344488254 ], [ 77.137997192449802, 12.466585903248534 ], [ 77.142471636019422, 12.462879336634805 ], [ 77.146742130457852, 12.462086062761941 ], [ 77.14916380220852, 12.463059762924104 ], [ 77.15645150569128, 12.471868792963308 ], [ 77.157498898270802, 12.475588665563064 ], [ 77.164759560594746, 12.475067724426095 ], [ 77.165462948415694, 12.478523852436489 ], [ 77.169526445006539, 12.483876213066113 ], [ 77.175282656546472, 12.482858037714832 ], [ 77.175873012724566, 12.479543722811066 ], [ 77.17786525415309, 12.478941927369666 ], [ 77.192564917828093, 12.48205045529663 ], [ 77.19375415046774, 12.483705430783626 ], [ 77.197900428012844, 12.483371108326018 ], [ 77.200743881081294, 12.491548989812577 ], [ 77.205565561193879, 12.491021784469911 ], [ 77.205270410056045, 12.485377324737588 ], [ 77.213482456590455, 12.484933611801681 ], [ 77.21621612922101, 12.492062656848081 ], [ 77.221992817404526, 12.492180806047255 ], [ 77.224322305804108, 12.502211743683587 ], [ 77.238579938620589, 12.500196949799173 ], [ 77.239047353320672, 12.488817069909295 ], [ 77.234345596773764, 12.486722297092879 ], [ 77.226066380056736, 12.489410348157728 ], [ 77.225435071744897, 12.474658150692859 ], [ 77.227047986962731, 12.474722511128077 ], [ 77.226925332332968, 12.479346562991104 ], [ 77.230110509327943, 12.479606812841389 ], [ 77.229753808987638, 12.48230280469415 ], [ 77.230019060659004, 12.484235108427955 ], [ 77.233449783000978, 12.484050837391433 ], [ 77.235980626574062, 12.482254456994903 ], [ 77.235041037867219, 12.473655253091472 ], [ 77.236294172462493, 12.470927053987163 ], [ 77.243611736724262, 12.471111515517238 ], [ 77.246833630813796, 12.469416662497382 ], [ 77.254575099624887, 12.470070739926044 ], [ 77.257529070794533, 12.463581983814107 ], [ 77.265111182852195, 12.461950262331323 ], [ 77.269427333288775, 12.464760467657257 ], [ 77.274991660513294, 12.43964638761182 ], [ 77.273818715244218, 12.437606137457164 ], [ 77.275112644688818, 12.43720561485442 ], [ 77.272876603784582, 12.437177420898317 ], [ 77.269658703469588, 12.434194540441519 ], [ 77.273643064493669, 12.430048042508403 ], [ 77.285226178930969, 12.428795393253353 ], [ 77.286247219063355, 12.421094478117595 ], [ 77.281705494378684, 12.421452070847286 ], [ 77.284017119531811, 12.411268007366058 ], [ 77.283864502552603, 12.408590667792849 ], [ 77.281867358133113, 12.409155980641204 ], [ 77.281786377065785, 12.407080890349139 ], [ 77.284043060309216, 12.40686885751709 ], [ 77.284983191447509, 12.393945857639775 ], [ 77.312203559438174, 12.392284254450306 ], [ 77.332423161287608, 12.353740756271554 ], [ 77.324535450408092, 12.328153869070428 ], [ 77.324865779940609, 12.31040160124868 ], [ 77.323819291052274, 12.309850490399361 ], [ 77.325539494945957, 12.309347240767799 ], [ 77.325036176570265, 12.305974337299993 ], [ 77.315035255872701, 12.303660911886 ], [ 77.311892891199363, 12.298603817915406 ], [ 77.306041294979508, 12.296708322833172 ], [ 77.295339588198445, 12.301252704980937 ], [ 77.28950383721201, 12.302033522366189 ], [ 77.26973648388956, 12.312532061653091 ], [ 77.263986213970284, 12.312766944341519 ], [ 77.249387257385493, 12.305937949396425 ], [ 77.237676618731044, 12.308586202009854 ], [ 77.224029406235687, 12.30204132949336 ], [ 77.216328570190413, 12.307148210809988 ], [ 77.207949288931559, 12.306363524907564 ], [ 77.201227976992826, 12.307682209186513 ], [ 77.192122855200736, 12.305798612074518 ], [ 77.177923517852477, 12.307072069289042 ], [ 77.176753936411217, 12.308937918658176 ], [ 77.166788309803323, 12.310205155509088 ], [ 77.169819487960183, 12.299564582065486 ], [ 77.168439633197238, 12.294084261714408 ], [ 77.169728693921655, 12.285904503609228 ], [ 77.166512349985638, 12.280994669511257 ], [ 77.166581942909389, 12.274143315292761 ], [ 77.170081493358879, 12.264978867394912 ], [ 77.166997039301393, 12.255544499100843 ], [ 77.157280879251402, 12.255578361999982 ], [ 77.143752125278709, 12.247324207420384 ], [ 77.132352449004927, 12.247381424685221 ], [ 77.126091924020429, 12.242932730100815 ], [ 77.107105141065659, 12.240906802234715 ], [ 77.105224574969213, 12.219734674213329 ], [ 77.091210642569166, 12.219788451399364 ], [ 77.088358856285311, 12.217577176201967 ], [ 77.088119405318238, 12.219165128994225 ], [ 77.079314225617694, 12.221607774236888 ], [ 77.07884094952793, 12.219436164022639 ], [ 77.077077090488132, 12.219480927015036 ], [ 77.077856244545501, 12.236185010950894 ], [ 77.069343322253488, 12.237415229649905 ], [ 77.068692103180126, 12.234375961903728 ], [ 77.06430919279174, 12.23255434249994 ], [ 77.053026163260611, 12.238612244601313 ], [ 77.049711513757302, 12.238136007565419 ], [ 77.045563340031208, 12.232621086684297 ], [ 77.037346616556007, 12.233807635797227 ], [ 77.035216659087354, 12.231915436659845 ], [ 77.034946007330518, 12.232995183724983 ], [ 77.032175525536843, 12.23219752662308 ], [ 77.02548288885383, 12.237065381156029 ], [ 77.012230221144179, 12.241384173530029 ], [ 76.996236146711539, 12.239769227837852 ], [ 76.993948262769493, 12.251470540794307 ], [ 76.989143450628546, 12.257026036696473 ], [ 76.989272057761127, 12.276283118912962 ], [ 76.990905744692881, 12.277189655507687 ], [ 76.989483744374354, 12.287646479368348 ], [ 76.983639503274347, 12.286522957713977 ], [ 76.980503637098224, 12.289188613471298 ], [ 76.971263187992548, 12.290664890506021 ], [ 76.97339210077007, 12.300017675779838 ], [ 76.97732284993937, 12.30763993893404 ], [ 76.980597650297938, 12.307469396095819 ], [ 76.986775134227287, 12.301820635810508 ], [ 76.992890772559107, 12.301784944840223 ], [ 76.997477464896861, 12.313569095276343 ], [ 76.990778650576573, 12.314670492224471 ], [ 76.990870047548981, 12.317310730349838 ], [ 76.987310476926979, 12.319846731835391 ], [ 76.986978612722396, 12.333321669766283 ], [ 76.980716061044603, 12.327908567770557 ], [ 76.976489686206463, 12.327987516439602 ], [ 76.977799804704716, 12.333267084677725 ], [ 76.97658010976653, 12.354591729013716 ], [ 76.971725736469494, 12.354494762663398 ], [ 76.971091825419194, 12.352763581397493 ], [ 76.958247288786481, 12.354599469650521 ], [ 76.95836154908676, 12.353077499574928 ], [ 76.956493398959068, 12.35265754847291 ], [ 76.956613164030344, 12.346457738894955 ], [ 76.960695022574143, 12.334872724631476 ], [ 76.959211695182987, 12.32803167044529 ], [ 76.953571358603654, 12.327783797454819 ], [ 76.953259968699101, 12.330647724972723 ], [ 76.947506030383423, 12.331252536600521 ], [ 76.935576794402976, 12.324588273702492 ], [ 76.92808120865881, 12.322041343954931 ], [ 76.92233275997495, 12.322405098789387 ], [ 76.927998105908756, 12.326617472606888 ], [ 76.928888099495907, 12.333387714727964 ], [ 76.931620368404438, 12.338024073878643 ], [ 76.928364687963523, 12.339174339180973 ], [ 76.925445788901754, 12.344752390600348 ], [ 76.923715101752776, 12.353186452258532 ], [ 76.938875610910316, 12.353140439869939 ], [ 76.939249197997782, 12.354209374533376 ], [ 76.936125996456752, 12.369858633233193 ], [ 76.93784889457902, 12.3829630869801 ], [ 76.936356927719572, 12.385319851046503 ], [ 76.936149740961028, 12.391606410116763 ], [ 76.93761524025868, 12.400998636787921 ], [ 76.932140721840781, 12.407386880597931 ], [ 76.929399897799172, 12.415689308727472 ], [ 76.926078954424085, 12.418356753106101 ], [ 76.925450323790997, 12.422061331295675 ], [ 76.92703750105288, 12.421244101353718 ], [ 76.928514430550422, 12.4230536983882 ], [ 76.928278370962786, 12.427431655740859 ], [ 76.922031680315328, 12.441678814832112 ], [ 76.917637286223808, 12.440929684814245 ], [ 76.916417270794341, 12.439150432873168 ], [ 76.910178447494431, 12.439671232106789 ], [ 76.905060824415742, 12.436074143269858 ], [ 76.903890106286823, 12.426940851524726 ], [ 76.906601705096818, 12.421950485132392 ], [ 76.900273177947824, 12.420078877826088 ], [ 76.900182118635129, 12.416391395954889 ], [ 76.898212755849826, 12.415231601378354 ], [ 76.900056399734979, 12.409408457408761 ], [ 76.881468723976539, 12.406086727780252 ], [ 76.879628053775349, 12.404807157602752 ], [ 76.880850002384108, 12.400734082124988 ], [ 76.877199724545093, 12.399836303622809 ], [ 76.863070055695729, 12.400473992715867 ], [ 76.860874743549672, 12.40908226935538 ], [ 76.858977786703065, 12.409556462143872 ], [ 76.855428661124876, 12.407907853245183 ], [ 76.853930375650734, 12.409623928342041 ], [ 76.853754367809955, 12.407223451623338 ], [ 76.847731961311041, 12.402039578170866 ], [ 76.832204764588667, 12.402642043129509 ], [ 76.831820310769302, 12.397078563231199 ], [ 76.834990770173533, 12.39524312395212 ], [ 76.834001924200663, 12.384507375405912 ], [ 76.828155312140396, 12.387071004265747 ], [ 76.814507295896263, 12.386781183533044 ], [ 76.812016609232941, 12.366068558535961 ], [ 76.808296861425234, 12.360195216870215 ], [ 76.803712455348617, 12.367466167269049 ], [ 76.80341737832164, 12.370495978511144 ], [ 76.799360264148874, 12.36887652984818 ], [ 76.796797252989435, 12.365466834277381 ], [ 76.799654353532716, 12.356430147447242 ], [ 76.794370354588608, 12.354356918678025 ], [ 76.791073392127132, 12.34724764049558 ], [ 76.783022693800774, 12.347671057555267 ], [ 76.781500822234605, 12.352306025528023 ], [ 76.778771439336992, 12.35172470180482 ], [ 76.776967311616076, 12.353057410230486 ], [ 76.764813203321509, 12.351076286018868 ], [ 76.765351181918021, 12.346395120341333 ], [ 76.76181240091438, 12.338225696933769 ], [ 76.764307905844689, 12.328071851815702 ], [ 76.762686991876237, 12.31543271775962 ], [ 76.764663814058721, 12.312300804256676 ], [ 76.757293601200317, 12.304026615170876 ], [ 76.753761483943251, 12.304184046205375 ], [ 76.753229146585497, 12.301813453427297 ], [ 76.751944071702539, 12.302031385645067 ], [ 76.752228133383454, 12.303763347144374 ], [ 76.749046619295939, 12.305594998765271 ], [ 76.748264750579821, 12.308396197040647 ], [ 76.746076953457006, 12.307824478787539 ], [ 76.743696234298199, 12.310088604469604 ], [ 76.744680533606527, 12.313983703708745 ], [ 76.742905343728367, 12.317003782725532 ], [ 76.743399284834709, 12.320323660405974 ], [ 76.741386841145243, 12.321759862035114 ], [ 76.736008590232942, 12.322757692513793 ], [ 76.732055650376495, 12.315613429794755 ], [ 76.730039682511318, 12.342753853115159 ], [ 76.716995647708984, 12.351900487016596 ], [ 76.718224186787225, 12.356693240470269 ], [ 76.713737797053724, 12.357409879975753 ], [ 76.707217005987843, 12.352740133498093 ], [ 76.698737286699682, 12.350385836229805 ], [ 76.695652303774111, 12.355833058938407 ], [ 76.68796999205712, 12.363158824438015 ], [ 76.687870500237224, 12.366121597961657 ], [ 76.683910417283656, 12.365846690431063 ], [ 76.681215584288196, 12.367927101995269 ], [ 76.681138602660766, 12.372118883854283 ], [ 76.686404073961711, 12.382778629246447 ], [ 76.683632602479747, 12.383666138169259 ], [ 76.681572827210914, 12.386593281747372 ], [ 76.68287392882435, 12.391379233934284 ], [ 76.671333362215066, 12.391455004631695 ], [ 76.670728980856168, 12.389564250593418 ], [ 76.667729366018506, 12.389314243465511 ], [ 76.66783014040422, 12.387472623372739 ], [ 76.663829459681097, 12.386464635569066 ], [ 76.656248981402939, 12.396325694589304 ], [ 76.65224673505756, 12.394830114257653 ], [ 76.649537238816137, 12.397258136904464 ], [ 76.646947376083034, 12.397131432279416 ], [ 76.642146304343612, 12.394527134650669 ], [ 76.641212582025886, 12.384615388729577 ], [ 76.633607504709261, 12.383363491783733 ], [ 76.627396230408777, 12.376818990037357 ], [ 76.625141271267751, 12.371754356584994 ], [ 76.625638454192, 12.369277450331063 ], [ 76.618968809523508, 12.367581634572014 ], [ 76.603993530290523, 12.369343068528556 ], [ 76.602016014655007, 12.367542395217272 ], [ 76.595095510493408, 12.36780406125918 ], [ 76.591989556494781, 12.362958720053493 ], [ 76.588821979162205, 12.363680038753651 ], [ 76.590130179455045, 12.368622050321308 ], [ 76.587295026663313, 12.370479640644868 ], [ 76.587227907544005, 12.375392627121307 ], [ 76.578602351268401, 12.372539091332973 ], [ 76.569564100829254, 12.373317762059212 ], [ 76.565441214480131, 12.378360679760943 ], [ 76.565857777004155, 12.382196805353512 ], [ 76.560703847974807, 12.383997586839158 ], [ 76.559203954778937, 12.390124544752585 ], [ 76.554526693611962, 12.391626501984119 ], [ 76.557391369799745, 12.400848323207034 ], [ 76.565742483189027, 12.399159177533015 ], [ 76.569072470376142, 12.425097939592833 ], [ 76.56265690295794, 12.427209807087486 ], [ 76.550774570791589, 12.438370665364438 ], [ 76.546206166099225, 12.440542519805716 ], [ 76.531439405813416, 12.442260384094965 ], [ 76.513069001638343, 12.453629696566704 ], [ 76.502971296809349, 12.451577326665072 ], [ 76.497236436816735, 12.455784511662452 ], [ 76.48928546610523, 12.467702373113818 ], [ 76.477148766357743, 12.473762755069746 ], [ 76.469919911616003, 12.473708796916371 ], [ 76.457347899348363, 12.480944865755459 ], [ 76.457185596086447, 12.483148781640585 ], [ 76.450730454003576, 12.487957623696362 ], [ 76.449261058494685, 12.496508562313263 ], [ 76.450621784269273, 12.506044348224199 ], [ 76.448859694366661, 12.497874132309095 ], [ 76.447697161439535, 12.503371002167054 ], [ 76.440469764719523, 12.512428857110036 ], [ 76.436688192032562, 12.522595632372493 ], [ 76.433421390515008, 12.52325983985887 ], [ 76.421815794777302, 12.531901239278728 ], [ 76.423624383903032, 12.53853370388615 ], [ 76.426089652670299, 12.538538959631371 ], [ 76.426696132870362, 12.542707181033508 ], [ 76.415391644641545, 12.546805064246007 ], [ 76.411542426836817, 12.556995811092488 ], [ 76.395594109015377, 12.550315630977265 ], [ 76.395445702063512, 12.55159855753292 ], [ 76.389268143569822, 12.551685167736352 ], [ 76.38692461199598, 12.558260671866748 ], [ 76.390716601515749, 12.564710881214564 ], [ 76.396376903893398, 12.568795241481068 ], [ 76.395724681519781, 12.570348030425331 ], [ 76.394599663128162, 12.572692384942453 ], [ 76.377206164051117, 12.575669901766476 ], [ 76.371918463906582, 12.598027692484944 ], [ 76.369204558814587, 12.60340278957837 ], [ 76.370174427187621, 12.60602470573785 ], [ 76.363318616114896, 12.606582687291381 ], [ 76.364145973568839, 12.626792721264398 ], [ 76.35769520097864, 12.635640783294653 ], [ 76.352063232479296, 12.640415125558189 ], [ 76.352160316021141, 12.650430584029555 ], [ 76.3426158239551, 12.654943293246193 ], [ 76.342194503249829, 12.659458028198333 ], [ 76.347340722489918, 12.66653126510602 ], [ 76.349266630996453, 12.668736761491513 ], [ 76.353188406760864, 12.668016130526039 ], [ 76.354250045103981, 12.684964026743405 ], [ 76.359699409735157, 12.686581347063436 ], [ 76.358969819354087, 12.690262034012299 ], [ 76.361671077001617, 12.691224549681246 ], [ 76.362777636989918, 12.697277453919462 ], [ 76.361837350322858, 12.711637522134426 ], [ 76.356647566669309, 12.710383572363872 ], [ 76.353632234059233, 12.711396163672189 ], [ 76.347903749397929, 12.717208589125125 ], [ 76.34607967566339, 12.716949279145018 ], [ 76.344218988850983, 12.722841393747037 ], [ 76.344767530156417, 12.730273696666123 ], [ 76.339407879148638, 12.733070451045386 ], [ 76.345900141067375, 12.738222649370465 ], [ 76.344422065339273, 12.742207774763195 ], [ 76.346533853140826, 12.742909722582295 ], [ 76.345790712138353, 12.744014364636888 ], [ 76.351230084148298, 12.742086602867877 ], [ 76.355039660621458, 12.743865775329326 ], [ 76.35747183761238, 12.747023706896842 ], [ 76.357286399924163, 12.749540748221101 ], [ 76.351379339070817, 12.75235343057548 ], [ 76.342532975155535, 12.762467895221269 ], [ 76.343275597050265, 12.766947633966652 ], [ 76.348033385457313, 12.768231690460405 ], [ 76.350104785610029, 12.770450693826817 ], [ 76.350622584924054, 12.773392919026826 ], [ 76.348049681808121, 12.778216591789199 ], [ 76.350164571544269, 12.78487500991878 ], [ 76.34864374694439, 12.786813787302556 ], [ 76.338160620624919, 12.785824785781569 ], [ 76.334895664962275, 12.787820401331153 ], [ 76.329852603885101, 12.803549201343159 ], [ 76.331841887861586, 12.811871451427018 ], [ 76.34382254617681, 12.812104373059309 ], [ 76.351205783361053, 12.808680887219603 ], [ 76.367984302540066, 12.808414305517022 ], [ 76.370753855526374, 12.811714160526792 ], [ 76.370851540829037, 12.81528880017952 ], [ 76.367174868017969, 12.822806430356069 ], [ 76.370868651164614, 12.829918092220172 ], [ 76.373881960745848, 12.829826799805174 ], [ 76.375053025173301, 12.83142318386261 ], [ 76.377244569176881, 12.828048348931222 ], [ 76.382226244172301, 12.830589126430622 ], [ 76.388029042041239, 12.840778721942872 ], [ 76.385827296819457, 12.845078271293028 ], [ 76.391225348487566, 12.844425270936853 ], [ 76.397450753128751, 12.847466372773342 ], [ 76.407297729990191, 12.845361872785251 ], [ 76.408465797794861, 12.853541918829373 ], [ 76.40692405905213, 12.865823721929587 ], [ 76.413082787158743, 12.864452942510706 ], [ 76.414854844284278, 12.865706321498546 ], [ 76.416176672407914, 12.864831170866724 ], [ 76.416626537704829, 12.859687059116144 ], [ 76.425366061692856, 12.857459512669305 ], [ 76.42678635209559, 12.854124458589897 ], [ 76.425760583196393, 12.846208270597053 ], [ 76.420446778815744, 12.843158232920931 ], [ 76.424234002343425, 12.826018589343263 ], [ 76.42553335966123, 12.824544335520804 ], [ 76.444989841930152, 12.821262808577371 ], [ 76.444361971206931, 12.818106014433615 ], [ 76.450748460192045, 12.812046378724633 ], [ 76.450659104391875, 12.809648805489527 ], [ 76.457387550360806, 12.806464765633319 ], [ 76.456762617136405, 12.80247189890952 ], [ 76.461621631617902, 12.802140364895402 ], [ 76.463290478079145, 12.804932678019664 ], [ 76.46739061877328, 12.804217204453499 ], [ 76.469609593295331, 12.800868717566829 ], [ 76.46876186301148, 12.794317691968585 ], [ 76.461060421327133, 12.788534985870957 ], [ 76.456847427188137, 12.788614828721455 ], [ 76.455229996809351, 12.779878292332246 ], [ 76.456861774560139, 12.776685468264647 ], [ 76.466431668066662, 12.774509443965291 ], [ 76.469105052419295, 12.771402274337909 ], [ 76.475737167678588, 12.770935949178622 ], [ 76.477015990568901, 12.771388989326917 ], [ 76.478334662508232, 12.779821569745325 ], [ 76.483859146585203, 12.783539537301088 ], [ 76.489481358477192, 12.784671514456198 ], [ 76.489617232054584, 12.775611232440319 ], [ 76.487896082791622, 12.770707344616104 ], [ 76.489590862865697, 12.765674497132286 ], [ 76.492982867556819, 12.766466492117461 ], [ 76.497658236565428, 12.770742890559118 ], [ 76.498245309205601, 12.774492541981113 ], [ 76.497997794857369, 12.778958258490698 ], [ 76.493200858117973, 12.782236092638966 ], [ 76.490283551997848, 12.7889673022812 ], [ 76.492014599329579, 12.789834427207591 ], [ 76.491342994356003, 12.792923886311238 ], [ 76.495145703871927, 12.803401347701298 ], [ 76.491463968599319, 12.80675054476278 ], [ 76.497329660260519, 12.813421453418586 ], [ 76.501719208055917, 12.822313883871326 ], [ 76.509327675621648, 12.822339649496168 ], [ 76.518054752336113, 12.826867069975469 ], [ 76.516968831357957, 12.833859512612147 ], [ 76.520327011631124, 12.841453588544363 ], [ 76.532579179569368, 12.842560732383246 ], [ 76.535540416362821, 12.844235243903805 ], [ 76.540119487573406, 12.841979660001821 ], [ 76.546619366248734, 12.841306296032151 ], [ 76.555722352717623, 12.846087420889635 ], [ 76.56364814740158, 12.844628094199518 ], [ 76.573280768623576, 12.847096805531301 ], [ 76.577137562831538, 12.846213916832628 ], [ 76.577146330123867, 12.858669141018611 ], [ 76.574707283614785, 12.866987639835546 ], [ 76.57975839156336, 12.871231930184356 ], [ 76.578642279299885, 12.873440497492917 ], [ 76.58368992799177, 12.873343329695823 ], [ 76.586259832203169, 12.87600437633953 ], [ 76.596017025761284, 12.880244401721447 ], [ 76.590967624352174, 12.887028894083334 ], [ 76.590776047490394, 12.890022204426495 ], [ 76.595343795272797, 12.899790883511125 ], [ 76.599921249424142, 12.905434581620337 ], [ 76.595934265166079, 12.920879421812968 ], [ 76.599446754120478, 12.923428355127363 ], [ 76.602732364603384, 12.923043823755386 ], [ 76.605652781732047, 12.938884181436487 ], [ 76.615586641560071, 12.936799707310533 ], [ 76.617621083514663, 12.945154227017925 ], [ 76.617579347008103, 12.953649276604505 ], [ 76.611327647473615, 12.957955671077217 ], [ 76.610551950235049, 12.966205960658487 ], [ 76.620278475903945, 12.965319115287159 ], [ 76.631432832621101, 12.972212369329888 ], [ 76.631358580322399, 12.982479424465716 ], [ 76.634099240694439, 12.981195927293003 ], [ 76.634469618230867, 12.984075705034206 ], [ 76.63284667593679, 12.992914579905303 ], [ 76.630330728999482, 12.99351139204108 ], [ 76.631966340740988, 13.003921936668721 ], [ 76.639281623115224, 13.00931880024004 ], [ 76.645581605651429, 13.009559210199718 ], [ 76.648049029340712, 13.007021545454913 ], [ 76.653149219968043, 13.007701677094683 ], [ 76.658374822723815, 13.014140218456289 ], [ 76.659718701378679, 13.026268781451549 ], [ 76.667377388866299, 13.039158958795699 ], [ 76.67071576382402, 13.055290754855916 ], [ 76.675526799524519, 13.054948940127748 ] ], [ [ 77.292519422147436, 12.368627351380404 ], [ 77.292316730424361, 12.371016030956243 ], [ 77.290015079083219, 12.371239625736772 ], [ 77.290544362178508, 12.368783055622558 ], [ 77.292519422147436, 12.368627351380404 ] ], [ [ 77.305587333590168, 12.360825557267139 ], [ 77.302697179331759, 12.359052069743557 ], [ 77.303118334402953, 12.353821987734095 ], [ 77.303029267045801, 12.357538207746943 ], [ 77.30598053350819, 12.360181463902871 ], [ 77.308943926813086, 12.358104947365156 ], [ 77.308407123919366, 12.362336605021909 ], [ 77.305352281614347, 12.362864596708256 ], [ 77.305587333590168, 12.360825557267139 ] ], [ [ 77.302289286621786, 12.354172883113124 ], [ 77.302631673607891, 12.353512895424508 ], [ 77.302495012634068, 12.355265390236676 ], [ 77.302289286621786, 12.354172883113124 ] ], [ [ 77.292566196036631, 12.353141152732212 ], [ 77.294866016005187, 12.357449564921751 ], [ 77.290308727543248, 12.361637825544008 ], [ 77.288198165003109, 12.36161999884124 ], [ 77.289033136937491, 12.359402842800554 ], [ 77.287282773160811, 12.354012425738349 ], [ 77.292566196036631, 12.353141152732212 ] ], [ [ 77.30122142569347, 12.320194556287312 ], [ 77.300318527561714, 12.315594313855511 ], [ 77.304130065997185, 12.315770484930075 ], [ 77.30122142569347, 12.320194556287312 ] ] ] ] } },
{ "type": "Feature", "properties": { "DISTRICT": "Mysuru" }, "geometry": { "type": "Polygon", "coordinates": [ [ [ 76.303604321541513, 12.621794741215592 ], [ 76.304803623964744, 12.625391106664486 ], [ 76.309278309049787, 12.622311570410689 ], [ 76.306269246809322, 12.609405823377303 ], [ 76.317576697444295, 12.610604174742269 ], [ 76.320731043095449, 12.612270661140585 ], [ 76.327031755514653, 12.610012767009959 ], [ 76.328787876679556, 12.615835988124076 ], [ 76.328957836487874, 12.626592419070999 ], [ 76.32262245700764, 12.634216249883995 ], [ 76.328131792670035, 12.637780987255189 ], [ 76.332230861641477, 12.643440661875722 ], [ 76.338739473047426, 12.645409737186588 ], [ 76.338465994839098, 12.65025111981646 ], [ 76.34260965570671, 12.65481269445138 ], [ 76.352160316021141, 12.650430584029555 ], [ 76.352063232479296, 12.640415125558189 ], [ 76.35769520097864, 12.635640783294653 ], [ 76.364145973568839, 12.626792721264398 ], [ 76.363318616114896, 12.606582687291381 ], [ 76.370174427187621, 12.60602470573785 ], [ 76.369204558814587, 12.60340278957837 ], [ 76.371918463906582, 12.598027692484944 ], [ 76.377206164051117, 12.575669901766476 ], [ 76.394599663128162, 12.572692384942453 ], [ 76.396384164730023, 12.568841130617836 ], [ 76.390716601515749, 12.564710881214564 ], [ 76.38692461199598, 12.558260671866748 ], [ 76.389268143569822, 12.551685167736352 ], [ 76.395445702063512, 12.55159855753292 ], [ 76.395594109015377, 12.550315630977265 ], [ 76.411542426836817, 12.556995811092488 ], [ 76.415391644641545, 12.546805064246007 ], [ 76.426696132870362, 12.542707181033508 ], [ 76.426089652670299, 12.538538959631371 ], [ 76.423624383903032, 12.53853370388615 ], [ 76.421815794777302, 12.531901239278728 ], [ 76.433421390515008, 12.52325983985887 ], [ 76.436688192032562, 12.522595632372493 ], [ 76.440469764719523, 12.512428857110036 ], [ 76.447697161439535, 12.503371002167054 ], [ 76.448859694366661, 12.497874132309095 ], [ 76.450621784269273, 12.506044348224199 ], [ 76.449261058494685, 12.496508562313263 ], [ 76.450730454003576, 12.487957623696362 ], [ 76.457185596086447, 12.483148781640585 ], [ 76.457347899348363, 12.480944865755459 ], [ 76.469919911616003, 12.473708796916371 ], [ 76.477148766357743, 12.473762755069746 ], [ 76.48928546610523, 12.467702373113818 ], [ 76.497236436816735, 12.455784511662452 ], [ 76.502971296809349, 12.451577326665072 ], [ 76.513069001638343, 12.453629696566704 ], [ 76.531439405813416, 12.442260384094965 ], [ 76.546206166099225, 12.440542519805716 ], [ 76.550774570791589, 12.438370665364438 ], [ 76.56265690295794, 12.427209807087486 ], [ 76.569072470376142, 12.425097939592833 ], [ 76.565742483189027, 12.399159177533015 ], [ 76.557391369799745, 12.400848323207034 ], [ 76.554526693611962, 12.391626501984119 ], [ 76.559203954778937, 12.390124544752585 ], [ 76.560703847974807, 12.383997586839158 ], [ 76.565857777004155, 12.382196805353512 ], [ 76.565441214480131, 12.378360679760943 ], [ 76.569564100829254, 12.373317762059212 ], [ 76.578602351268401, 12.372539091332973 ], [ 76.587227907544005, 12.375392627121307 ], [ 76.587295026663313, 12.370479640644868 ], [ 76.590130179455045, 12.368622050321308 ], [ 76.588821979162205, 12.363680038753651 ], [ 76.591989556494781, 12.362958720053493 ], [ 76.595095510493408, 12.36780406125918 ], [ 76.602016014655007, 12.367542395217272 ], [ 76.603993530290523, 12.369343068528556 ], [ 76.618968809523508, 12.367581634572014 ], [ 76.625638454192, 12.369277450331063 ], [ 76.625141271267751, 12.371754356584994 ], [ 76.627396230408777, 12.376818990037357 ], [ 76.633607504709261, 12.383363491783733 ], [ 76.641212582025886, 12.384615388729577 ], [ 76.642146304343612, 12.394527134650669 ], [ 76.646947376083034, 12.397131432279416 ], [ 76.649537238816137, 12.397258136904464 ], [ 76.65224673505756, 12.394830114257653 ], [ 76.656248981402939, 12.396325694589304 ], [ 76.663829459681097, 12.386464635569066 ], [ 76.66783014040422, 12.387472623372739 ], [ 76.667729366018506, 12.389314243465511 ], [ 76.670728980856168, 12.389564250593418 ], [ 76.671333362215066, 12.391455004631695 ], [ 76.68287392882435, 12.391379233934284 ], [ 76.681572827210914, 12.386593281747372 ], [ 76.683632602479747, 12.383666138169259 ], [ 76.686404073961711, 12.382778629246447 ], [ 76.681138602660766, 12.372118883854283 ], [ 76.681215584288196, 12.367927101995269 ], [ 76.683910417283656, 12.365846690431063 ], [ 76.687870500237224, 12.366121597961657 ], [ 76.68796999205712, 12.363158824438015 ], [ 76.695652303774111, 12.355833058938407 ], [ 76.698737286699682, 12.350385836229805 ], [ 76.707217005987843, 12.352740133498093 ], [ 76.713737797053724, 12.357409879975753 ], [ 76.718224186787225, 12.356693240470269 ], [ 76.716995647708984, 12.351900487016596 ], [ 76.730039682511318, 12.342753853115159 ], [ 76.732055650376495, 12.315613429794755 ], [ 76.736008590232942, 12.322757692513793 ], [ 76.741386841145243, 12.321759862035114 ], [ 76.743399284834709, 12.320323660405974 ], [ 76.742905343728367, 12.317003782725532 ], [ 76.744680533606527, 12.313983703708745 ], [ 76.743696234298199, 12.310088604469604 ], [ 76.746076953457006, 12.307824478787539 ], [ 76.748264750579821, 12.308396197040647 ], [ 76.749046619295939, 12.305594998765271 ], [ 76.752228133383454, 12.303763347144374 ], [ 76.751944071702539, 12.302031385645067 ], [ 76.753229146585497, 12.301813453427297 ], [ 76.753761483943251, 12.304184046205375 ], [ 76.757293601200317, 12.304026615170876 ], [ 76.764663814058721, 12.312300804256676 ], [ 76.762686991876237, 12.31543271775962 ], [ 76.764307905844689, 12.328071851815702 ], [ 76.76181240091438, 12.338225696933769 ], [ 76.765351181918021, 12.346395120341333 ], [ 76.764813203321509, 12.351076286018868 ], [ 76.776967311616076, 12.353057410230486 ], [ 76.778771439336992, 12.35172470180482 ], [ 76.781500822234605, 12.352306025528023 ], [ 76.783022693800774, 12.347671057555267 ], [ 76.791073392127132, 12.34724764049558 ], [ 76.794370354588608, 12.354356918678025 ], [ 76.799654353532716, 12.356430147447242 ], [ 76.796797252989435, 12.365466834277381 ], [ 76.799360264148874, 12.36887652984818 ], [ 76.80341737832164, 12.370495978511144 ], [ 76.803712455348617, 12.367466167269049 ], [ 76.808296861425234, 12.360195216870215 ], [ 76.812016609232941, 12.366068558535961 ], [ 76.814507295896263, 12.386781183533044 ], [ 76.828155312140396, 12.387071004265747 ], [ 76.834001924200663, 12.384507375405912 ], [ 76.834990770173533, 12.39524312395212 ], [ 76.831820310769302, 12.397078563231199 ], [ 76.832204764588667, 12.402642043129509 ], [ 76.847731961311041, 12.402039578170866 ], [ 76.853754367809955, 12.407223451623338 ], [ 76.853930375650734, 12.409623928342041 ], [ 76.855428661124876, 12.407907853245183 ], [ 76.858977786703065, 12.409556462143872 ], [ 76.860874743549672, 12.40908226935538 ], [ 76.863070055695729, 12.400473992715867 ], [ 76.877199724545093, 12.399836303622809 ], [ 76.880850002384108, 12.400734082124988 ], [ 76.879628053775349, 12.404807157602752 ], [ 76.881468723976539, 12.406086727780252 ], [ 76.900056399734979, 12.409408457408761 ], [ 76.898212755849826, 12.415231601378354 ], [ 76.900182118635129, 12.416391395954889 ], [ 76.900273177947824, 12.420078877826088 ], [ 76.906601705096818, 12.421950485132392 ], [ 76.903890106286823, 12.426940851524726 ], [ 76.905060824415742, 12.436074143269858 ], [ 76.910178447494431, 12.439671232106789 ], [ 76.916417270794341, 12.439150432873168 ], [ 76.917637286223808, 12.440929684814245 ], [ 76.922031680315328, 12.441678814832112 ], [ 76.928278370962786, 12.427431655740859 ], [ 76.928514430550422, 12.4230536983882 ], [ 76.92703750105288, 12.421244101353718 ], [ 76.925450323790997, 12.422061331295675 ], [ 76.926078954424085, 12.418356753106101 ], [ 76.929399897799172, 12.415689308727472 ], [ 76.932140721840781, 12.407386880597931 ], [ 76.93761524025868, 12.400998636787921 ], [ 76.936149740961028, 12.391606410116763 ], [ 76.936356927719572, 12.385319851046503 ], [ 76.93784889457902, 12.3829630869801 ], [ 76.936125996456752, 12.369858633233193 ], [ 76.939249197997782, 12.354209374533376 ], [ 76.938875610910316, 12.353140439869939 ], [ 76.923715101752776, 12.353186452258532 ], [ 76.925445788901754, 12.344752390600348 ], [ 76.928364687963523, 12.339174339180973 ], [ 76.931620368404438, 12.338024073878643 ], [ 76.928888099495907, 12.333387714727964 ], [ 76.927998105908756, 12.326617472606888 ], [ 76.92233275997495, 12.322405098789387 ], [ 76.92808120865881, 12.322041343954931 ], [ 76.935576794402976, 12.324588273702492 ], [ 76.947506030383423, 12.331252536600521 ], [ 76.953259968699101, 12.330647724972723 ], [ 76.953571358603654, 12.327783797454819 ], [ 76.959211695182987, 12.32803167044529 ], [ 76.960695022574143, 12.334872724631476 ], [ 76.956613164030344, 12.346457738894955 ], [ 76.956493398959068, 12.35265754847291 ], [ 76.95836154908676, 12.353077499574928 ], [ 76.958247288786481, 12.354599469650521 ], [ 76.971091825419194, 12.352763581397493 ], [ 76.971725736469494, 12.354494762663398 ], [ 76.97658010976653, 12.354591729013716 ], [ 76.977799804704716, 12.333267084677725 ], [ 76.976489686206463, 12.327987516439602 ], [ 76.980716061044603, 12.327908567770557 ], [ 76.986978612722396, 12.333321669766283 ], [ 76.987310476926979, 12.319846731835391 ], [ 76.990870047548981, 12.317310730349838 ], [ 76.990778650576573, 12.314670492224471 ], [ 76.997477464896861, 12.313569095276343 ], [ 76.992890772559107, 12.301784944840223 ], [ 76.986775134227287, 12.301820635810508 ], [ 76.980597650297938, 12.307469396095819 ], [ 76.97732284993937, 12.30763993893404 ], [ 76.97339210077007, 12.300017675779838 ], [ 76.971263187992548, 12.290664890506021 ], [ 76.980503637098224, 12.289188613471298 ], [ 76.983639503274347, 12.286522957713977 ], [ 76.989483744374354, 12.287646479368348 ], [ 76.990905744692881, 12.277189655507687 ], [ 76.989272057761127, 12.276283118912962 ], [ 76.989143450628546, 12.257026036696473 ], [ 76.993948262769493, 12.251470540794307 ], [ 76.996236146711539, 12.239769227837852 ], [ 77.012230221144179, 12.241384173530029 ], [ 77.02548288885383, 12.237065381156029 ], [ 77.032175525536843, 12.23219752662308 ], [ 77.034946007330518, 12.232995183724983 ], [ 77.035216659087354, 12.231915436659845 ], [ 77.037346616556007, 12.233807635797227 ], [ 77.045563340031208, 12.232621086684297 ], [ 77.049711513757302, 12.238136007565419 ], [ 77.053026163260611, 12.238612244601313 ], [ 77.06430919279174, 12.23255434249994 ], [ 77.068692103180126, 12.234375961903728 ], [ 77.069343322253488, 12.237415229649905 ], [ 77.077856244545501, 12.236185010950894 ], [ 77.077077090488132, 12.219480927015036 ], [ 77.07884094952793, 12.219436164022639 ], [ 77.079314225617694, 12.221607774236888 ], [ 77.082559415502061, 12.221087531939348 ], [ 77.088119405318238, 12.219165128994225 ], [ 77.088358856285311, 12.217577176201967 ], [ 77.091210642569166, 12.219788451399364 ], [ 77.105224574969213, 12.219734674213329 ], [ 77.107105141065659, 12.240906802234715 ], [ 77.116337691426679, 12.240904395407068 ], [ 77.126256382326403, 12.243047265289919 ], [ 77.127191597252349, 12.235880945637524 ], [ 77.134551801326424, 12.229872288112279 ], [ 77.134691604713026, 12.224261393223504 ], [ 77.131552653255284, 12.21937778512736 ], [ 77.132574778144161, 12.210439225223196 ], [ 77.131482095248288, 12.205701405593681 ], [ 77.125519811764278, 12.202873627296997 ], [ 77.127068485455339, 12.20204601704862 ], [ 77.122892870396399, 12.194402861480917 ], [ 77.11398437758794, 12.192387490177635 ], [ 77.108036684788289, 12.187588755937767 ], [ 77.106133844901663, 12.187234402005204 ], [ 77.105993937244506, 12.189283697872336 ], [ 77.085445795819325, 12.190156124541325 ], [ 77.079701574762524, 12.18710936284914 ], [ 77.063614715440465, 12.171300214234108 ], [ 77.044083149945607, 12.169901665690432 ], [ 77.04382664462824, 12.162122014642483 ], [ 77.045697940955307, 12.161799971514673 ], [ 77.045513261274692, 12.159230160769487 ], [ 77.043541856405398, 12.157596392379428 ], [ 77.042449945257431, 12.152955153696178 ], [ 77.04028595269375, 12.152002275403612 ], [ 77.039320987164416, 12.143884111293305 ], [ 77.040250488968766, 12.138959960960509 ], [ 77.044392685104455, 12.141823293369027 ], [ 77.046018338636401, 12.135492878583811 ], [ 77.044218530321544, 12.135784911687114 ], [ 77.042914786593926, 12.1304584231414 ], [ 77.039714363205533, 12.128242594162982 ], [ 77.038644835774249, 12.136408486247817 ], [ 77.036926785079075, 12.138699225866661 ], [ 77.024209269510337, 12.137321466301046 ], [ 77.022320804847823, 12.134791131540215 ], [ 77.015795091440424, 12.133270308671364 ], [ 77.015576004121598, 12.136423966873442 ], [ 77.012239541679463, 12.13703842934799 ], [ 77.013287237929134, 12.151281092787666 ], [ 77.011319727214328, 12.153677692391126 ], [ 77.012308584775198, 12.156312178765189 ], [ 77.014153659111642, 12.156579065100823 ], [ 77.013980455558666, 12.162521233421689 ], [ 77.002912836013138, 12.160539788879014 ], [ 77.002782043829356, 12.165894854156289 ], [ 76.997219612478773, 12.166600562599431 ], [ 76.998608364144175, 12.177149669333273 ], [ 76.992223366725909, 12.176194422368221 ], [ 76.990282193258096, 12.173560766109087 ], [ 76.990071099154903, 12.170934220459362 ], [ 76.991688444826622, 12.170155881064037 ], [ 76.990739393484191, 12.162384054907367 ], [ 76.988133655203981, 12.162015874978113 ], [ 76.989459000060478, 12.154816762713249 ], [ 76.988881383638173, 12.140671636685093 ], [ 76.986841931386067, 12.141106643887403 ], [ 76.986618417321623, 12.138203637109189 ], [ 76.982333137863506, 12.138358379684467 ], [ 76.982268257102533, 12.136454993011098 ], [ 76.980392972780663, 12.136517403966149 ], [ 76.979567090952244, 12.134223256472289 ], [ 76.976366881589101, 12.134314741430689 ], [ 76.976177390842153, 12.12308757709409 ], [ 76.968893849405291, 12.122288153114143 ], [ 76.968621739072901, 12.116902023321488 ], [ 76.970732906182391, 12.116894380111736 ], [ 76.970793418542726, 12.112828317904137 ], [ 76.948637533323804, 12.097847639192834 ], [ 76.936668394007015, 12.101983214992671 ], [ 76.933256159554787, 12.107246629691431 ], [ 76.930281552022805, 12.107252530548815 ], [ 76.930274563778852, 12.109508975649486 ], [ 76.926019987518515, 12.109717439840049 ], [ 76.923801437795603, 12.11467853465367 ], [ 76.906771620304184, 12.113494012736474 ], [ 76.903031780028996, 12.116789010463446 ], [ 76.902998812228901, 12.123222617423407 ], [ 76.890429573778633, 12.121687510669313 ], [ 76.890596777730821, 12.131136392525155 ], [ 76.881821374021754, 12.129732341915302 ], [ 76.874730187677258, 12.138993855318857 ], [ 76.871250618092631, 12.140878231953705 ], [ 76.869870742544663, 12.148055398659956 ], [ 76.871092396625684, 12.151303635201009 ], [ 76.867661988725018, 12.161689939172346 ], [ 76.869385089943307, 12.16210227838873 ], [ 76.871299552311612, 12.173992178156295 ], [ 76.865482230060053, 12.174290763988424 ], [ 76.865507958451516, 12.176659381485836 ], [ 76.863371130789986, 12.176673387095907 ], [ 76.862473344788796, 12.180240075779295 ], [ 76.85604082701667, 12.180962818282122 ], [ 76.851258262334341, 12.179161533977457 ], [ 76.853368755069425, 12.170836093181212 ], [ 76.845486640134496, 12.168683967624036 ], [ 76.846311915007874, 12.164012029092847 ], [ 76.850904648742855, 12.163355307553152 ], [ 76.852097883186346, 12.158958086873447 ], [ 76.844421301834828, 12.156284838283554 ], [ 76.840875294061718, 12.156794746044149 ], [ 76.841062247671431, 12.14547875220045 ], [ 76.839214058925123, 12.145126463432021 ], [ 76.837452827655724, 12.141116968666868 ], [ 76.831088260681213, 12.135554018923278 ], [ 76.831375324653948, 12.132744393906215 ], [ 76.838290671584787, 12.123354316560174 ], [ 76.845424437528877, 12.11917133698879 ], [ 76.845228802076562, 12.113255942250577 ], [ 76.847667778229365, 12.117724315185159 ], [ 76.860594955257739, 12.115979338252105 ], [ 76.868084579354218, 12.117875455162652 ], [ 76.876708770333565, 12.115370152289088 ], [ 76.8773322076499, 12.10494903810978 ], [ 76.879677122706454, 12.104256367797097 ], [ 76.87848031097657, 12.099900976719812 ], [ 76.880871686782328, 12.098108860763357 ], [ 76.883877008483609, 12.083178670552654 ], [ 76.873864064372498, 12.074839065886495 ], [ 76.87028257110056, 12.063354905528248 ], [ 76.854211565223196, 12.062744179726151 ], [ 76.85318023463833, 12.060276268839621 ], [ 76.867379194927466, 12.060068925118177 ], [ 76.870547865888724, 12.055999117469788 ], [ 76.890739189186775, 12.058791898931714 ], [ 76.888908923007861, 12.052271920489629 ], [ 76.890037078059919, 12.049740157729357 ], [ 76.900702642124017, 12.046923440718029 ], [ 76.89906271152411, 12.043370887600076 ], [ 76.901676991594456, 12.04332858599439 ], [ 76.902893027428064, 12.045114166187259 ], [ 76.904751422906571, 12.042463879826999 ], [ 76.910327135182996, 12.041699908956325 ], [ 76.910347892748447, 12.036635903890094 ], [ 76.913340376138066, 12.035514342297544 ], [ 76.915295274661375, 12.025836127896918 ], [ 76.938968893707781, 12.026499394612161 ], [ 76.938085468769614, 12.017491690343148 ], [ 76.935864893229834, 12.01297667396687 ], [ 76.922569548516876, 12.012512406323628 ], [ 76.918511275771436, 12.007318284942247 ], [ 76.904335675889186, 11.998527032525017 ], [ 76.886530013173655, 11.999521306456328 ], [ 76.883763942675898, 12.007065407528124 ], [ 76.883153170167176, 12.015600453494972 ], [ 76.876001146962366, 12.008449167162114 ], [ 76.873845876761209, 12.008416762540731 ], [ 76.872815457979115, 12.005552767800827 ], [ 76.858362236078761, 12.007391956124664 ], [ 76.856287458093547, 11.999582355652247 ], [ 76.845831483119881, 11.998613406325505 ], [ 76.8370459106429, 11.999702925668764 ], [ 76.837434121847068, 12.003514017856988 ], [ 76.833315496245689, 12.003806288378854 ], [ 76.833243295037761, 12.005736847471633 ], [ 76.829006358666589, 12.006082664446488 ], [ 76.827478828820617, 12.008503299729032 ], [ 76.82155490069384, 12.010062758952403 ], [ 76.82257977990507, 12.017615486866161 ], [ 76.820483058295395, 12.028112101108171 ], [ 76.817973906742381, 12.028026105880272 ], [ 76.811409444196428, 12.027312333434599 ], [ 76.8111181111679, 12.021829693195123 ], [ 76.805549222710368, 12.020675291323796 ], [ 76.805749707293998, 12.018271182516926 ], [ 76.799302030437119, 12.017341151334985 ], [ 76.794247660186727, 12.01375267868803 ], [ 76.791470148083363, 12.005733374057453 ], [ 76.795716443718206, 12.003699758111168 ], [ 76.796305741395784, 11.98925576996235 ], [ 76.792759692990373, 11.988457710559484 ], [ 76.792599216305931, 11.986519011787273 ], [ 76.787414449300712, 11.98549811854936 ], [ 76.767729828896023, 11.992296932122825 ], [ 76.764230963445812, 11.99909868274521 ], [ 76.749358259275951, 11.999548930582998 ], [ 76.74925822716466, 12.00125055132801 ], [ 76.745925660955749, 12.001952646970238 ], [ 76.746303315029564, 12.008248477901603 ], [ 76.742717821958166, 12.00847629465455 ], [ 76.742606583572197, 12.009879181511323 ], [ 76.740917636637448, 12.009787316374133 ], [ 76.739531695589278, 12.0054257343819 ], [ 76.736130175987896, 12.005370955434747 ], [ 76.736270537590372, 12.003160315382109 ], [ 76.733185252880304, 12.002744461991831 ], [ 76.732020169722219, 11.994577957054922 ], [ 76.729856294518342, 11.990524815378445 ], [ 76.724816957226196, 11.987842933723638 ], [ 76.716771329959485, 11.988152816461692 ], [ 76.716017792314929, 11.984018748072044 ], [ 76.703088547211436, 11.985247761731658 ], [ 76.704130687547504, 11.990989398301165 ], [ 76.702470383014102, 11.991236017430507 ], [ 76.699698010820882, 11.998201310302383 ], [ 76.694796399126787, 12.000605126190274 ], [ 76.674173906425409, 12.001485439095584 ], [ 76.672629645141896, 12.001933969103828 ], [ 76.671569777256906, 12.006066270732543 ], [ 76.659750180956408, 12.007769636314723 ], [ 76.653420192124457, 12.00619676401527 ], [ 76.650618790366522, 12.007355222698431 ], [ 76.642028084631065, 11.981775382469904 ], [ 76.635734899805726, 11.981815058229881 ], [ 76.620585495662453, 11.989855263118622 ], [ 76.609244299090946, 11.992487399103084 ], [ 76.597080822866133, 11.984368661411596 ], [ 76.592571382610501, 11.986519353271044 ], [ 76.585639913152662, 11.985558704124209 ], [ 76.579270659540214, 11.98756604109114 ], [ 76.577020962289168, 11.982702542286871 ], [ 76.57629617442079, 11.973473582398592 ], [ 76.572738147483861, 11.964741835977902 ], [ 76.557849869783738, 11.947817294172996 ], [ 76.560232745346028, 11.94433215843187 ], [ 76.571488155549346, 11.939405962954355 ], [ 76.570597135258978, 11.928139753564931 ], [ 76.576988488900952, 11.922688288109809 ], [ 76.571451280809043, 11.904017266686214 ], [ 76.568505309069181, 11.899675999080291 ], [ 76.571401344615936, 11.899888365645721 ], [ 76.565522440261574, 11.892735931949268 ], [ 76.564087789522233, 11.893127378833348 ], [ 76.564338391450775, 11.891488185659444 ], [ 76.55727717936702, 11.893393204078608 ], [ 76.554323810794045, 11.858314607883804 ], [ 76.531704198734502, 11.87484886616873 ], [ 76.500535535040612, 11.863226247824295 ], [ 76.489044762298306, 11.863398650595823 ], [ 76.484965512475895, 11.855751035071837 ], [ 76.482096976069485, 11.842862693361884 ], [ 76.485866936790089, 11.822631226731446 ], [ 76.459830634399466, 11.820128037085967 ], [ 76.455470966956383, 11.796585641318071 ], [ 76.452806094226858, 11.799694932091606 ], [ 76.439794010332335, 11.800375156534511 ], [ 76.425821108912544, 11.806652408788976 ], [ 76.421744623580508, 11.806694707903349 ], [ 76.413921940698913, 11.813061142719549 ], [ 76.413220472682667, 11.816774973817058 ], [ 76.409380712165742, 11.815362727044695 ], [ 76.409712622171881, 11.810456350547431 ], [ 76.411963869553418, 11.808311420864847 ], [ 76.421185873022523, 11.803356880673995 ], [ 76.425656827900298, 11.80411072395011 ], [ 76.42522608693848, 11.800632400883817 ], [ 76.42822263142611, 11.795534188621364 ], [ 76.425929739412553, 11.793488498512284 ], [ 76.421184541641992, 11.79614354304999 ], [ 76.422317303929134, 11.792155052942642 ], [ 76.420000632794086, 11.790193149259578 ], [ 76.415019302350885, 11.790361489148754 ], [ 76.41110436717004, 11.788256744990568 ], [ 76.416657323754805, 11.784038207089562 ], [ 76.412662631474461, 11.781512862769011 ], [ 76.412942919778672, 11.779349013852896 ], [ 76.423008621613477, 11.776298153525797 ], [ 76.421434383192533, 11.771113515649837 ], [ 76.4129976517182, 11.763355494474224 ], [ 76.412523752319359, 11.758497927122509 ], [ 76.409212699548576, 11.758753736274194 ], [ 76.398648169403927, 11.751420847058593 ], [ 76.393608962303489, 11.755355349591648 ], [ 76.390558739719353, 11.753801256394045 ], [ 76.386388464560397, 11.748173138116771 ], [ 76.378773977068235, 11.744956702933985 ], [ 76.366823090340816, 11.747489864493593 ], [ 76.352123760707258, 11.73848970865841 ], [ 76.350013510155819, 11.739789191769995 ], [ 76.34039273119906, 11.737804537581738 ], [ 76.328818544590618, 11.748236777690417 ], [ 76.317672734626299, 11.751631943379822 ], [ 76.31116053190506, 11.774499465017731 ], [ 76.299503147530146, 11.782489385919416 ], [ 76.295798804550643, 11.786765199332697 ], [ 76.280715823733701, 11.811510825595301 ], [ 76.275163802347421, 11.812094911281134 ], [ 76.259830260693946, 11.809084193106571 ], [ 76.248982256454696, 11.803657151188455 ], [ 76.238982221234906, 11.802611295256639 ], [ 76.230523326371596, 11.804555105751328 ], [ 76.222849109647129, 11.808777510221921 ], [ 76.218118144884201, 11.813456189535593 ], [ 76.218556533250407, 11.817005214161524 ], [ 76.215725067092208, 11.822618992413616 ], [ 76.209873001025898, 11.829082625627921 ], [ 76.21312467506452, 11.842879936867636 ], [ 76.210210530997713, 11.847944781853135 ], [ 76.209565260598808, 11.856027679389609 ], [ 76.207103461892231, 11.862545523490327 ], [ 76.205506184246815, 11.861186332987181 ], [ 76.200148899307806, 11.862681716715214 ], [ 76.198924897562151, 11.865268341220798 ], [ 76.187100488952098, 11.872020990685131 ], [ 76.186815650539216, 11.870902002647792 ], [ 76.16978086893215, 11.869063390571515 ], [ 76.165826939762013, 11.865936949279975 ], [ 76.154531633910807, 11.868576878617763 ], [ 76.147409574512196, 11.866203386316833 ], [ 76.143137156516389, 11.861549642513989 ], [ 76.142269753880285, 11.862366349394158 ], [ 76.135892961543149, 11.857687675395159 ], [ 76.132255582105671, 11.852952612924257 ], [ 76.127036587961442, 11.853301244083321 ], [ 76.12096326095417, 11.848914825368794 ], [ 76.116773974339878, 11.855172635964534 ], [ 76.117392109461946, 11.856824814721552 ], [ 76.113651857428991, 11.857943469376673 ], [ 76.114937410884281, 11.866837396471569 ], [ 76.110713935114177, 11.892936912923473 ], [ 76.111903990362663, 11.90460544525869 ], [ 76.108830095931125, 11.922092171749911 ], [ 76.109939559540678, 11.976906954651145 ], [ 76.115190254319671, 11.979171079825614 ], [ 76.122235386913943, 11.979368064420388 ], [ 76.134836611669044, 11.993021899934746 ], [ 76.136972244468723, 11.998699016548754 ], [ 76.145038309853064, 12.006825490151517 ], [ 76.148104593695138, 12.015230500585465 ], [ 76.158047939177621, 12.022122470781314 ], [ 76.177279154908561, 12.029420496531595 ], [ 76.183781679954805, 12.035861675846245 ], [ 76.188959047251501, 12.050384569426074 ], [ 76.178294950713592, 12.069829566608306 ], [ 76.175099678401992, 12.081727343909449 ], [ 76.176458698646826, 12.099602783224432 ], [ 76.171780059306911, 12.108253477248038 ], [ 76.170893089937934, 12.118035964214704 ], [ 76.166552876488424, 12.122951929534235 ], [ 76.161065981970225, 12.134362575382024 ], [ 76.150700145586868, 12.143151865912474 ], [ 76.143124282991863, 12.15688982384313 ], [ 76.141241856917517, 12.168367945533843 ], [ 76.138596380464435, 12.170764119350553 ], [ 76.135026546153824, 12.181949892137203 ], [ 76.135052087523235, 12.187986937643254 ], [ 76.137651167523174, 12.188695832785641 ], [ 76.134091258926816, 12.192151446031531 ], [ 76.131535621019864, 12.197840939621937 ], [ 76.125522749336781, 12.193992515096364 ], [ 76.118838235640894, 12.192590321213098 ], [ 76.102249564690595, 12.196653138820343 ], [ 76.095203503647227, 12.207325640377791 ], [ 76.09383820978428, 12.213480087053034 ], [ 76.08218278579821, 12.221323182047202 ], [ 76.073100181966112, 12.234592494295496 ], [ 76.073260124666021, 12.239572871808234 ], [ 76.068242071388127, 12.242147836088089 ], [ 76.064158656103828, 12.246772535315191 ], [ 76.060020715196131, 12.248007173261676 ], [ 76.059601284911494, 12.253741268800466 ], [ 76.057159067676125, 12.253127122834131 ], [ 76.057296829290337, 12.247866424210919 ], [ 76.051810656202122, 12.245734404543343 ], [ 76.050877644932257, 12.247836043298086 ], [ 76.040356882808481, 12.252589428531033 ], [ 76.034895711968446, 12.25078130470826 ], [ 76.03127231039521, 12.252122684893648 ], [ 76.02612136574146, 12.2514290719554 ], [ 76.024503291005729, 12.248497919743251 ], [ 76.020934051598616, 12.252974728455634 ], [ 76.013531517299796, 12.268847392187411 ], [ 76.016315641486358, 12.272450641436812 ], [ 76.013292672232382, 12.284529475048682 ], [ 76.014062192906891, 12.292646880704837 ], [ 76.004613345839289, 12.305436409466038 ], [ 75.997897687868416, 12.308069384577896 ], [ 75.996269068486939, 12.311345242576094 ], [ 75.997117105872817, 12.315174868455781 ], [ 75.994381800652832, 12.317843298725185 ], [ 75.993856821477465, 12.321113083655417 ], [ 75.995794896801357, 12.324160840906302 ], [ 76.00251068857014, 12.329921892560929 ], [ 75.994042592084, 12.335890765360556 ], [ 75.988826783583306, 12.336328299894864 ], [ 75.983282052245613, 12.34268439051217 ], [ 75.976902762060433, 12.340350557972235 ], [ 75.965965646247909, 12.344761546823168 ], [ 75.968518827381928, 12.350469837370778 ], [ 75.971736494237803, 12.353000379614024 ], [ 75.963340347880646, 12.357744575936124 ], [ 75.9480274754834, 12.369874708435701 ], [ 75.943534148651281, 12.371046365272566 ], [ 75.931900759297392, 12.382310310651643 ], [ 75.920515037401699, 12.387507854470751 ], [ 75.916163417325933, 12.386530633594047 ], [ 75.914797853084153, 12.383293043742603 ], [ 75.910061363989144, 12.394351628621422 ], [ 75.909715331284787, 12.399752809922983 ], [ 75.911718923938253, 12.408353643611971 ], [ 75.915176137115168, 12.409773257217616 ], [ 75.922451972872167, 12.422692711913291 ], [ 75.922507445052986, 12.430936822047736 ], [ 75.925876211488443, 12.436901542760388 ], [ 75.93072864604747, 12.437830812474436 ], [ 75.932238699522941, 12.439669673728343 ], [ 75.936523455644149, 12.438271020795584 ], [ 75.938363700518181, 12.443069099924129 ], [ 75.946309270637386, 12.449570435045002 ], [ 75.959960039677057, 12.451797945914263 ], [ 75.968056881197583, 12.447269075886961 ], [ 75.971991451778152, 12.450092500817689 ], [ 75.96814251245047, 12.455962435395707 ], [ 75.967292276176451, 12.464637080842435 ], [ 75.972043249942487, 12.470688521360886 ], [ 75.968229247536414, 12.470895886660609 ], [ 75.965067773075518, 12.473374466547524 ], [ 75.964642099175933, 12.475349076539556 ], [ 75.96710264207077, 12.478355832295884 ], [ 75.966768070925596, 12.48303253423434 ], [ 75.960790485287205, 12.484464845476586 ], [ 75.959061160443909, 12.488883686249874 ], [ 75.962617525991547, 12.497594416643576 ], [ 75.96029637638776, 12.501174477568716 ], [ 75.959943334912779, 12.505272196746173 ], [ 75.963326787529866, 12.509855518501508 ], [ 75.972093866708931, 12.511699390263145 ], [ 75.974040085742487, 12.519357312445695 ], [ 75.975745218345992, 12.520213049762059 ], [ 75.986497290401729, 12.519450944890854 ], [ 75.993138155755418, 12.521305620208526 ], [ 75.992593445370659, 12.529204532443787 ], [ 75.982449449451067, 12.540913558698273 ], [ 75.985682889180524, 12.544576249816956 ], [ 75.995151303710898, 12.54088108772565 ], [ 75.998400166591608, 12.546036416218117 ], [ 75.997732470734846, 12.550976622073593 ], [ 75.99041474747446, 12.556217445256291 ], [ 75.990515071617594, 12.559437315591053 ], [ 75.992393659796562, 12.561656442054302 ], [ 75.996355464551797, 12.562073997067564 ], [ 76.00687169571701, 12.555037010482209 ], [ 76.011847727422179, 12.553989601890546 ], [ 76.011818390575996, 12.560337065200578 ], [ 76.017738334653515, 12.565521488053385 ], [ 76.018199992077228, 12.570905805305607 ], [ 76.021453902006542, 12.577176404925055 ], [ 76.029063740704345, 12.575711539448058 ], [ 76.03079440024851, 12.577043997757313 ], [ 76.034185529710882, 12.575191926934485 ], [ 76.045966862010303, 12.577578695066833 ], [ 76.047769892650592, 12.561299927191078 ], [ 76.055808039859031, 12.558502115148425 ], [ 76.058080418826393, 12.556158041481103 ], [ 76.063738278880649, 12.556390971601598 ], [ 76.066204008593118, 12.558232681922503 ], [ 76.069811799989481, 12.556680728075429 ], [ 76.070191515577136, 12.549423355484699 ], [ 76.074618826204087, 12.550327648365942 ], [ 76.073975816931579, 12.547699200305443 ], [ 76.080116736543545, 12.545627302882737 ], [ 76.080279660789813, 12.543617921340383 ], [ 76.082828232070611, 12.544520714482287 ], [ 76.084386558045409, 12.542889780320534 ], [ 76.087828247018152, 12.543172919414944 ], [ 76.088480788420171, 12.54580038497916 ], [ 76.089150915160815, 12.543597930438457 ], [ 76.089848765662509, 12.547333264951298 ], [ 76.093864783349034, 12.543145242317443 ], [ 76.08874565644399, 12.543579362529814 ], [ 76.086621735475632, 12.53779364317093 ], [ 76.089520213484391, 12.538296399961732 ], [ 76.093463932746346, 12.535446403578641 ], [ 76.093645580837901, 12.533625122680625 ], [ 76.099248453659456, 12.532262967426966 ], [ 76.09818571240308, 12.528884028861892 ], [ 76.103534690912596, 12.530310828934406 ], [ 76.103250112798747, 12.528011407674486 ], [ 76.101030762233009, 12.526788882277003 ], [ 76.10360843827317, 12.523231736079543 ], [ 76.104362488846647, 12.518533619272745 ], [ 76.109199101283068, 12.517746378787365 ], [ 76.111882665281556, 12.51361216524395 ], [ 76.115974426144774, 12.512446896207488 ], [ 76.115694350133154, 12.51742666931869 ], [ 76.117934927541157, 12.517558414240359 ], [ 76.119567244491648, 12.521959183856714 ], [ 76.115414837551143, 12.529232672472684 ], [ 76.134675841001467, 12.529579273852962 ], [ 76.135986403430223, 12.537780352690849 ], [ 76.143673634112247, 12.536605090072428 ], [ 76.143912108162695, 12.54507591710839 ], [ 76.152610850646312, 12.546467374069534 ], [ 76.150725414439748, 12.54896957262874 ], [ 76.151239951342035, 12.551760622890594 ], [ 76.156394773708712, 12.563560951962932 ], [ 76.147693903729518, 12.565799907382734 ], [ 76.150205816216769, 12.573756617761276 ], [ 76.148966275421543, 12.573819595225686 ], [ 76.151842936369803, 12.576796095003985 ], [ 76.152254598930242, 12.580144760698769 ], [ 76.158114391717348, 12.578535450975133 ], [ 76.167615230615311, 12.58007884516098 ], [ 76.180645577364587, 12.57521003396042 ], [ 76.183951580899802, 12.577225734910355 ], [ 76.196434436664944, 12.577485126137228 ], [ 76.194758337544926, 12.582845517192908 ], [ 76.192234186697391, 12.585174477089137 ], [ 76.193081818229587, 12.587680396601646 ], [ 76.191791898496959, 12.589990989623599 ], [ 76.193383470508422, 12.591669192906833 ], [ 76.192082192905303, 12.593325605859299 ], [ 76.20052761214896, 12.60571897089878 ], [ 76.20436000227464, 12.614732446964188 ], [ 76.206027928671915, 12.616389161471254 ], [ 76.213563118254754, 12.616726965270701 ], [ 76.216452447054976, 12.625303174328472 ], [ 76.207183854942144, 12.629080979590348 ], [ 76.207511442521593, 12.63495307794896 ], [ 76.209682417182677, 12.638381900668534 ], [ 76.213363566390896, 12.639418508933108 ], [ 76.218213447544485, 12.644102847567334 ], [ 76.231072734730546, 12.644141102686552 ], [ 76.236508858889295, 12.640902805384023 ], [ 76.236659444137203, 12.638958614558952 ], [ 76.243837209536636, 12.637711514776285 ], [ 76.246967014220843, 12.635421128126982 ], [ 76.245771932113357, 12.625771665702453 ], [ 76.25360445276543, 12.623490788607468 ], [ 76.253433875172689, 12.621436739177261 ], [ 76.255137348777339, 12.62059398055418 ], [ 76.258124688170881, 12.621981088125345 ], [ 76.26546363098889, 12.619081722434457 ], [ 76.266775547328251, 12.623914052315317 ], [ 76.265830873673266, 12.628616983007726 ], [ 76.277139425053264, 12.631566857473096 ], [ 76.277994786179562, 12.633442294111079 ], [ 76.279368212171391, 12.633368730831419 ], [ 76.279085880389204, 12.631120208339455 ], [ 76.281533761006415, 12.630643974720178 ], [ 76.279153266582057, 12.623517301933772 ], [ 76.279618011758913, 12.61704612980439 ], [ 76.287281279543777, 12.615555915043037 ], [ 76.290738789243193, 12.616850944469297 ], [ 76.292490570395202, 12.626780113809319 ], [ 76.29511396841967, 12.627240198058592 ], [ 76.29558429407173, 12.628788569994766 ], [ 76.299644460226773, 12.628986904652693 ], [ 76.299043817803422, 12.624975362346701 ], [ 76.301140878944935, 12.624735284661536 ], [ 76.300954853434547, 12.621947669862392 ], [ 76.303604321541513, 12.621794741215592 ] ], [ [ 76.984231965810054, 12.259412158451301 ], [ 76.985813709653883, 12.264427309110394 ], [ 76.978884637738147, 12.275387063716995 ], [ 76.968910963187426, 12.277499200351958 ], [ 76.969026304369564, 12.260089657127452 ], [ 76.971991591096398, 12.253633321411286 ], [ 76.975102146701772, 12.253872139038748 ], [ 76.976311496320974, 12.255799350842304 ], [ 76.982344064417589, 12.256296104189344 ], [ 76.982840563209322, 12.259384326206169 ], [ 76.984231965810054, 12.259412158451301 ] ], [ [ 76.906858486469972, 12.356066885548499 ], [ 76.9199187707341, 12.359894351476687 ], [ 76.91771134490655, 12.367425340110294 ], [ 76.922350821465201, 12.373958375160816 ], [ 76.922870612724807, 12.382494005149409 ], [ 76.910709689918718, 12.384024298426221 ], [ 76.908151456737755, 12.375950419274341 ], [ 76.898933754797142, 12.37435203760343 ], [ 76.898192155974826, 12.356784977696805 ], [ 76.906858486469972, 12.356066885548499 ] ] ] } },
{ "type": "Feature", "properties": { "DISTRICT": "Raichur" }, "geometry": { "type": "Polygon", "coordinates": [ [ [ 76.733861379425051, 15.592247688068161 ], [ 76.723516633377926, 15.591019055503768 ], [ 76.701146647337964, 15.594260030179985 ], [ 76.700520855988287, 15.590917290669388 ], [ 76.688839222929602, 15.595620004966861 ], [ 76.69125748295582, 15.603121292636901 ], [ 76.682202289216761, 15.607087874695193 ], [ 76.6799564690794, 15.606649653776847 ], [ 76.679951021030774, 15.622434053548554 ], [ 76.68065827367505, 15.626712792246339 ], [ 76.693529434903212, 15.624629868898575 ], [ 76.694312938810782, 15.645397696376724 ], [ 76.692355946828627, 15.647985536228848 ], [ 76.685201618389982, 15.647916371253926 ], [ 76.676759774733952, 15.641130240973844 ], [ 76.674247897346973, 15.641746599349897 ], [ 76.670170921358903, 15.639033117110072 ], [ 76.671946534825707, 15.658021146500113 ], [ 76.653447879765608, 15.660412825845583 ], [ 76.653870178694561, 15.665876063097162 ], [ 76.631225881536182, 15.670571356615135 ], [ 76.61064727500812, 15.670311880378421 ], [ 76.599498591724668, 15.673468242439068 ], [ 76.598001357640044, 15.695812315529139 ], [ 76.575656339333506, 15.698909995564184 ], [ 76.575915494513268, 15.700604105460711 ], [ 76.562261495352629, 15.705619208556078 ], [ 76.56164104810864, 15.702838785993304 ], [ 76.550704807398759, 15.699027695800188 ], [ 76.541425815333056, 15.698696578546175 ], [ 76.544295813923071, 15.703497110229772 ], [ 76.539828688828905, 15.704284281418458 ], [ 76.535554523903883, 15.703461302280061 ], [ 76.535763344193768, 15.699120433844241 ], [ 76.531816281207597, 15.699434069007339 ], [ 76.528898517848674, 15.700826127463442 ], [ 76.527648459835007, 15.706733279134264 ], [ 76.509425861320793, 15.716959522997213 ], [ 76.491706524819605, 15.708119694039729 ], [ 76.489941597528599, 15.710915905776533 ], [ 76.49065561360247, 15.713091473716904 ], [ 76.48540506330707, 15.713854800495625 ], [ 76.482371369375983, 15.719302818864517 ], [ 76.476014515675885, 15.720841505180308 ], [ 76.469367553366553, 15.725040825424864 ], [ 76.459632164842873, 15.727608627167658 ], [ 76.446249133945486, 15.734203635900073 ], [ 76.443883471017458, 15.738906719347849 ], [ 76.447586671239321, 15.744379100805652 ], [ 76.439595831345954, 15.749472030904244 ], [ 76.43807580729711, 15.757789163846752 ], [ 76.439505222902852, 15.78432799754111 ], [ 76.433708871490026, 15.787378253991962 ], [ 76.422139510572237, 15.785858660830437 ], [ 76.42204471306357, 15.790908801519887 ], [ 76.414977144443, 15.791561127736498 ], [ 76.412792760964876, 15.796540362623384 ], [ 76.412885322750327, 15.804188828163513 ], [ 76.417297707115267, 15.806612049404917 ], [ 76.420486368540352, 15.805585976790066 ], [ 76.422463406612152, 15.810386233853851 ], [ 76.421802667100579, 15.812535993350235 ], [ 76.425587717743767, 15.813419940418196 ], [ 76.436402553039301, 15.823754646468506 ], [ 76.438361671783468, 15.824758031001537 ], [ 76.442315501344595, 15.823494635439271 ], [ 76.445963998732623, 15.833762448098296 ], [ 76.448926397968876, 15.836378993196949 ], [ 76.450940031431557, 15.843897250934708 ], [ 76.451005708605948, 15.854625703116502 ], [ 76.448894836203152, 15.852738194056782 ], [ 76.416785145914915, 15.864819022582809 ], [ 76.419269649660251, 15.871345407658204 ], [ 76.42205427871437, 15.873165458505271 ], [ 76.424037627036327, 15.888008216117653 ], [ 76.426716127493449, 15.890408406200097 ], [ 76.424925487201421, 15.891661881849091 ], [ 76.417362705419734, 15.895705042297193 ], [ 76.410239384659377, 15.896622335664414 ], [ 76.404172651335458, 15.899334683585527 ], [ 76.403411499604275, 15.902065104746166 ], [ 76.394256538068802, 15.903134870434528 ], [ 76.375137382637277, 15.9022249958652 ], [ 76.374696024962233, 15.912892554518644 ], [ 76.372878507152762, 15.91749399303521 ], [ 76.370244505774906, 15.91289574078619 ], [ 76.362304025614051, 15.911617653476027 ], [ 76.357969109953643, 15.908832021949658 ], [ 76.353699974869372, 15.903166885236635 ], [ 76.358525070013229, 15.90110187089663 ], [ 76.356868330638605, 15.897290862396535 ], [ 76.357353747352363, 15.881774860094117 ], [ 76.358804938325392, 15.881319164080081 ], [ 76.35546818566948, 15.865403853363434 ], [ 76.351244561146416, 15.863377484658374 ], [ 76.337744744300608, 15.871550717875747 ], [ 76.341817665467431, 15.876923192602929 ], [ 76.346162058430252, 15.890451113285311 ], [ 76.345066587497655, 15.900770582247118 ], [ 76.330163703077844, 15.905186988033133 ], [ 76.321116992161251, 15.903539787832017 ], [ 76.321148601207994, 15.901589679953195 ], [ 76.314582075346578, 15.899514173879149 ], [ 76.313288940604849, 15.894918020510536 ], [ 76.306498481937524, 15.893214715875962 ], [ 76.300695552870593, 15.896302147023048 ], [ 76.289756489103269, 15.892617006269317 ], [ 76.285383887000989, 15.902580302267427 ], [ 76.284447021167097, 15.917361604885885 ], [ 76.285666383308239, 15.93031637486575 ], [ 76.301836731217733, 15.930464507990834 ], [ 76.302624080547687, 15.923819753522148 ], [ 76.312731573274192, 15.922202829920005 ], [ 76.312858658766956, 15.928944864339947 ], [ 76.32860193451225, 15.932263851102574 ], [ 76.328903493341912, 15.934614911000503 ], [ 76.322465948368446, 15.955985506356717 ], [ 76.30932168189554, 15.9569871578926 ], [ 76.299913032971759, 15.976523409531213 ], [ 76.296476506229197, 15.992264515731604 ], [ 76.297897244180959, 15.998894851158976 ], [ 76.311739091667818, 16.000388930458072 ], [ 76.311087206074788, 16.013836903517365 ], [ 76.305451416695121, 16.025556394962297 ], [ 76.303287542183924, 16.039362754035086 ], [ 76.307093205538195, 16.06594552807373 ], [ 76.303200088796487, 16.067389288785755 ], [ 76.303881212727376, 16.07350260237088 ], [ 76.283893714349006, 16.075136724724523 ], [ 76.260356653082965, 16.073954477204492 ], [ 76.258834897844395, 16.091171910459391 ], [ 76.293817358650855, 16.088782919496147 ], [ 76.299234832839161, 16.084168986118105 ], [ 76.306308727376987, 16.083687187460679 ], [ 76.327535508120604, 16.077472383906709 ], [ 76.33250507516972, 16.091297045502785 ], [ 76.320335607928982, 16.093667313220422 ], [ 76.30416084054832, 16.101569930565446 ], [ 76.267821014594062, 16.109707594681492 ], [ 76.262039425346316, 16.097188877339487 ], [ 76.25578516951461, 16.097359570118105 ], [ 76.253066488810845, 16.104140144015162 ], [ 76.254157179229438, 16.109487077561191 ], [ 76.244615020569441, 16.113193707307342 ], [ 76.245252170311446, 16.122066636843012 ], [ 76.247719419171275, 16.12625076090794 ], [ 76.246590736717707, 16.128100587762198 ], [ 76.234275770300457, 16.130508359826727 ], [ 76.238465374403816, 16.16519298751043 ], [ 76.253567133599773, 16.160536283483331 ], [ 76.269834433070727, 16.152121227714378 ], [ 76.278848030873093, 16.152530360825203 ], [ 76.290113799795918, 16.16853111717413 ], [ 76.29371427972724, 16.18060854176149 ], [ 76.297122724324538, 16.185372585854942 ], [ 76.303432524188693, 16.18817156674163 ], [ 76.305622091123325, 16.185569149986918 ], [ 76.330089736664817, 16.193514563433467 ], [ 76.333207350849364, 16.191931649990863 ], [ 76.347894819105747, 16.198228327012814 ], [ 76.352740955115124, 16.201504692445464 ], [ 76.355362497852241, 16.205758551932931 ], [ 76.362093625864247, 16.20734367689381 ], [ 76.366159039179408, 16.212685630256114 ], [ 76.367718394252861, 16.21848761968759 ], [ 76.375423045353884, 16.219799155787246 ], [ 76.39476318459927, 16.230025521021894 ], [ 76.399333826391, 16.23956699797521 ], [ 76.414857972195804, 16.241626680419191 ], [ 76.415326241907707, 16.243754230602391 ], [ 76.412812070735583, 16.248800938852312 ], [ 76.413797129452789, 16.250521529018748 ], [ 76.426652658443217, 16.259178444979703 ], [ 76.432347058285799, 16.260699667716491 ], [ 76.44986650057902, 16.275866084084942 ], [ 76.451093436109929, 16.274236046096924 ], [ 76.463626781993071, 16.279656437469303 ], [ 76.463507796043828, 16.281083262530633 ], [ 76.476859360619244, 16.290812910665394 ], [ 76.491203570380804, 16.2971980717222 ], [ 76.500049020680606, 16.29914723478851 ], [ 76.498782305512847, 16.301686818375384 ], [ 76.536228817322282, 16.30876222888736 ], [ 76.539170529216577, 16.312328395392065 ], [ 76.566562544047983, 16.329662532944322 ], [ 76.580532471281316, 16.330984447727932 ], [ 76.59018224594459, 16.339763316531627 ], [ 76.612955060037464, 16.342098553295418 ], [ 76.623851935413811, 16.350040974384687 ], [ 76.632795982738855, 16.353922715669619 ], [ 76.64611316298398, 16.355917280240195 ], [ 76.658764042675983, 16.369605914303442 ], [ 76.673556961136072, 16.376237698162978 ], [ 76.685229363180568, 16.378705226161888 ], [ 76.706301862091351, 16.39076960873901 ], [ 76.708936962984936, 16.393207111586889 ], [ 76.707821732259703, 16.394421143245467 ], [ 76.714346173298495, 16.398004591964732 ], [ 76.72635696586876, 16.403780030536833 ], [ 76.735840221301331, 16.405478598707937 ], [ 76.735274672507231, 16.406641576559018 ], [ 76.745583792328816, 16.413284798840664 ], [ 76.755144401668346, 16.425290426404182 ], [ 76.760941681671227, 16.427132249194699 ], [ 76.767400292634861, 16.426394041322919 ], [ 76.780263606668427, 16.419882808770033 ], [ 76.787769577684898, 16.419451292844737 ], [ 76.825088491255755, 16.424467682669075 ], [ 76.844409644550879, 16.432066059125059 ], [ 76.863312791173158, 16.453935279321303 ], [ 76.865375252505359, 16.460386777726523 ], [ 76.863479211459691, 16.475344762091748 ], [ 76.864540003782778, 16.482817471403838 ], [ 76.872638544458695, 16.490366117777501 ], [ 76.884841412800299, 16.492355204687282 ], [ 76.900657024687177, 16.486986937540866 ], [ 76.906395605226237, 16.487308755896663 ], [ 76.959330874759914, 16.501978178208557 ], [ 76.971652181650967, 16.508345012155875 ], [ 76.975086430020454, 16.515471458095611 ], [ 76.974711403177395, 16.524289708962268 ], [ 76.968641780059556, 16.532626865242985 ], [ 76.966599612018726, 16.538287014491438 ], [ 76.965256881989376, 16.544447358496676 ], [ 76.966140325182892, 16.551147668932686 ], [ 76.974154478568039, 16.559636229750577 ], [ 76.983598889186595, 16.562158788442193 ], [ 76.994203256303521, 16.55967351513447 ], [ 77.007077402937, 16.548300171300745 ], [ 77.008162370505033, 16.536648889829404 ], [ 77.003691573113272, 16.513475335791163 ], [ 77.010075423003371, 16.50305106580392 ], [ 77.014265209127359, 16.501248949437869 ], [ 77.023688911206492, 16.503401910290091 ], [ 77.037540393237705, 16.516272404014142 ], [ 77.043516839275355, 16.519312401479255 ], [ 77.052459855955902, 16.520407888246616 ], [ 77.059363325456971, 16.518646012323909 ], [ 77.066295397189805, 16.513025968075386 ], [ 77.071493848131439, 16.506202743043712 ], [ 77.093876161839802, 16.495845652585039 ], [ 77.105972268987941, 16.486991797379925 ], [ 77.111314441371221, 16.484806502939993 ], [ 77.131159811654626, 16.482522651583718 ], [ 77.15314194864348, 16.474768224186278 ], [ 77.158595614542151, 16.46594720130285 ], [ 77.161148906841049, 16.448477700934532 ], [ 77.159012493118809, 16.448366066605146 ], [ 77.158837505719077, 16.446908244243478 ], [ 77.160787347141124, 16.442035532022206 ], [ 77.173767098547202, 16.430169779729507 ], [ 77.206801769999814, 16.426360936140696 ], [ 77.249891205757194, 16.415675216717418 ], [ 77.258298079854882, 16.411776172988873 ], [ 77.265329833127836, 16.405869807722389 ], [ 77.279735878108994, 16.406278564990988 ], [ 77.290296284551843, 16.412815068662681 ], [ 77.314330334831411, 16.401554842975219 ], [ 77.325348814696497, 16.401004495235057 ], [ 77.337806582535791, 16.397631244272556 ], [ 77.351941033363644, 16.386968607230227 ], [ 77.378363369957327, 16.38948587475522 ], [ 77.399030639130316, 16.375323130722695 ], [ 77.418053949298894, 16.370227951349246 ], [ 77.426119158214703, 16.372069107764922 ], [ 77.433030940597163, 16.377923000997026 ], [ 77.454263827764976, 16.383777369311058 ], [ 77.463100601986653, 16.385175279990008 ], [ 77.477340899956914, 16.382217214603809 ], [ 77.477283839509226, 16.383591397860268 ], [ 77.488325385900396, 16.38606589434443 ], [ 77.519615805233968, 16.377857552664583 ], [ 77.522104229549925, 16.378635628782966 ], [ 77.524467308191447, 16.377212269659363 ], [ 77.52311480712774, 16.374631026908975 ], [ 77.53241198723785, 16.366733325052472 ], [ 77.578646586850141, 16.342323998880911 ], [ 77.586548120857074, 16.348023796922359 ], [ 77.594725221537303, 16.347284285925994 ], [ 77.596414619591854, 16.337599793180043 ], [ 77.588363123417068, 16.332543498341668 ], [ 77.59099503945356, 16.325471741490617 ], [ 77.595158368380794, 16.321501752000437 ], [ 77.597213010029549, 16.316069954107583 ], [ 77.59239680785339, 16.30277728672683 ], [ 77.593201959476886, 16.297043684493413 ], [ 77.597496789673968, 16.293322781074799 ], [ 77.582183631699522, 16.290979154168269 ], [ 77.569238111793965, 16.303458391494331 ], [ 77.563667404248577, 16.301612326324239 ], [ 77.544933605442992, 16.291885147929545 ], [ 77.540770325574954, 16.285357287966253 ], [ 77.53715182438502, 16.266962784028586 ], [ 77.52991397666726, 16.272579732472515 ], [ 77.529481908854819, 16.27552136834845 ], [ 77.518325277467099, 16.279082755868057 ], [ 77.514281986857355, 16.277718679067309 ], [ 77.512837517454557, 16.275336476375383 ], [ 77.507816687803398, 16.275696811422293 ], [ 77.505230178373751, 16.272721097511532 ], [ 77.505351417638323, 16.267966134362183 ], [ 77.502201039839775, 16.262130240621818 ], [ 77.48980149704181, 16.255245248980049 ], [ 77.492621400113819, 16.244005842637623 ], [ 77.491907216209015, 16.229329062507571 ], [ 77.495626138326699, 16.226463621439972 ], [ 77.503371182989554, 16.230669965861861 ], [ 77.513750473647022, 16.230820167637017 ], [ 77.516553126945482, 16.22640244220117 ], [ 77.515198978720974, 16.221687481567464 ], [ 77.512043757421168, 16.220683680930534 ], [ 77.502009056768344, 16.224183560253071 ], [ 77.498943231861048, 16.210586626234964 ], [ 77.499844392847137, 16.199944844217704 ], [ 77.491220671659477, 16.184383472809149 ], [ 77.488529013841614, 16.171062948542442 ], [ 77.485651543082469, 16.164724646127009 ], [ 77.48593278689269, 16.163013607665306 ], [ 77.490199232582825, 16.160495022647652 ], [ 77.49126622339999, 16.154901695892946 ], [ 77.489805736250347, 16.148700190252299 ], [ 77.491576221626374, 16.145582744126969 ], [ 77.491960684223145, 16.13507015686049 ], [ 77.489944169831773, 16.120012667368322 ], [ 77.492485004765186, 16.121124576362476 ], [ 77.501518094456358, 16.120253404904695 ], [ 77.510917452754128, 16.112964183286877 ], [ 77.514493148341799, 16.106844414208993 ], [ 77.508366196487586, 16.109360552043984 ], [ 77.50079087619568, 16.106542484094124 ], [ 77.496522282736834, 16.094472146828899 ], [ 77.498485351695365, 16.084069359560285 ], [ 77.507133056117979, 16.080333090077879 ], [ 77.507301572642959, 16.078593599732248 ], [ 77.504069376851803, 16.071071558706119 ], [ 77.503879139896455, 16.063772380039051 ], [ 77.501611991811416, 16.064318716710901 ], [ 77.496265481486063, 16.054928131418897 ], [ 77.499580727457825, 16.053473450505809 ], [ 77.497285685198207, 16.04818109895438 ], [ 77.498355543119885, 16.044162648943129 ], [ 77.492948032102618, 16.039842702148309 ], [ 77.494706774283586, 16.039591977170726 ], [ 77.495250714344934, 16.030874077180943 ], [ 77.497161936979339, 16.029946891055765 ], [ 77.496837570785743, 16.028308736511185 ], [ 77.500658823091257, 16.026576868894214 ], [ 77.506594255381785, 16.010397996018465 ], [ 77.514192637686804, 16.008524995955494 ], [ 77.509493707630199, 15.980696393199374 ], [ 77.515355299228858, 15.967962089809927 ], [ 77.519301974562211, 15.967205565456895 ], [ 77.51744914041447, 15.946555881212461 ], [ 77.511961290283111, 15.923723412976114 ], [ 77.501033421090739, 15.927803292305736 ], [ 77.471769932349702, 15.933897599694202 ], [ 77.464020361588894, 15.933075019254252 ], [ 77.446710595322884, 15.941608904160757 ], [ 77.440273379555919, 15.940876513203287 ], [ 77.432041811029393, 15.94535916119667 ], [ 77.421662015042003, 15.944979600989907 ], [ 77.411594873373986, 15.939899327570462 ], [ 77.402751606606287, 15.941063572146556 ], [ 77.400737919297143, 15.942910424306289 ], [ 77.397412599406067, 15.942675798585157 ], [ 77.393625203671547, 15.939526020424696 ], [ 77.388047940289368, 15.938765750500179 ], [ 77.38724393854919, 15.942819498100816 ], [ 77.375238799061719, 15.944030059363909 ], [ 77.37284468059859, 15.940178607535918 ], [ 77.367244799326514, 15.944377593809115 ], [ 77.355943969359345, 15.945772470574436 ], [ 77.356657619616144, 15.953367243116082 ], [ 77.306052235762252, 15.952481746967367 ], [ 77.297906480709301, 15.955002460599204 ], [ 77.289551648393569, 15.951451320277037 ], [ 77.282483004476973, 15.950923024814072 ], [ 77.249680089038492, 15.960671048534005 ], [ 77.237602644621163, 15.954602944829375 ], [ 77.20349673963436, 15.953671970476098 ], [ 77.185180913232514, 15.95517695227848 ], [ 77.173240386450288, 15.949985346841887 ], [ 77.156220284819256, 15.951002488142315 ], [ 77.140324189370816, 15.936280762734349 ], [ 77.125151601107092, 15.930095568345903 ], [ 77.11429364300227, 15.929719372338765 ], [ 77.106795326854993, 15.926892615181298 ], [ 77.107771258572882, 15.925834952240161 ], [ 77.091318805121887, 15.913819682795152 ], [ 77.073903641291906, 15.904960185904685 ], [ 77.056350768898639, 15.877686368778241 ], [ 77.033895294590209, 15.854579427988785 ], [ 77.031950115238033, 15.848900238730083 ], [ 77.033764595825986, 15.846641139743799 ], [ 77.028453158836484, 15.835402930288975 ], [ 77.024423252548857, 15.837639936367836 ], [ 77.017836622953766, 15.824438636986418 ], [ 76.99573667982142, 15.807521646505478 ], [ 76.966981044902056, 15.780442760212306 ], [ 76.963148527195102, 15.773990944288288 ], [ 76.952490409612864, 15.76625153727041 ], [ 76.94282917891266, 15.763264375976805 ], [ 76.938596476818162, 15.759717622731843 ], [ 76.938385631671835, 15.756593660307347 ], [ 76.929695012793289, 15.743507311525478 ], [ 76.927550997534269, 15.735165070343314 ], [ 76.923841718614909, 15.730247402834115 ], [ 76.91506813292763, 15.701559009310142 ], [ 76.911027438847256, 15.698069573858021 ], [ 76.908580302180837, 15.693238639945696 ], [ 76.90020243250585, 15.688720110842839 ], [ 76.892677782277204, 15.687538715113 ], [ 76.887679467294717, 15.684997870015703 ], [ 76.88317278924022, 15.677843212877177 ], [ 76.859453025100848, 15.651305972072484 ], [ 76.859089848315804, 15.644770050791283 ], [ 76.845850554303624, 15.635934288090468 ], [ 76.841264445000903, 15.630410147453228 ], [ 76.831988800198062, 15.624030115289097 ], [ 76.82904470611733, 15.619371509103754 ], [ 76.832585241206658, 15.61430980485328 ], [ 76.835745998500343, 15.602036187664863 ], [ 76.831695478238487, 15.597814404528654 ], [ 76.833869588606944, 15.581427491217086 ], [ 76.829358514455336, 15.570095143697621 ], [ 76.827007217121206, 15.558566023935846 ], [ 76.817693692075309, 15.553226781091583 ], [ 76.812664855834598, 15.546756246987915 ], [ 76.797846442016194, 15.551363536504759 ], [ 76.794055676529098, 15.55425863945176 ], [ 76.779143439015101, 15.557120450062753 ], [ 76.770015849599218, 15.562570231494082 ], [ 76.758729609197886, 15.566819418490851 ], [ 76.755701728096355, 15.571480217324892 ], [ 76.755189825172906, 15.584541906009841 ], [ 76.752970083001912, 15.584641452117349 ], [ 76.748766718360372, 15.589906677823747 ], [ 76.733861379425051, 15.592247688068161 ] ] ] } },
{ "type": "Feature", "properties": { "DISTRICT": "Ramanagara" }, "geometry": { "type": "MultiPolygon", "coordinates": [ [ [ [ 77.300318527561714, 12.315594313855511 ], [ 77.300412543605063, 12.319455409187709 ], [ 77.30122142569347, 12.320194556287312 ], [ 77.304370074386938, 12.316538592327293 ], [ 77.303007009085007, 12.315016660670175 ], [ 77.300318527561714, 12.315594313855511 ] ] ], [ [ [ 77.302862417046953, 12.35417442084553 ], [ 77.302208932147337, 12.353746158829122 ], [ 77.302495012634068, 12.355265390236676 ], [ 77.302862417046953, 12.35417442084553 ] ] ], [ [ [ 77.291113129506087, 12.361097273932565 ], [ 77.294866016005187, 12.357449564921751 ], [ 77.292986858658992, 12.353158542499813 ], [ 77.287282773160811, 12.354012425738349 ], [ 77.289033136937491, 12.359402842800554 ], [ 77.288198165003109, 12.36161999884124 ], [ 77.291113129506087, 12.361097273932565 ] ] ], [ [ [ 77.305352281614347, 12.362864596708256 ], [ 77.308407123919366, 12.362336605021909 ], [ 77.308943926813086, 12.358104947365156 ], [ 77.30598053350819, 12.360181463902871 ], [ 77.303029267045801, 12.357538207746943 ], [ 77.303763994516075, 12.354792013759148 ], [ 77.303118334402953, 12.353821987734095 ], [ 77.302697179331759, 12.359052069743557 ], [ 77.305587333590168, 12.360825557267139 ], [ 77.305352281614347, 12.362864596708256 ] ] ], [ [ [ 77.292519422147436, 12.368627351380404 ], [ 77.290015079083219, 12.371239625736772 ], [ 77.292316730424361, 12.371016030956243 ], [ 77.292519422147436, 12.368627351380404 ] ] ], [ [ [ 77.596056329859579, 12.650633028833356 ], [ 77.598573652835483, 12.642625864640824 ], [ 77.600491212500373, 12.643051762815567 ], [ 77.604106908099126, 12.636662828942672 ], [ 77.604781880746899, 12.627583095165418 ], [ 77.598202339840014, 12.624672920081029 ], [ 77.591249305848791, 12.617170135119036 ], [ 77.591531227278566, 12.5913659385805 ], [ 77.589475064861801, 12.591871278949217 ], [ 77.587404617208321, 12.584097335017839 ], [ 77.579700016541835, 12.57271738284623 ], [ 77.57915188218692, 12.566715604102784 ], [ 77.581194955549776, 12.564881071087489 ], [ 77.58058480638438, 12.551387435637867 ], [ 77.581793056992709, 12.550384183333763 ], [ 77.584548647194623, 12.551758792468116 ], [ 77.589921089710018, 12.547795619226203 ], [ 77.588057877983218, 12.535836760617867 ], [ 77.58987206205326, 12.529193965057845 ], [ 77.588092330948328, 12.516861855613907 ], [ 77.601467682760756, 12.516011675614299 ], [ 77.610038402976542, 12.513077464581084 ], [ 77.611718743411359, 12.514087116936389 ], [ 77.615202473163862, 12.508515479105551 ], [ 77.613534276501724, 12.502713899290672 ], [ 77.601239329269632, 12.495843075370693 ], [ 77.590801429434777, 12.484158428776553 ], [ 77.587140736869429, 12.483786380919966 ], [ 77.58314453823192, 12.477935879584763 ], [ 77.594853225176806, 12.47478790442417 ], [ 77.606887670157306, 12.474464321597278 ], [ 77.626183742568074, 12.496367869860117 ], [ 77.635846437311571, 12.487971718123678 ], [ 77.632447534551972, 12.479271349698257 ], [ 77.633519859630013, 12.471097296150752 ], [ 77.631181417539054, 12.470907685782247 ], [ 77.628724699345995, 12.460059625434738 ], [ 77.627000924232732, 12.458775173053917 ], [ 77.628848086143392, 12.449185969568289 ], [ 77.626710231417192, 12.43715751691731 ], [ 77.628411922684208, 12.418037662649063 ], [ 77.620698442374248, 12.413407268688381 ], [ 77.622644801386244, 12.403313934527089 ], [ 77.621316380490455, 12.402902790442607 ], [ 77.620445529671883, 12.393751641824389 ], [ 77.621108071272445, 12.384191916705049 ], [ 77.617723184205587, 12.38144265345432 ], [ 77.617064484260197, 12.369977346002781 ], [ 77.614386173454818, 12.362603596080358 ], [ 77.600961242204136, 12.358733588904927 ], [ 77.597869257918262, 12.348600988091672 ], [ 77.593930905950032, 12.345569941941159 ], [ 77.591348123495479, 12.339432860551119 ], [ 77.581305279016078, 12.336202006649973 ], [ 77.575772814599702, 12.33634466529543 ], [ 77.573410134875942, 12.323968554304061 ], [ 77.56605980270092, 12.30684378775986 ], [ 77.557432063793101, 12.305191369430075 ], [ 77.557751628740832, 12.301983314326387 ], [ 77.556591265132312, 12.302352374266777 ], [ 77.55155228959859, 12.296683577370473 ], [ 77.551092621239363, 12.289235937209002 ], [ 77.534001794226356, 12.289348590019571 ], [ 77.532954378817692, 12.282545951292059 ], [ 77.528261565232427, 12.271327896479804 ], [ 77.516133225509151, 12.267946432267332 ], [ 77.51013937229024, 12.268740580311709 ], [ 77.503973097726714, 12.273959205781804 ], [ 77.489862650230023, 12.278023198215942 ], [ 77.487171179136809, 12.273097224755629 ], [ 77.48141376187796, 12.269730542646991 ], [ 77.477773518408824, 12.263278560191381 ], [ 77.479566050816572, 12.257393612258022 ], [ 77.475395617492467, 12.254706601677233 ], [ 77.47364567155455, 12.249061034253165 ], [ 77.473974420142639, 12.240718391298472 ], [ 77.466137784029172, 12.242797912281755 ], [ 77.460568284704578, 12.246566917616404 ], [ 77.452404140418665, 12.247476094854056 ], [ 77.448137176013873, 12.251889311427853 ], [ 77.446801154705838, 12.257989744483583 ], [ 77.42990728036979, 12.286656120526386 ], [ 77.418354421571095, 12.286339894129849 ], [ 77.413181445396745, 12.280873539444837 ], [ 77.404210053030141, 12.275614083819633 ], [ 77.358097640591723, 12.277364728850525 ], [ 77.355015026020027, 12.275703309297286 ], [ 77.344548473896012, 12.277579944238756 ], [ 77.335339469390632, 12.287836343071181 ], [ 77.32614315891928, 12.302726851495477 ], [ 77.319024602175787, 12.3024569712108 ], [ 77.319281395489853, 12.304700834900553 ], [ 77.325036176570265, 12.305974337299993 ], [ 77.325539494945957, 12.309347240767799 ], [ 77.323819291052274, 12.309850490399361 ], [ 77.324865779940609, 12.31040160124868 ], [ 77.324535450408092, 12.328153869070428 ], [ 77.332423161287608, 12.353740756271554 ], [ 77.312203559438174, 12.392284254450306 ], [ 77.284983191447509, 12.393945857639775 ], [ 77.284043060309216, 12.40686885751709 ], [ 77.281786377065785, 12.407080890349139 ], [ 77.281867358133113, 12.409155980641204 ], [ 77.283864502552603, 12.408590667792849 ], [ 77.284017119531811, 12.411268007366058 ], [ 77.281705494378684, 12.421452070847286 ], [ 77.286247219063355, 12.421094478117595 ], [ 77.285226178930969, 12.428795393253353 ], [ 77.273643064493669, 12.430048042508403 ], [ 77.269658703469588, 12.434194540441519 ], [ 77.272876603784582, 12.437177420898317 ], [ 77.275112644688818, 12.43720561485442 ], [ 77.273818715244218, 12.437606137457164 ], [ 77.274991660513294, 12.43964638761182 ], [ 77.269427333288775, 12.464760467657257 ], [ 77.265111182852195, 12.461950262331323 ], [ 77.257529070794533, 12.463581983814107 ], [ 77.254575099624887, 12.470070739926044 ], [ 77.246833630813796, 12.469416662497382 ], [ 77.243611736724262, 12.471111515517238 ], [ 77.236294172462493, 12.470927053987163 ], [ 77.235041037867219, 12.473655253091472 ], [ 77.235980626574062, 12.482254456994903 ], [ 77.233449783000978, 12.484050837391433 ], [ 77.230019060659004, 12.484235108427955 ], [ 77.230110509327943, 12.479606812841389 ], [ 77.226925332332968, 12.479346562991104 ], [ 77.227047986962731, 12.474722511128077 ], [ 77.225435071744897, 12.474658150692859 ], [ 77.226066380056736, 12.489410348157728 ], [ 77.234345596773764, 12.486722297092879 ], [ 77.239047353320672, 12.488817069909295 ], [ 77.238579938620589, 12.500196949799173 ], [ 77.224322305804108, 12.502211743683587 ], [ 77.221992817404526, 12.492180806047255 ], [ 77.21621612922101, 12.492062656848081 ], [ 77.213482456590455, 12.484933611801681 ], [ 77.205270410056045, 12.485377324737588 ], [ 77.205565561193879, 12.491021784469911 ], [ 77.200743881081294, 12.491548989812577 ], [ 77.197900428012844, 12.483371108326018 ], [ 77.19375415046774, 12.483705430783626 ], [ 77.192564917828093, 12.48205045529663 ], [ 77.17786525415309, 12.478941927369666 ], [ 77.175873012724566, 12.479543722811066 ], [ 77.175282656546472, 12.482858037714832 ], [ 77.169526445006539, 12.483876213066113 ], [ 77.165462948415694, 12.478523852436489 ], [ 77.164759560594746, 12.475067724426095 ], [ 77.157498898270802, 12.475588665563064 ], [ 77.15645150569128, 12.471868792963308 ], [ 77.14916380220852, 12.463059762924104 ], [ 77.146742130457852, 12.462086062761941 ], [ 77.142471636019422, 12.462879336634805 ], [ 77.137997192449802, 12.466585903248534 ], [ 77.132360207505968, 12.479605344488254 ], [ 77.125044651714447, 12.479904171011194 ], [ 77.12615289954087, 12.482021651122103 ], [ 77.12488556403116, 12.489193193622953 ], [ 77.12754083724046, 12.490671263408457 ], [ 77.130518354470652, 12.496823225535536 ], [ 77.132937955308478, 12.516528689441495 ], [ 77.125323417306149, 12.523638697455336 ], [ 77.126783713875128, 12.529957693286862 ], [ 77.121992827994532, 12.540078513974265 ], [ 77.115076727905418, 12.543237885338382 ], [ 77.113935679439393, 12.552877853857485 ], [ 77.11538136033839, 12.555036001030889 ], [ 77.12824113921107, 12.554074493791612 ], [ 77.129381341639018, 12.563232724502585 ], [ 77.128349457325953, 12.56991247922303 ], [ 77.119106199954544, 12.576378875393893 ], [ 77.115100468948086, 12.595795410482969 ], [ 77.109954423659701, 12.597030523425003 ], [ 77.108245185516793, 12.60768093387138 ], [ 77.111112678992029, 12.616065547618163 ], [ 77.122268090898132, 12.619035727176151 ], [ 77.122727189738825, 12.622214052138631 ], [ 77.117555973283842, 12.628248770872586 ], [ 77.105578076774279, 12.62762989960979 ], [ 77.10120250791573, 12.628914560709996 ], [ 77.099424066500248, 12.673201527063434 ], [ 77.083975163959664, 12.674953191583199 ], [ 77.074526732202457, 12.677730245635733 ], [ 77.075584543327238, 12.683463277512621 ], [ 77.074485307051788, 12.683680685115524 ], [ 77.074398923483088, 12.691377520080248 ], [ 77.073109679156829, 12.692202085225299 ], [ 77.073247386872779, 12.698633798870903 ], [ 77.081661394739427, 12.731159982823478 ], [ 77.081930914194828, 12.745253586831812 ], [ 77.079924926026052, 12.747499147740594 ], [ 77.078573856128429, 12.754648227927177 ], [ 77.07986270669079, 12.759692967810008 ], [ 77.083626284663296, 12.758566676901966 ], [ 77.087607810464675, 12.753577945192161 ], [ 77.085996857337719, 12.751147503592785 ], [ 77.092018950324189, 12.751104554931876 ], [ 77.091772138079378, 12.764676942361142 ], [ 77.094373166872103, 12.771250681066496 ], [ 77.10027319546883, 12.777228818244176 ], [ 77.107916474747896, 12.780147722821585 ], [ 77.1107565792, 12.777148849721765 ], [ 77.122842085526983, 12.773932188379453 ], [ 77.126238541553391, 12.774815895451493 ], [ 77.126922410701937, 12.777134749000863 ], [ 77.136477939616256, 12.783284759374581 ], [ 77.141151151788932, 12.781780955367749 ], [ 77.147376250992465, 12.786686654347784 ], [ 77.149890259463831, 12.786780494162697 ], [ 77.151217676613641, 12.79350754382858 ], [ 77.138040287965211, 12.81273933639801 ], [ 77.142445150393172, 12.820442412105605 ], [ 77.146526337017633, 12.819476127067206 ], [ 77.152241302314309, 12.822289655601013 ], [ 77.151987915072354, 12.823480219955588 ], [ 77.157209856603941, 12.827317591113736 ], [ 77.153564272586777, 12.830817521821691 ], [ 77.150052968089739, 12.830354812756859 ], [ 77.150888031666511, 12.834073187993472 ], [ 77.148337476046322, 12.836896469625898 ], [ 77.148039051469553, 12.841000800412559 ], [ 77.149817084569833, 12.845145648285566 ], [ 77.149228999088919, 12.848252651992516 ], [ 77.13841254202994, 12.852878561280219 ], [ 77.135593639835562, 12.856695009482136 ], [ 77.135760184090046, 12.860750340306362 ], [ 77.132972129630431, 12.858791294775497 ], [ 77.134522241174224, 12.878234379029008 ], [ 77.132263826848046, 12.879291169091179 ], [ 77.133190768154392, 12.888254771420929 ], [ 77.123418826883579, 12.888010081424778 ], [ 77.118975093379433, 12.884211205645602 ], [ 77.107246282691804, 12.889084727627441 ], [ 77.105662419060153, 12.89259136676602 ], [ 77.110044868212213, 12.89299128274301 ], [ 77.120316232487042, 12.899830309232344 ], [ 77.120564221671586, 12.897047100739435 ], [ 77.123424609322043, 12.897156620753357 ], [ 77.123040239339019, 12.901166222539775 ], [ 77.124434091375448, 12.901628414571885 ], [ 77.132353732938995, 12.897934432279689 ], [ 77.136366118378447, 12.901443208456765 ], [ 77.136316258092108, 12.905302247083968 ], [ 77.140982651020394, 12.916084032543468 ], [ 77.151995382948442, 12.916572212512859 ], [ 77.152815668132845, 12.91479166166161 ], [ 77.15769372621898, 12.913583402692476 ], [ 77.165192484042933, 12.92887135135525 ], [ 77.163595121510582, 12.933535223517056 ], [ 77.160888188822696, 12.934484440870008 ], [ 77.160674874366151, 12.937412288840065 ], [ 77.157018766374151, 12.942075754187284 ], [ 77.155895707575795, 12.952847867650002 ], [ 77.156902097306286, 12.958165326348212 ], [ 77.150871524853443, 12.961652902553961 ], [ 77.143233006298871, 12.963482326083803 ], [ 77.131102910403399, 12.975748556867869 ], [ 77.130403873637846, 12.978270878147836 ], [ 77.132771523540399, 12.981886866084933 ], [ 77.132791665854683, 12.986152845712496 ], [ 77.141752900988976, 12.984365256261077 ], [ 77.142374499704928, 12.986599873979861 ], [ 77.144694934214527, 12.986161793122525 ], [ 77.14224761693518, 12.991984188706837 ], [ 77.135637320620575, 12.996295634095061 ], [ 77.136696974892772, 13.001588750551097 ], [ 77.131730842730505, 13.005821141581272 ], [ 77.123694218354572, 13.006716079996016 ], [ 77.123342694007448, 13.003613139063024 ], [ 77.129739925006888, 12.998844776501086 ], [ 77.128881526341701, 12.995371012923743 ], [ 77.106567056281648, 12.99658733071959 ], [ 77.105516612376974, 12.993421613415631 ], [ 77.103216827270813, 12.992831688946636 ], [ 77.09756965771993, 12.998180657753933 ], [ 77.098580006441338, 13.00039022826226 ], [ 77.101069989855475, 13.000804495970648 ], [ 77.102894416527448, 13.00721599398916 ], [ 77.116523932854363, 13.009850465560053 ], [ 77.118131391320972, 13.014484430395093 ], [ 77.112764117739189, 13.017853691742689 ], [ 77.108907619337074, 13.022959963362689 ], [ 77.092900776070806, 13.026989880684257 ], [ 77.093824883506386, 13.030287211512059 ], [ 77.08961482666497, 13.029559169204386 ], [ 77.085707883401483, 13.033086989051162 ], [ 77.082090240429551, 13.03986019756508 ], [ 77.069671981521211, 13.039709305699942 ], [ 77.074712560798488, 13.056956451087835 ], [ 77.077524658525007, 13.057711390469301 ], [ 77.077348070430844, 13.061014840335099 ], [ 77.080698943632427, 13.062548650115632 ], [ 77.073822969369417, 13.060528432347175 ], [ 77.074322763251374, 13.066242834317602 ], [ 77.070156093190221, 13.066530702122032 ], [ 77.074991694174855, 13.069543268476048 ], [ 77.079750265126606, 13.078293275801027 ], [ 77.081717920936129, 13.086416876030803 ], [ 77.079600545927875, 13.09469705563917 ], [ 77.0771981037351, 13.095948282140236 ], [ 77.074550980720801, 13.103012716381867 ], [ 77.072793015374032, 13.114799052884972 ], [ 77.070753360842929, 13.114754226644905 ], [ 77.069919516030666, 13.124430641244738 ], [ 77.071407537695691, 13.131603494522194 ], [ 77.079273329746385, 13.131570802143733 ], [ 77.079282772012888, 13.133470387235876 ], [ 77.083251190989785, 13.136602170255019 ], [ 77.091397258186788, 13.135862082485449 ], [ 77.095762852966104, 13.146226012975362 ], [ 77.107817609041135, 13.144323191739803 ], [ 77.108409097375429, 13.139484407930535 ], [ 77.106953773073485, 13.135256171731911 ], [ 77.115933186771159, 13.131223230556005 ], [ 77.118072650953664, 13.141018145725626 ], [ 77.11579229509509, 13.142659721415278 ], [ 77.117087568142651, 13.146258043737021 ], [ 77.118961306337013, 13.146829636291908 ], [ 77.120050378629159, 13.152576323963993 ], [ 77.118796503322244, 13.163482262420949 ], [ 77.128846181579121, 13.164265703501041 ], [ 77.135436226152279, 13.170406594419545 ], [ 77.138404741619937, 13.177630591742229 ], [ 77.142618723542839, 13.173531583582403 ], [ 77.148369638303222, 13.17359623529965 ], [ 77.156150499607051, 13.193846863380795 ], [ 77.162534897599258, 13.196452426785605 ], [ 77.164892058832876, 13.19655886515088 ], [ 77.16450600036589, 13.189814752391966 ], [ 77.16831360983123, 13.183963396098676 ], [ 77.182131647562713, 13.186590199331182 ], [ 77.190958861179894, 13.184604100607922 ], [ 77.197379305203413, 13.180145629338297 ], [ 77.19807690817106, 13.182066605472748 ], [ 77.205859710723729, 13.180986527007176 ], [ 77.207497541589433, 13.173269575497239 ], [ 77.21607916376044, 13.165286051863813 ], [ 77.216531172401446, 13.159100929365543 ], [ 77.213622101314968, 13.157169239915348 ], [ 77.21300070576477, 13.153453221723113 ], [ 77.215480289252795, 13.148781571349392 ], [ 77.22183632968877, 13.148408113355783 ], [ 77.221532650162786, 13.146261368704696 ], [ 77.230675067016477, 13.14510649440362 ], [ 77.231695684146914, 13.147261783190562 ], [ 77.240409194964442, 13.145764675132355 ], [ 77.246717736318701, 13.153205391916273 ], [ 77.257504759563005, 13.153446007044064 ], [ 77.265433518762464, 13.151599579115356 ], [ 77.269797118614463, 13.154046661935153 ], [ 77.274184954258629, 13.153511907916531 ], [ 77.274477164976119, 13.142885198613106 ], [ 77.272540575856297, 13.141789008860684 ], [ 77.271480224083135, 13.143822868473952 ], [ 77.267319364893112, 13.143363123792092 ], [ 77.267056442966023, 13.134734255275953 ], [ 77.264906421745238, 13.131577080385458 ], [ 77.266803673620501, 13.126116984043012 ], [ 77.265159322550147, 13.125684302988219 ], [ 77.266791446735269, 13.119805577686702 ], [ 77.27385071225676, 13.118679169443658 ], [ 77.276893395014596, 13.120471328696167 ], [ 77.278905322377142, 13.135083212400545 ], [ 77.280763428046924, 13.135005118514588 ], [ 77.284956659470865, 13.133739273023297 ], [ 77.286983461321995, 13.120453022715568 ], [ 77.290999585478772, 13.120941293915926 ], [ 77.291990346322905, 13.110566753911291 ], [ 77.298583085319621, 13.108685905727656 ], [ 77.303174984043011, 13.110907871958894 ], [ 77.313773729995987, 13.10681423238303 ], [ 77.308803604082982, 13.07871650337986 ], [ 77.308629220193808, 13.056888962053634 ], [ 77.310668284018547, 13.04625576785711 ], [ 77.321926277591757, 13.049031286234055 ], [ 77.330585502558634, 13.047917995998802 ], [ 77.331035001901327, 13.041342792777622 ], [ 77.329353439205207, 13.039632147946431 ], [ 77.330178942998103, 13.036525291682498 ], [ 77.328812152976298, 13.031069197116658 ], [ 77.330529069219054, 13.027569715388307 ], [ 77.32576336563713, 13.021859622155052 ], [ 77.326616776456419, 13.011489681416332 ], [ 77.328134694311174, 13.009308433912018 ], [ 77.321677323956123, 13.008773036559296 ], [ 77.32113348233878, 13.004446292126154 ], [ 77.32220005307849, 13.004574111032559 ], [ 77.326045211065448, 12.993366618350041 ], [ 77.327898645856621, 12.983366949406147 ], [ 77.328712425666808, 12.976901316350576 ], [ 77.325530408973123, 12.976002968850004 ], [ 77.326179974496469, 12.968355947749862 ], [ 77.330060400119805, 12.965780202439142 ], [ 77.332468576493483, 12.949059241375091 ], [ 77.33428999458593, 12.949462652964995 ], [ 77.335132983127281, 12.947674729802065 ], [ 77.335988711309014, 12.932368675954844 ], [ 77.340288110271501, 12.933575141393623 ], [ 77.338846310912402, 12.910651349278824 ], [ 77.3435509296866, 12.88876507072653 ], [ 77.332108987558797, 12.887135391264366 ], [ 77.334598276905737, 12.883584191603584 ], [ 77.33667079549916, 12.883181979928738 ], [ 77.336606093199592, 12.876892911512062 ], [ 77.344982577910727, 12.876451775651747 ], [ 77.34407130305884, 12.870332408817353 ], [ 77.345226244439388, 12.869962274013513 ], [ 77.366145659368286, 12.870246129714896 ], [ 77.369836220836518, 12.856851188783548 ], [ 77.379434415752556, 12.855245924314811 ], [ 77.379978387909986, 12.857326441959591 ], [ 77.389829453453288, 12.860414065569104 ], [ 77.391985320487763, 12.865264276413907 ], [ 77.395150133057996, 12.866746711712166 ], [ 77.3949204790718, 12.869726058171794 ], [ 77.402081641441825, 12.86564326060785 ], [ 77.402591043849242, 12.870989599162495 ], [ 77.408192319012684, 12.875567094553453 ], [ 77.415960443210821, 12.875231985466119 ], [ 77.415287133095461, 12.871741232077508 ], [ 77.418546068248034, 12.871389875215465 ], [ 77.428125069178876, 12.875552064157047 ], [ 77.431301046676126, 12.874911311076014 ], [ 77.43058562031095, 12.870189069977508 ], [ 77.418769497667583, 12.869349334971234 ], [ 77.425532760181724, 12.859182798321907 ], [ 77.429235670382766, 12.856783697883632 ], [ 77.427486443259298, 12.85100860038979 ], [ 77.43770113960349, 12.849741782152103 ], [ 77.433977937945613, 12.844513632575522 ], [ 77.434683847749213, 12.838692509580831 ], [ 77.429955332297382, 12.83968337163007 ], [ 77.422491623216118, 12.835563851856303 ], [ 77.419905709645747, 12.826236649160602 ], [ 77.429762952356697, 12.822998724407446 ], [ 77.433500931753159, 12.823415676350901 ], [ 77.436215231542704, 12.809682290436259 ], [ 77.440258583659983, 12.809870783919015 ], [ 77.44400694286162, 12.806653200500218 ], [ 77.444833080224953, 12.809658705039601 ], [ 77.446251868813192, 12.809822941893163 ], [ 77.446448879079483, 12.814910978331893 ], [ 77.448225395703318, 12.815510613562882 ], [ 77.449238467719013, 12.818733503821987 ], [ 77.454662835686364, 12.816659530248158 ], [ 77.461110200709015, 12.807330921634641 ], [ 77.471084649299399, 12.811527750968116 ], [ 77.47629109016502, 12.811937934196514 ], [ 77.476346360843934, 12.809833067739254 ], [ 77.478782574522484, 12.811452131466321 ], [ 77.477757527865791, 12.806443473791433 ], [ 77.483122504398452, 12.802300470872954 ], [ 77.479609856679531, 12.799027585301655 ], [ 77.471338499751752, 12.798044630768308 ], [ 77.470004997001567, 12.793941760531936 ], [ 77.471882469621477, 12.788580731230208 ], [ 77.476631703130906, 12.784900368743639 ], [ 77.478524074008675, 12.78053396984768 ], [ 77.474079149499389, 12.764576523377777 ], [ 77.476315830953254, 12.76065843925598 ], [ 77.473970901277369, 12.756609243881854 ], [ 77.476002744602965, 12.752564218908521 ], [ 77.484463712548433, 12.747781424180994 ], [ 77.486431824063729, 12.742812473282275 ], [ 77.492704627217279, 12.741567299860307 ], [ 77.493096229620292, 12.740048197309973 ], [ 77.502684696004351, 12.737187906077335 ], [ 77.502846451998252, 12.735646896778254 ], [ 77.507939269945027, 12.737598724562446 ], [ 77.51276858360302, 12.746796873914237 ], [ 77.519550941939286, 12.741939317050882 ], [ 77.51710914413438, 12.735744785800648 ], [ 77.521807655742847, 12.731683661346002 ], [ 77.534697771877276, 12.755915400459203 ], [ 77.54095007911188, 12.748115621472142 ], [ 77.546099926868692, 12.769551352710474 ], [ 77.55168282301382, 12.772425239022395 ], [ 77.543849116082825, 12.775835722851214 ], [ 77.549435041273483, 12.785296131506346 ], [ 77.547625736360004, 12.789887223181392 ], [ 77.542334868645071, 12.794728416278216 ], [ 77.542134467496624, 12.798546397018145 ], [ 77.545802172691239, 12.800745198567531 ], [ 77.555996627167545, 12.799605099155384 ], [ 77.552905460377943, 12.789686293275366 ], [ 77.563562449437057, 12.788149503616765 ], [ 77.561223934886428, 12.783261824418652 ], [ 77.556352933966593, 12.781059365944962 ], [ 77.55617873632653, 12.77730846687275 ], [ 77.558576764000748, 12.765349170756489 ], [ 77.566412817966679, 12.759233125787112 ], [ 77.570743590020626, 12.762257455546216 ], [ 77.571413177852577, 12.778878550574087 ], [ 77.577247226984213, 12.785894109776086 ], [ 77.579718532249501, 12.787785483505408 ], [ 77.591083837532878, 12.780920639270585 ], [ 77.598430878396513, 12.758239072824235 ], [ 77.595325889933605, 12.751530381810507 ], [ 77.590721233745924, 12.750157393337789 ], [ 77.585376332645737, 12.751703297485211 ], [ 77.576547786936572, 12.751194341325668 ], [ 77.570639379665138, 12.742820315482833 ], [ 77.56799363049528, 12.735443309832799 ], [ 77.572794667535121, 12.732487967295492 ], [ 77.571852688873449, 12.731017427579863 ], [ 77.562450877241517, 12.7321596728495 ], [ 77.557585301734818, 12.730945209624291 ], [ 77.557143502137819, 12.727507596839379 ], [ 77.559254714093484, 12.721472632984176 ], [ 77.559097588197574, 12.713260845169197 ], [ 77.561261097266069, 12.708675739511625 ], [ 77.568070323087497, 12.701203118854664 ], [ 77.575713839125569, 12.703855570660654 ], [ 77.578681050033424, 12.708234810973808 ], [ 77.594692331037365, 12.72092093789435 ], [ 77.614244078784083, 12.711953915396377 ], [ 77.612847925245831, 12.703324475718194 ], [ 77.603701314700956, 12.692457416013657 ], [ 77.599985211139327, 12.677519351024324 ], [ 77.594638529413828, 12.666797032574591 ], [ 77.597153158462646, 12.658071832676647 ], [ 77.596056329859579, 12.650633028833356 ] ], [ [ 77.079677320047253, 13.068821831932855 ], [ 77.081769051794041, 13.069472365774553 ], [ 77.083501874320078, 13.071473217742845 ], [ 77.08115658170486, 13.072560921450515 ], [ 77.079677320047253, 13.068821831932855 ] ], [ [ 77.55239338102956, 12.794581996269198 ], [ 77.552683929052435, 12.797273488050061 ], [ 77.550931052011208, 12.797911585757952 ], [ 77.549306390864416, 12.79419486248603 ], [ 77.55239338102956, 12.794581996269198 ] ] ] ] } },
{ "type": "Feature", "properties": { "DISTRICT": "Shivamogga" }, "geometry": { "type": "Polygon", "coordinates": [ [ [ 74.917578925985055, 14.430729597240344 ], [ 74.909474637046287, 14.43163853423396 ], [ 74.880251180010902, 14.429350547791586 ], [ 74.881240216489019, 14.43331423181902 ], [ 74.878070831058693, 14.43589348171062 ], [ 74.878086173021416, 14.440310520228094 ], [ 74.873969773206738, 14.447246866282203 ], [ 74.888453077684247, 14.46025181716287 ], [ 74.898921596118072, 14.464555785202446 ], [ 74.908877073978502, 14.457873483465134 ], [ 74.920373995472218, 14.458944204430246 ], [ 74.91774223557934, 14.466969618992421 ], [ 74.8982978391183, 14.474312238967991 ], [ 74.893678577028396, 14.473675173554643 ], [ 74.888927174085865, 14.480020578385981 ], [ 74.890577066918723, 14.485375082653141 ], [ 74.889935840685226, 14.489804405543685 ], [ 74.894087615720053, 14.499973706732993 ], [ 74.895450980657884, 14.508295533087763 ], [ 74.898851803328128, 14.509241537455434 ], [ 74.902375257401644, 14.51551533123847 ], [ 74.901387128798717, 14.52937033991978 ], [ 74.90539025684096, 14.530912524609208 ], [ 74.912278858004328, 14.528616070877392 ], [ 74.928407243391732, 14.52854596007224 ], [ 74.932014017066209, 14.522820132595704 ], [ 74.937654278767937, 14.518701838482157 ], [ 74.940319366084339, 14.524277437212737 ], [ 74.93902007445503, 14.526345269267996 ], [ 74.941703917831944, 14.527451976603285 ], [ 74.94170793647757, 14.529879746527582 ], [ 74.943864421853419, 14.531897549488663 ], [ 74.942781489538731, 14.534288389343125 ], [ 74.945106502252855, 14.532960739553097 ], [ 74.950512323297431, 14.536675240716802 ], [ 74.956450166629978, 14.550760321482063 ], [ 74.956071338659186, 14.55379362996044 ], [ 74.954582622498052, 14.553834741803486 ], [ 74.955661760463812, 14.554668051144429 ], [ 74.962254633558274, 14.550994621795533 ], [ 74.978369605989045, 14.549260770480645 ], [ 74.977876512889523, 14.533546793392276 ], [ 74.980383807890846, 14.5256317279875 ], [ 74.97454505260238, 14.524499624348364 ], [ 74.972388252364709, 14.519658786519475 ], [ 74.973649795789498, 14.517402797384101 ], [ 74.979490351697962, 14.51683702352042 ], [ 74.979375808436785, 14.513336541835086 ], [ 74.982502013024018, 14.512861312022414 ], [ 74.988173067449836, 14.505702753314255 ], [ 74.990619209660863, 14.495838556837965 ], [ 74.992770466505604, 14.495165888262317 ], [ 74.991791435484799, 14.492649018918447 ], [ 74.984613023310558, 14.488307787455726 ], [ 74.989740468855601, 14.47223930061574 ], [ 74.995455017071961, 14.477303115199726 ], [ 75.004009936191466, 14.480007622718812 ], [ 75.008666462343498, 14.484450461399538 ], [ 75.006441473503742, 14.488053000160237 ], [ 75.019470301876893, 14.497117667604201 ], [ 75.030926270340203, 14.500261749455532 ], [ 75.040776672678206, 14.500118025781653 ], [ 75.040231226447844, 14.506691075109972 ], [ 75.041804400072991, 14.508232059513068 ], [ 75.042120503759278, 14.515311557458645 ], [ 75.041102271251418, 14.522736897100089 ], [ 75.037706109327587, 14.528720735721372 ], [ 75.052226596785061, 14.533924957299178 ], [ 75.053330689206405, 14.538720772677594 ], [ 75.05865448253796, 14.540943381148331 ], [ 75.060741571166105, 14.544548416862566 ], [ 75.054838190365004, 14.548667095829728 ], [ 75.045295862712649, 14.54567459187556 ], [ 75.040006171086986, 14.548741124794461 ], [ 75.034623529502909, 14.559084366446315 ], [ 75.023056858630795, 14.561761504074109 ], [ 75.023850005564341, 14.563532940284846 ], [ 75.022312867053017, 14.56417808403155 ], [ 75.023276004223135, 14.565035277354863 ], [ 75.02055345006687, 14.573362518238618 ], [ 75.020807593200814, 14.574708663996166 ], [ 75.024568804744689, 14.575301654996252 ], [ 75.025543839604765, 14.577087780179603 ], [ 75.022819149358497, 14.579310946281154 ], [ 75.027867468375874, 14.584684248772453 ], [ 75.025461351040278, 14.59080610154909 ], [ 75.024704477378293, 14.601170105325808 ], [ 75.023109009398652, 14.60194176798654 ], [ 75.025839861035436, 14.604973651914507 ], [ 75.023942363001666, 14.607212995345263 ], [ 75.026385662779234, 14.608749792737925 ], [ 75.027450359497948, 14.615970760342403 ], [ 75.040914513348781, 14.639021242984695 ], [ 75.050171940237206, 14.641850752333944 ], [ 75.050445373220285, 14.646646082098083 ], [ 75.052521403723944, 14.648715337398873 ], [ 75.074625849134094, 14.653860808157422 ], [ 75.08773449763396, 14.652174979215646 ], [ 75.099214909598501, 14.653023965561998 ], [ 75.101635398940559, 14.644014487343608 ], [ 75.116620894894226, 14.639625953483147 ], [ 75.124601658606238, 14.630655322742115 ], [ 75.142215698511123, 14.633856383579143 ], [ 75.143370825024135, 14.620422985251281 ], [ 75.14694743908187, 14.621498396366743 ], [ 75.150847705425903, 14.626077956093271 ], [ 75.153414227192997, 14.626236362038384 ], [ 75.15830156665146, 14.617509976794286 ], [ 75.159967208704558, 14.616983897850041 ], [ 75.164470951429138, 14.620751213265729 ], [ 75.165311856975535, 14.625773598761711 ], [ 75.162973957318272, 14.627717520979601 ], [ 75.164628692291913, 14.632581915735251 ], [ 75.169417278868821, 14.634606295642907 ], [ 75.184602439237352, 14.623491478094117 ], [ 75.194353584991688, 14.624084077584479 ], [ 75.196549198497365, 14.622854029404269 ], [ 75.202385474970626, 14.62771657491421 ], [ 75.203033801320686, 14.630424374939135 ], [ 75.200105305989823, 14.635458426844894 ], [ 75.201067705220879, 14.639325234276651 ], [ 75.20381416383124, 14.637093745366213 ], [ 75.204719223857495, 14.638128310099042 ], [ 75.207135242724235, 14.636969483138261 ], [ 75.207810797027264, 14.635562001829955 ], [ 75.206026129640108, 14.635841958707671 ], [ 75.205309376251577, 14.634031018670441 ], [ 75.20870594864202, 14.63352834879978 ], [ 75.20673014081656, 14.630700529975874 ], [ 75.208414265105318, 14.629355079689045 ], [ 75.207007193637139, 14.627482460940177 ], [ 75.20798537997122, 14.626351039202287 ], [ 75.210291558471212, 14.627785485935705 ], [ 75.210509985244116, 14.620741248017636 ], [ 75.205725680250865, 14.608111972226832 ], [ 75.205271400371998, 14.597513816392475 ], [ 75.198494016714932, 14.596630183093378 ], [ 75.193309000344428, 14.599346235651559 ], [ 75.185362379475634, 14.599859156428067 ], [ 75.18123823155959, 14.597874155960907 ], [ 75.183836162022473, 14.585862088880157 ], [ 75.197828141128142, 14.582516813650718 ], [ 75.197468057308257, 14.577509445320555 ], [ 75.207353941364914, 14.57170377245132 ], [ 75.210450982282254, 14.572452689513497 ], [ 75.212313063717616, 14.576280633144609 ], [ 75.219062675691006, 14.57923151769225 ], [ 75.220920748400374, 14.584865852554636 ], [ 75.225346753459391, 14.585198605465621 ], [ 75.228803914842658, 14.583060614401573 ], [ 75.228895361219301, 14.580036762167541 ], [ 75.23092787721987, 14.579035337678874 ], [ 75.228075143776977, 14.575328234820546 ], [ 75.225481152906241, 14.56704565443933 ], [ 75.228071899204195, 14.561231350715865 ], [ 75.234648234016888, 14.555624513050775 ], [ 75.239769162420799, 14.557892022309293 ], [ 75.240051397853975, 14.555576297461572 ], [ 75.241314313982386, 14.555664538653708 ], [ 75.243136851200518, 14.567081805837695 ], [ 75.245252608920296, 14.566685786452037 ], [ 75.243804660104658, 14.577575843531161 ], [ 75.249436788991275, 14.581176039320583 ], [ 75.265385865232076, 14.580902983444266 ], [ 75.26534504960901, 14.578606887337244 ], [ 75.270194809731819, 14.572381538609516 ], [ 75.275064377802011, 14.569866437020602 ], [ 75.274192016133, 14.56570444330978 ], [ 75.280997559176001, 14.561459100684717 ], [ 75.284989311448257, 14.561347753227308 ], [ 75.28722611223597, 14.557508909909368 ], [ 75.2898450410012, 14.556262941392513 ], [ 75.29108725189451, 14.552486740594114 ], [ 75.28998386876107, 14.550352448764386 ], [ 75.293532502211079, 14.548513145948856 ], [ 75.295345157354362, 14.544882512815869 ], [ 75.293030168724599, 14.544124745412322 ], [ 75.295767981805824, 14.543473918998499 ], [ 75.29768664203749, 14.540427611188557 ], [ 75.295232192169266, 14.538266944570712 ], [ 75.295661394451855, 14.536913596648198 ], [ 75.294059332230773, 14.537195503449729 ], [ 75.294192080244258, 14.534511253122746 ], [ 75.293117820726906, 14.535563984924371 ], [ 75.293230010752225, 14.534042385475397 ], [ 75.289634732239961, 14.531354000351213 ], [ 75.287817302514483, 14.532917741901848 ], [ 75.286589585698508, 14.529830557525242 ], [ 75.284937435755268, 14.529321421148646 ], [ 75.284682269813345, 14.53162616918712 ], [ 75.280444725087364, 14.532553199046426 ], [ 75.279478160472848, 14.535023113807993 ], [ 75.27305781879106, 14.531178217027872 ], [ 75.270271728602566, 14.527472054173888 ], [ 75.268288679849675, 14.527971755718664 ], [ 75.269933338471375, 14.525344396140852 ], [ 75.267223327899345, 14.51433889314816 ], [ 75.276300603809219, 14.51034520037957 ], [ 75.27750020013724, 14.512364031715537 ], [ 75.282953338064345, 14.512480047630325 ], [ 75.282221252518539, 14.514119346048901 ], [ 75.286740482165328, 14.513924069127647 ], [ 75.28715576129953, 14.511399784975515 ], [ 75.291679393495244, 14.510717281954921 ], [ 75.321261390588049, 14.512767547591936 ], [ 75.324556339227769, 14.509803608442198 ], [ 75.328791150074295, 14.495259241558006 ], [ 75.346428734578794, 14.485587023209288 ], [ 75.34111977423413, 14.475700855623797 ], [ 75.340377069163623, 14.468628494050282 ], [ 75.341167789683624, 14.465535280753411 ], [ 75.345718979933395, 14.462528657467635 ], [ 75.347096417584439, 14.456643121725955 ], [ 75.342651335615571, 14.450456381168834 ], [ 75.341981108832499, 14.440159087461549 ], [ 75.339123356827088, 14.437437647255445 ], [ 75.344804328690969, 14.433956412053718 ], [ 75.355407148596882, 14.431908068866614 ], [ 75.355036047723928, 14.428777524251561 ], [ 75.358672585380589, 14.431856057091679 ], [ 75.358836510629445, 14.437905416020911 ], [ 75.364806680787368, 14.441531652022395 ], [ 75.37814401241225, 14.434284079579799 ], [ 75.382253059057717, 14.433810890319693 ], [ 75.380549990475117, 14.414942610268078 ], [ 75.377685090854555, 14.407371333529072 ], [ 75.365347915777107, 14.411056101010567 ], [ 75.359014227877495, 14.409155684512346 ], [ 75.356222563526615, 14.406112698945394 ], [ 75.349390118794659, 14.388696475125837 ], [ 75.363315979185288, 14.380939965433088 ], [ 75.370025739791188, 14.372983386036735 ], [ 75.374692075735098, 14.370334061513821 ], [ 75.381479964127095, 14.36860239993127 ], [ 75.383666283768903, 14.369602509979034 ], [ 75.390789128042996, 14.366435852575917 ], [ 75.394126769839673, 14.367421333269577 ], [ 75.398633110130618, 14.364694854205908 ], [ 75.40918246614298, 14.35277300118625 ], [ 75.419268582151105, 14.352554984923298 ], [ 75.429665241210117, 14.349077530729248 ], [ 75.43519481599489, 14.342562604789173 ], [ 75.441952552915538, 14.3399809594807 ], [ 75.45585454655415, 14.327832651550997 ], [ 75.470348264601228, 14.32289357428624 ], [ 75.477370459126206, 14.317783887990984 ], [ 75.480146105211105, 14.330603431814506 ], [ 75.476733796479891, 14.34515448826374 ], [ 75.480493490175149, 14.345210361913958 ], [ 75.48148654904972, 14.339913048616127 ], [ 75.487898447536182, 14.339149062286204 ], [ 75.48891280197482, 14.339109196489204 ], [ 75.489552016775917, 14.347726244774163 ], [ 75.501111578473441, 14.343721924881878 ], [ 75.501554200108075, 14.325967535852831 ], [ 75.50531441864517, 14.316348562815598 ], [ 75.503905397183274, 14.307890520309613 ], [ 75.517907310302448, 14.301452734855172 ], [ 75.518332048956808, 14.299441408323007 ], [ 75.521003266087519, 14.298587387058936 ], [ 75.520401847438194, 14.296035057877553 ], [ 75.521895179173953, 14.293868985920632 ], [ 75.52799801564079, 14.290773028449504 ], [ 75.533738635802422, 14.290322130024128 ], [ 75.535276379679075, 14.277461894533706 ], [ 75.530671071062812, 14.276591555968535 ], [ 75.527916057739162, 14.258176329626009 ], [ 75.527431013401809, 14.239118205654192 ], [ 75.528897880017595, 14.230250676080765 ], [ 75.530272778252851, 14.229161414020572 ], [ 75.526533822011814, 14.228658858719319 ], [ 75.527149181573748, 14.217726108780923 ], [ 75.528668925200591, 14.214985283183747 ], [ 75.526986959760407, 14.203108770845775 ], [ 75.52089786343447, 14.202959836062536 ], [ 75.518086405018892, 14.205485958704502 ], [ 75.517912056811028, 14.208306885512377 ], [ 75.507283425277819, 14.218913424314547 ], [ 75.473982045823135, 14.213693228900731 ], [ 75.473562842687286, 14.210225864117879 ], [ 75.465101942244303, 14.210093250465178 ], [ 75.45329323732517, 14.205146293154915 ], [ 75.469012959267346, 14.193855841825169 ], [ 75.483835591726347, 14.177132457510067 ], [ 75.462048135079741, 14.172580898345878 ], [ 75.43781072023252, 14.160207068173129 ], [ 75.432853299639632, 14.153877915469877 ], [ 75.422919261502017, 14.150484004651915 ], [ 75.420248056564873, 14.141263548291819 ], [ 75.416526022347753, 14.142540100247507 ], [ 75.400974921808967, 14.12754690140134 ], [ 75.396728131556614, 14.118059827243702 ], [ 75.426961434488035, 14.1095705676459 ], [ 75.435517430811075, 14.10557795150581 ], [ 75.439897939694958, 14.102419031829854 ], [ 75.438492884257727, 14.098498610347985 ], [ 75.455370880193612, 14.098916631674578 ], [ 75.466220745288211, 14.1047717375953 ], [ 75.477006195188281, 14.099634351152377 ], [ 75.489126388369201, 14.103559135485687 ], [ 75.490832467733497, 14.097701262226249 ], [ 75.506244446736559, 14.098844916362792 ], [ 75.510857244054449, 14.101438216917964 ], [ 75.524153088202397, 14.093694989745574 ], [ 75.524953012511276, 14.094989481264319 ], [ 75.527989086317803, 14.093287331946113 ], [ 75.528755511642274, 14.095327850498686 ], [ 75.530524137482033, 14.094947450101914 ], [ 75.529576408429122, 14.097115433561697 ], [ 75.531377521845741, 14.097775737708549 ], [ 75.533206889367037, 14.090764336631491 ], [ 75.539835669991064, 14.084765120824036 ], [ 75.538813990884222, 14.082641486667976 ], [ 75.540551971271057, 14.079656847432423 ], [ 75.543428366029175, 14.080332178890909 ], [ 75.547851342342042, 14.076997741294811 ], [ 75.553987241947496, 14.078915807198022 ], [ 75.568820394355797, 14.067260779079062 ], [ 75.580340758741798, 14.062808940421348 ], [ 75.585473697477397, 14.058349545043159 ], [ 75.590844039055696, 14.063551017834646 ], [ 75.599956572389758, 14.061285658706245 ], [ 75.601504077112068, 14.058415653479228 ], [ 75.605057841911133, 14.05741279217904 ], [ 75.610759313924802, 14.059787434876768 ], [ 75.618050208301582, 14.077127078917142 ], [ 75.630554913451121, 14.07449364673514 ], [ 75.632302229887401, 14.079131125585175 ], [ 75.63490306310085, 14.080224717555186 ], [ 75.640411785008311, 14.079999642979994 ], [ 75.642975701368783, 14.078463218742842 ], [ 75.644401491654804, 14.075103409204218 ], [ 75.651361499827871, 14.071114941060154 ], [ 75.673924059292872, 14.065672494336575 ], [ 75.678874045384674, 14.068138361584746 ], [ 75.689961104808773, 14.069700766488639 ], [ 75.693749664838151, 14.07195352092635 ], [ 75.70890825274077, 14.072459405106891 ], [ 75.725808891271939, 14.075635402335079 ], [ 75.727475667322537, 14.076830669785332 ], [ 75.721030502397525, 14.083385996570772 ], [ 75.738145756242389, 14.087074495062229 ], [ 75.738562619518589, 14.101471297222473 ], [ 75.752874841849462, 14.101995280691423 ], [ 75.75497674416934, 14.108982590147701 ], [ 75.757075472809149, 14.110510299952935 ], [ 75.767932326651163, 14.109278813109302 ], [ 75.768123683750133, 14.1014610522518 ], [ 75.77184237605195, 14.100937197540983 ], [ 75.804048878157019, 14.099813239424334 ], [ 75.812838454978035, 14.10376193670157 ], [ 75.813519589010852, 14.095057017940961 ], [ 75.819643959341164, 14.083768427717773 ], [ 75.822717053820128, 14.073985930420875 ], [ 75.820155190990462, 14.070342016615264 ], [ 75.820979944189233, 14.063615419548032 ], [ 75.813033419749289, 14.047550073532092 ], [ 75.802051197867485, 14.042840805814796 ], [ 75.798986231138642, 14.033448671443335 ], [ 75.803064444739874, 14.023104856854859 ], [ 75.808705905554191, 14.02399925652408 ], [ 75.821658021544451, 14.017976062615983 ], [ 75.824645045849849, 14.017943834168999 ], [ 75.824593024859382, 14.006258831623049 ], [ 75.83199135381814, 13.989550569750387 ], [ 75.830921600273541, 13.974802527088926 ], [ 75.832731228889301, 13.966767277613727 ], [ 75.863608378041988, 13.906356546140039 ], [ 75.869688188699172, 13.903661503537698 ], [ 75.864770022941983, 13.872552498369782 ], [ 75.865679706031301, 13.855884236355719 ], [ 75.868582986062336, 13.839858477509626 ], [ 75.872284504260818, 13.832425937882034 ], [ 75.876755640870556, 13.809133944460841 ], [ 75.851409796847818, 13.810824563502763 ], [ 75.824666388575693, 13.817088604208925 ], [ 75.80876472246517, 13.801249919531003 ], [ 75.804396499099724, 13.794683494087995 ], [ 75.789717403417541, 13.795337040867743 ], [ 75.789441489856145, 13.799876019489401 ], [ 75.777970523348543, 13.790903956538131 ], [ 75.776922212790396, 13.794798205656129 ], [ 75.770469361410733, 13.796742838051351 ], [ 75.76381460710185, 13.796375810194652 ], [ 75.759860778110649, 13.794491394921875 ], [ 75.766365567451786, 13.789380091412873 ], [ 75.764806679683858, 13.7822569431854 ], [ 75.749341766889856, 13.780949134533605 ], [ 75.732111011439187, 13.768855604711066 ], [ 75.713027842740232, 13.772085357292857 ], [ 75.712213810298067, 13.76792742608138 ], [ 75.709654491480947, 13.765746366136129 ], [ 75.705200477630854, 13.767389158837586 ], [ 75.68653555067047, 13.767286934924901 ], [ 75.68218315484026, 13.760905708854006 ], [ 75.68758133647286, 13.755919312668208 ], [ 75.688945050547261, 13.752558379643746 ], [ 75.684674003547528, 13.749159465193046 ], [ 75.675519216615726, 13.751883189807907 ], [ 75.674762842325691, 13.761224667242786 ], [ 75.670247456794286, 13.765515826241192 ], [ 75.663098463206651, 13.755993337997683 ], [ 75.663653915233496, 13.750417502581472 ], [ 75.657097971015816, 13.748864701692144 ], [ 75.655912438709322, 13.746198774029047 ], [ 75.65958982654719, 13.740796879262071 ], [ 75.665282499050448, 13.738515295912913 ], [ 75.667576983798, 13.731059355026225 ], [ 75.675565491420286, 13.72789653793183 ], [ 75.674033627179341, 13.722033345188681 ], [ 75.666772190359239, 13.71950107142135 ], [ 75.651477786196054, 13.718164902480007 ], [ 75.649269287846067, 13.711084716280501 ], [ 75.64365501936004, 13.705187749546861 ], [ 75.633298443817196, 13.701600707999093 ], [ 75.631552885434303, 13.70388234596488 ], [ 75.629078552220832, 13.703997980076824 ], [ 75.626151366048603, 13.701435526873803 ], [ 75.621624452903575, 13.703260525367991 ], [ 75.618601039469311, 13.708424350271592 ], [ 75.620627437175813, 13.713394345186474 ], [ 75.617169788511276, 13.722403603939727 ], [ 75.626817808058448, 13.733244997288892 ], [ 75.609435292851359, 13.746062119000191 ], [ 75.607816760876247, 13.760670357430527 ], [ 75.586543426464743, 13.759434112427675 ], [ 75.582912426975966, 13.757522526141626 ], [ 75.57121212140666, 13.756049859124481 ], [ 75.567926554431466, 13.753595798931659 ], [ 75.566980168906809, 13.740776160750034 ], [ 75.570036989833994, 13.734635911781028 ], [ 75.560656265090131, 13.729066605681131 ], [ 75.553201526957324, 13.72896998622309 ], [ 75.541856153632679, 13.724569528494751 ], [ 75.528308954713737, 13.731183197198643 ], [ 75.525281986406355, 13.73889490944099 ], [ 75.520342401430838, 13.743278009075263 ], [ 75.5217180900149, 13.751905464163965 ], [ 75.519370418353915, 13.752048285269399 ], [ 75.517058040749774, 13.754547346162974 ], [ 75.51502262727719, 13.75352290540625 ], [ 75.51047262884542, 13.755339803405874 ], [ 75.507571969187822, 13.760793128884552 ], [ 75.508069762482506, 13.764638967455868 ], [ 75.502895693588528, 13.762502507315723 ], [ 75.498615988448407, 13.756838505876368 ], [ 75.489015013456083, 13.768536201298701 ], [ 75.487059803856795, 13.768448303342296 ], [ 75.48603791857532, 13.766414770097347 ], [ 75.489973001263792, 13.762036428661585 ], [ 75.489626232809584, 13.760529352171281 ], [ 75.471989289288203, 13.75080720271448 ], [ 75.460700392318017, 13.740090715553794 ], [ 75.460609166822607, 13.732790008812245 ], [ 75.455657999261661, 13.723426133059514 ], [ 75.446646773465503, 13.722029709266574 ], [ 75.438411241322683, 13.717400438440331 ], [ 75.428353830047229, 13.71508809528831 ], [ 75.425566597321549, 13.713332365757617 ], [ 75.422611614109925, 13.707787212613624 ], [ 75.416025274820768, 13.705402436672834 ], [ 75.407848496841098, 13.706428062064445 ], [ 75.403761741561667, 13.703263286691703 ], [ 75.390555601938573, 13.709684611507264 ], [ 75.384501212641169, 13.710984574130066 ], [ 75.380867737603978, 13.708497544748047 ], [ 75.380327004774372, 13.704286768642074 ], [ 75.384135131459928, 13.70447725982884 ], [ 75.387321992026315, 13.700383872157666 ], [ 75.393844365680792, 13.700628933460322 ], [ 75.393448457615307, 13.693922830463933 ], [ 75.397255950706111, 13.691535515334751 ], [ 75.402831765930401, 13.680797974866914 ], [ 75.405870198129293, 13.670896143587676 ], [ 75.405710491189154, 13.65886253518384 ], [ 75.413991254792634, 13.65312037739435 ], [ 75.410121192209004, 13.647577702340245 ], [ 75.410948298691935, 13.639334183163303 ], [ 75.406320811721244, 13.632982721653971 ], [ 75.406567961851593, 13.625759052299031 ], [ 75.393133793632899, 13.629515383114811 ], [ 75.392396203036768, 13.62444499042997 ], [ 75.387152232931285, 13.622011699619071 ], [ 75.388870903048456, 13.618318428088163 ], [ 75.38725291172365, 13.617203289385186 ], [ 75.387822880971854, 13.614229854784741 ], [ 75.385134788880819, 13.61260294600322 ], [ 75.376841968552441, 13.613749570956367 ], [ 75.379763142546523, 13.617459923483139 ], [ 75.375399067524839, 13.621944767029429 ], [ 75.37447171022005, 13.626198772433055 ], [ 75.365282694392434, 13.619261448982318 ], [ 75.367704467654576, 13.610673112571845 ], [ 75.364458888943915, 13.606866521473439 ], [ 75.364779147529092, 13.602407488084669 ], [ 75.3701276306533, 13.596152699522397 ], [ 75.353615077080903, 13.593199917807175 ], [ 75.350986175652551, 13.585866355292021 ], [ 75.343869862649811, 13.581986290824787 ], [ 75.341039240650375, 13.585841055784078 ], [ 75.331580524576097, 13.584627469720875 ], [ 75.329651521124333, 13.585831730423461 ], [ 75.32762480190604, 13.591235593539984 ], [ 75.314639215133496, 13.589458857125985 ], [ 75.310801195245247, 13.587796639245447 ], [ 75.308252348952138, 13.584070963483803 ], [ 75.297883270560305, 13.58324545870293 ], [ 75.294904902468389, 13.585184865494268 ], [ 75.288487594243435, 13.575749834658433 ], [ 75.287502033407549, 13.576475774662024 ], [ 75.287204654642451, 13.574975187690857 ], [ 75.284904799135759, 13.575270183216681 ], [ 75.279238827221519, 13.571943644497864 ], [ 75.278353876883969, 13.564067739493026 ], [ 75.270840639845673, 13.568045263263267 ], [ 75.264393530752287, 13.585371717052753 ], [ 75.25898988333428, 13.582534813464864 ], [ 75.255790494633288, 13.583472468985613 ], [ 75.254549641724097, 13.593983663694736 ], [ 75.24855087239591, 13.596364330145978 ], [ 75.24469125503127, 13.605445092496012 ], [ 75.236785373945224, 13.602060154711609 ], [ 75.235931435409839, 13.599213332501353 ], [ 75.231714051129615, 13.600010870951587 ], [ 75.230621930588455, 13.603478976059099 ], [ 75.225628840819653, 13.60584943876014 ], [ 75.22094299850238, 13.603795459656077 ], [ 75.222686087428627, 13.596271212330644 ], [ 75.211911724499188, 13.585026753138765 ], [ 75.212011461897077, 13.580801599375894 ], [ 75.212580407609778, 13.577243350395591 ], [ 75.218059295196099, 13.574842163556081 ], [ 75.22597327491647, 13.56825779248471 ], [ 75.225097943623553, 13.564987870317477 ], [ 75.221851221827535, 13.562641157475916 ], [ 75.220976763567847, 13.558713414762435 ], [ 75.216068158104349, 13.558372446097421 ], [ 75.215533710242354, 13.556359408883431 ], [ 75.219775148818229, 13.555474747037545 ], [ 75.217973445319359, 13.551305286220407 ], [ 75.220836917408931, 13.548498113561275 ], [ 75.223572110016818, 13.54829459041304 ], [ 75.220749995904129, 13.534260918721545 ], [ 75.221445249077263, 13.531607197592978 ], [ 75.224884391870816, 13.528963407501839 ], [ 75.223093477925502, 13.525923055314129 ], [ 75.21902091246848, 13.524814053944125 ], [ 75.218248306731269, 13.526471267212143 ], [ 75.210130211301419, 13.526180933705408 ], [ 75.20697303578109, 13.524797940911375 ], [ 75.203448510811057, 13.517514011471158 ], [ 75.210816658472112, 13.518261265347373 ], [ 75.210508405536174, 13.516299141091926 ], [ 75.205583782494145, 13.515205763987591 ], [ 75.202755294559267, 13.508991947173115 ], [ 75.199377856468672, 13.509973572083119 ], [ 75.198049073041119, 13.507335493117823 ], [ 75.195245206273583, 13.509226127510766 ], [ 75.188405277134493, 13.509113524530607 ], [ 75.181184310949448, 13.505256344533542 ], [ 75.180620167924459, 13.503078621295682 ], [ 75.17918295864591, 13.50348570053877 ], [ 75.17700861542896, 13.49878572576625 ], [ 75.17198179502337, 13.503426135581087 ], [ 75.170873826256312, 13.506633788334033 ], [ 75.160749907715442, 13.497449712971317 ], [ 75.160051322471702, 13.493159684782631 ], [ 75.147910493758175, 13.478818757172151 ], [ 75.136445205724797, 13.477932819950201 ], [ 75.138299527244158, 13.472427214737671 ], [ 75.13749674262354, 13.468991955118582 ], [ 75.140674920705692, 13.463422450022124 ], [ 75.133069725181741, 13.462754655194374 ], [ 75.127008288430702, 13.464420552303418 ], [ 75.124059063414563, 13.4623140710409 ], [ 75.117548768714471, 13.46123681766972 ], [ 75.115521219544505, 13.459025222725922 ], [ 75.114155763606519, 13.461896927879701 ], [ 75.111269616811654, 13.463418498786448 ], [ 75.111769345935087, 13.467903071415616 ], [ 75.113656596239295, 13.469990571252056 ], [ 75.112896969980142, 13.472610793279811 ], [ 75.111533847023182, 13.472188962488639 ], [ 75.108297785941588, 13.479226956495417 ], [ 75.101940569884718, 13.48475313658936 ], [ 75.101653299541937, 13.48694162820118 ], [ 75.098046691975412, 13.483580666801505 ], [ 75.0923609215168, 13.488433538383571 ], [ 75.091812163414673, 13.491345489041937 ], [ 75.087222407375663, 13.492271905508542 ], [ 75.084281959761825, 13.489745155411201 ], [ 75.081713574198957, 13.493676298540111 ], [ 75.078627329460389, 13.494703776000746 ], [ 75.079023953031268, 13.49826441893525 ], [ 75.077316190558506, 13.500907208050208 ], [ 75.078954311131994, 13.503115225748678 ], [ 75.076868213233311, 13.510608695925676 ], [ 75.077854373646119, 13.514180640238758 ], [ 75.073822418767378, 13.515624911343551 ], [ 75.078467125742122, 13.521552264189864 ], [ 75.073674023092565, 13.524171455798895 ], [ 75.073808014677766, 13.527663132246811 ], [ 75.07112556281551, 13.528916989420976 ], [ 75.070692248319219, 13.531349450626816 ], [ 75.068975234456374, 13.530384009408753 ], [ 75.064763452797692, 13.519538136193793 ], [ 75.061095422411853, 13.52036991173282 ], [ 75.065112555471231, 13.525578064985648 ], [ 75.068299842573751, 13.532545932022737 ], [ 75.067743544921868, 13.534415397574129 ], [ 75.065814826191115, 13.537336468887267 ], [ 75.060386564691868, 13.532722949367827 ], [ 75.058540656499218, 13.535757949245816 ], [ 75.053716176518918, 13.536444839198312 ], [ 75.056384074499064, 13.542069982669631 ], [ 75.05415013279449, 13.550568644348646 ], [ 75.050189215881133, 13.554469775484765 ], [ 75.045587673101977, 13.553900847321904 ], [ 75.046049164937159, 13.558557071026572 ], [ 75.042234636939327, 13.563442570158193 ], [ 75.038526672665114, 13.564849152971194 ], [ 75.037195975837321, 13.57243715925577 ], [ 75.041148266385861, 13.57487280885074 ], [ 75.045025444644807, 13.586164777157359 ], [ 75.055575984807646, 13.587907976553076 ], [ 75.05650605858844, 13.590796645016329 ], [ 75.059129259007079, 13.591148921991461 ], [ 75.061988778794756, 13.597326713947778 ], [ 75.060404512304686, 13.599896587506047 ], [ 75.062107934706859, 13.604220401666916 ], [ 75.057152131037071, 13.61117648521101 ], [ 75.053979194614158, 13.611194008522052 ], [ 75.050543803233012, 13.616125624085237 ], [ 75.038308231825823, 13.615933948473105 ], [ 75.035191647062689, 13.617428482314804 ], [ 75.033565945295237, 13.621285235639144 ], [ 75.029660878000911, 13.622067819021312 ], [ 75.026232409623958, 13.628091154843553 ], [ 75.018537530051702, 13.628561332231701 ], [ 75.011204747621051, 13.634698672112483 ], [ 75.013776202671167, 13.642269795880669 ], [ 75.008740659737498, 13.64534978770916 ], [ 75.007669360898689, 13.653477041685411 ], [ 75.010697764228425, 13.655492815458043 ], [ 75.00813182675958, 13.660566605366336 ], [ 75.012415588414967, 13.666463107172147 ], [ 75.021635297154546, 13.661815879423504 ], [ 75.024226358418417, 13.66620425945111 ], [ 75.026314373609608, 13.666534282017087 ], [ 75.026739021194985, 13.670533937757513 ], [ 75.023888281954527, 13.673993239220994 ], [ 75.023113540415423, 13.673031469143075 ], [ 75.016130354899559, 13.677829849432534 ], [ 75.009424652908862, 13.676869946959382 ], [ 75.008586161279851, 13.679101967037825 ], [ 75.010770325703305, 13.690820054481778 ], [ 75.00781021679397, 13.690873380858141 ], [ 75.014207769839047, 13.692604943602001 ], [ 75.014533533338124, 13.694112643912073 ], [ 75.019531975073377, 13.694634291154465 ], [ 75.019392145292002, 13.699163940786175 ], [ 75.014645662387778, 13.699811772361217 ], [ 75.007043753223513, 13.708625113142569 ], [ 75.00360059526399, 13.708132815288641 ], [ 75.002459318476468, 13.712021245786906 ], [ 74.999669623529698, 13.710643530626946 ], [ 74.987693688382379, 13.713475787963457 ], [ 74.987508599512879, 13.719354163857117 ], [ 74.99022344761454, 13.722492441449521 ], [ 74.992643023495972, 13.72264627623405 ], [ 74.992414818840984, 13.72658081817691 ], [ 74.99394854797174, 13.727356263397921 ], [ 74.993664086890092, 13.736465332638517 ], [ 74.995647691328116, 13.739101719392588 ], [ 74.996280694996315, 13.744746587514172 ], [ 74.980270291142332, 13.746747156741867 ], [ 74.974456196806997, 13.752873551668003 ], [ 74.952261900805752, 13.758865850731839 ], [ 74.939759152986056, 13.770730052800502 ], [ 74.938147835529435, 13.777137698847186 ], [ 74.935699065261574, 13.777929445466434 ], [ 74.93103577433709, 13.775836105728073 ], [ 74.932562116556284, 13.796049423403305 ], [ 74.92428840524974, 13.801322279832014 ], [ 74.924394730535681, 13.806435586647973 ], [ 74.919335832789343, 13.813404990440777 ], [ 74.922929511873363, 13.81530488194351 ], [ 74.919613425376539, 13.824648485036619 ], [ 74.912845147426765, 13.821693004825821 ], [ 74.914590835361523, 13.834168548835919 ], [ 74.913190537099695, 13.836685608325341 ], [ 74.914025083596385, 13.84186763737056 ], [ 74.911815302859281, 13.845795080978789 ], [ 74.914169455830177, 13.853136049231111 ], [ 74.90956953066059, 13.8609907430459 ], [ 74.885563835262829, 13.867583081688247 ], [ 74.879638963642634, 13.863981139735559 ], [ 74.880812657794777, 13.859959153190955 ], [ 74.876260431983368, 13.856138416281217 ], [ 74.870342042397724, 13.856258176147323 ], [ 74.859641332131403, 13.869290059785069 ], [ 74.855512051179005, 13.880545701323397 ], [ 74.843769045276005, 13.891877762965072 ], [ 74.841513363304841, 13.893048989153346 ], [ 74.840508290014014, 13.891919711333008 ], [ 74.837793088525544, 13.898579771315648 ], [ 74.833532865118329, 13.901819436440569 ], [ 74.828712742557869, 13.901531536509236 ], [ 74.818990925959483, 13.907949280233488 ], [ 74.805505876857424, 13.905744912868162 ], [ 74.80041688967566, 13.908444138677137 ], [ 74.792795261402873, 13.906232537289155 ], [ 74.792013130071524, 13.903428739820797 ], [ 74.789248789177975, 13.908505506745177 ], [ 74.771032001766599, 13.912644517410728 ], [ 74.77107452643682, 13.913909105050669 ], [ 74.763068984171468, 13.912361098159909 ], [ 74.757135856655623, 13.906476242632181 ], [ 74.749748210021437, 13.907266706430971 ], [ 74.745253641266117, 13.909726785407912 ], [ 74.737558928669884, 13.910111778177372 ], [ 74.722442546157325, 13.904812303631227 ], [ 74.711409172340851, 13.90389028495667 ], [ 74.714175136393294, 13.905557372847289 ], [ 74.713325577412022, 13.908784439395761 ], [ 74.714894651825261, 13.910483926534072 ], [ 74.708177965739154, 13.920690976971764 ], [ 74.705565331072577, 13.923326056838679 ], [ 74.703415867007564, 13.922202997562966 ], [ 74.692094568806283, 13.924679833817288 ], [ 74.682388758076726, 13.934388330232048 ], [ 74.68557666297346, 13.939226632377812 ], [ 74.690056247544959, 13.938862535996577 ], [ 74.693480495377628, 13.940808009959994 ], [ 74.694176114887668, 13.948185211921059 ], [ 74.691775148851136, 13.953514254966054 ], [ 74.688141803567248, 13.956297444924003 ], [ 74.681103159566987, 13.956856588177791 ], [ 74.677565712583132, 13.959481905237464 ], [ 74.677548916065106, 13.966065840059565 ], [ 74.668738221785418, 13.971137713070719 ], [ 74.670120891700549, 13.972318733529791 ], [ 74.661381020746745, 13.98925379859846 ], [ 74.661361369653605, 13.9936220236488 ], [ 74.676211250675109, 14.023401567901486 ], [ 74.678138195802887, 14.042286738851583 ], [ 74.672453749817478, 14.048145517229687 ], [ 74.673856951750594, 14.057883581667539 ], [ 74.676380738447349, 14.061792290921531 ], [ 74.664414813136077, 14.082530382874905 ], [ 74.652561818286429, 14.09703160920837 ], [ 74.645897236736971, 14.102373510458104 ], [ 74.655549871152758, 14.115428958279008 ], [ 74.645966944553209, 14.114695861283773 ], [ 74.642583162771686, 14.133883834465117 ], [ 74.644076505317187, 14.140413987059286 ], [ 74.629197994264445, 14.144095582161944 ], [ 74.627031948150773, 14.158145487760214 ], [ 74.62975436423946, 14.163926756664823 ], [ 74.650474468218533, 14.169729154945177 ], [ 74.652730711941331, 14.167333331634298 ], [ 74.664769147029773, 14.183005261783762 ], [ 74.695797586535733, 14.172821323101104 ], [ 74.693840981796299, 14.170209247403493 ], [ 74.699361435668081, 14.167898760720103 ], [ 74.700684293110754, 14.169779498992677 ], [ 74.709043554822742, 14.16728373319263 ], [ 74.720826517204898, 14.154415640415085 ], [ 74.744742686235057, 14.149232947761842 ], [ 74.74697914051427, 14.141371897509146 ], [ 74.749071426205759, 14.142097027717007 ], [ 74.747570682363403, 14.156866221530377 ], [ 74.726134198640693, 14.1737959741415 ], [ 74.712608531572414, 14.232948036736298 ], [ 74.712378874108921, 14.234770413972404 ], [ 74.733033147539047, 14.267414978780756 ], [ 74.752682038264453, 14.251629242513776 ], [ 74.776007965726194, 14.24081016216884 ], [ 74.792734376261123, 14.228024254748531 ], [ 74.798887727271918, 14.231207369136264 ], [ 74.809909830042244, 14.228254529247602 ], [ 74.815095881004481, 14.230783303673661 ], [ 74.818817806252184, 14.230562676391441 ], [ 74.822658890877236, 14.22550873030089 ], [ 74.832998044853909, 14.229224968428314 ], [ 74.839450015243074, 14.222890238582753 ], [ 74.848469968013703, 14.217146913912678 ], [ 74.853442826548417, 14.209584642127133 ], [ 74.856912654532834, 14.210496138246905 ], [ 74.86009550419773, 14.217707976644979 ], [ 74.867179682935173, 14.218459094128907 ], [ 74.867904533875588, 14.226030449384719 ], [ 74.869146266044041, 14.225735083783935 ], [ 74.869384361989333, 14.227511508537473 ], [ 74.868075156550617, 14.227839733009626 ], [ 74.868392703344639, 14.233251307934008 ], [ 74.870341335550165, 14.238953982192683 ], [ 74.872934353174912, 14.2400570358273 ], [ 74.880869885347579, 14.232927346936906 ], [ 74.875876203151861, 14.226035421127714 ], [ 74.875665373907424, 14.219344013986452 ], [ 74.878948891085628, 14.221558461269412 ], [ 74.879867604306781, 14.219794912844094 ], [ 74.877543277654567, 14.217227559037305 ], [ 74.87851450758869, 14.214094627900565 ], [ 74.887905061234974, 14.214687606773776 ], [ 74.894677371243404, 14.21698807335358 ], [ 74.897130696272512, 14.219262192572506 ], [ 74.896366291404746, 14.221944792531456 ], [ 74.898212895836323, 14.224694436604977 ], [ 74.896157230764317, 14.226145959938703 ], [ 74.898553673070467, 14.228133229776715 ], [ 74.902728553436532, 14.228114369195966 ], [ 74.90539134841292, 14.230082701935858 ], [ 74.908998981265214, 14.22737288848324 ], [ 74.913399977115219, 14.228965415154196 ], [ 74.919254838554238, 14.226905285948652 ], [ 74.927232203754528, 14.234728139524103 ], [ 74.929083918317147, 14.234647955728549 ], [ 74.928108422197468, 14.236546567178177 ], [ 74.930589064289904, 14.238374433483589 ], [ 74.930766087091598, 14.240973139478562 ], [ 74.93571972830749, 14.243096988147888 ], [ 74.935992082262743, 14.251898921753696 ], [ 74.938386927459064, 14.256036266956531 ], [ 74.935517964142136, 14.257877994112084 ], [ 74.934648561362863, 14.263416202225054 ], [ 74.928138483338316, 14.264720048905865 ], [ 74.929144429418571, 14.265450859873487 ], [ 74.926725620171439, 14.277331844959525 ], [ 74.923712433236986, 14.278211107475073 ], [ 74.916600169406564, 14.273131764990655 ], [ 74.915700864489125, 14.275709699237952 ], [ 74.90993832195133, 14.277697273962126 ], [ 74.907512806933454, 14.285103208774972 ], [ 74.908495819102427, 14.288645665468618 ], [ 74.905543038476821, 14.293527555800358 ], [ 74.913111735805543, 14.298344031438114 ], [ 74.913759674975935, 14.304043932483365 ], [ 74.916023821771518, 14.308060223878055 ], [ 74.917974853924605, 14.308270231609175 ], [ 74.919176780222486, 14.313767997047087 ], [ 74.926601299342195, 14.31994047056482 ], [ 74.930334177080979, 14.320562834185788 ], [ 74.931230155020685, 14.319079868341506 ], [ 74.932562895023338, 14.321194288568861 ], [ 74.933906377988052, 14.320545156526206 ], [ 74.936621893463723, 14.322486193750944 ], [ 74.942136818264274, 14.318275170023377 ], [ 74.94919281770801, 14.320023708342971 ], [ 74.952433215367961, 14.317359353663978 ], [ 74.956628026743388, 14.320541919214827 ], [ 74.95607801224125, 14.322757089215528 ], [ 74.958163299616771, 14.323872278389775 ], [ 74.96891170064184, 14.315511711443989 ], [ 74.97627099400006, 14.31854524816565 ], [ 74.977340486102875, 14.320770194208858 ], [ 74.973751985376026, 14.322968948536413 ], [ 74.972535272698664, 14.321031046435031 ], [ 74.969673894472137, 14.325451672523595 ], [ 74.973304985123278, 14.326853996651801 ], [ 74.975777496957789, 14.333222566579966 ], [ 74.974324840191457, 14.334141057031836 ], [ 74.974421686582417, 14.338195705310937 ], [ 74.960344573108259, 14.341306249111009 ], [ 74.955173385801118, 14.349764697587503 ], [ 74.952415162910228, 14.351420864646194 ], [ 74.950192090374614, 14.350485395537683 ], [ 74.948943779741938, 14.353034372334879 ], [ 74.944387471405278, 14.354043242238431 ], [ 74.93894197056548, 14.35845369861617 ], [ 74.940147483362836, 14.367929952171693 ], [ 74.945514146699125, 14.374577548294292 ], [ 74.949187359841488, 14.37613964173403 ], [ 74.950542812311298, 14.38176220790085 ], [ 74.948325764724402, 14.394731305097393 ], [ 74.949200994811292, 14.398826660102964 ], [ 74.944803832184547, 14.40214876442178 ], [ 74.94126494846725, 14.400657288416095 ], [ 74.933648224897965, 14.403689433053446 ], [ 74.917578925985055, 14.430729597240344 ] ] ] } },
{ "type": "Feature", "properties": { "DISTRICT": "Tumakuru" }, "geometry": { "type": "MultiPolygon", "coordinates": [ [ [ [ 77.083310223972887, 13.071534093181432 ], [ 77.081769051794041, 13.069472365774553 ], [ 77.079519370078103, 13.068836056480173 ], [ 77.08115658170486, 13.072560921450515 ], [ 77.083310223972887, 13.071534093181432 ] ] ], [ [ [ 76.822001403016358, 14.000706032283279 ], [ 76.833341981444107, 14.003172543677501 ], [ 76.835523134511774, 14.007526392947323 ], [ 76.836657457395575, 14.017860659373348 ], [ 76.856865486704066, 14.016002419039143 ], [ 76.872815281873528, 14.009759327217177 ], [ 76.875403792995897, 14.013611400898816 ], [ 76.876054568410296, 14.019104083578222 ], [ 76.879782031656561, 14.018542370011199 ], [ 76.88677491625937, 14.039001867690395 ], [ 76.886803222326279, 14.046429557337943 ], [ 76.898813628330842, 14.057371290375354 ], [ 76.909660583027133, 14.063697556804311 ], [ 76.922955757439695, 14.056624149007366 ], [ 76.924491036810892, 14.067922973316264 ], [ 76.92784749392618, 14.07705191512115 ], [ 76.942743045409898, 14.089173207175904 ], [ 76.948531831988134, 14.092139145521937 ], [ 76.959046956543148, 14.091651657949253 ], [ 76.973557287080254, 14.083704394122503 ], [ 76.975323166094796, 14.074098315822029 ], [ 76.97754548826606, 14.070951278657585 ], [ 76.976589650941648, 14.065481583795652 ], [ 76.971886252067193, 14.058519822039681 ], [ 76.95853067738831, 14.057517338635291 ], [ 76.949968516150236, 14.053661317098008 ], [ 76.931988975541287, 14.054507375419366 ], [ 76.93337748015017, 14.04445258149209 ], [ 76.930618946727122, 14.030878969821305 ], [ 76.934308955193558, 14.033157343008329 ], [ 76.940330835026217, 14.029692409019278 ], [ 76.943789484302812, 14.029965350959696 ], [ 76.945022383607494, 14.021021140868575 ], [ 76.950043174031777, 14.014591908027139 ], [ 76.957409707830649, 14.011927751889635 ], [ 76.965906145400666, 14.011247192110762 ], [ 76.98356041981944, 14.000219194830802 ], [ 76.995015243876679, 13.990915698008608 ], [ 76.999296317077693, 13.989931084518954 ], [ 76.993572554288122, 13.962785874153615 ], [ 77.005826747700695, 13.956686717058771 ], [ 77.013794429968968, 13.955498025407461 ], [ 77.023852631459832, 13.940316329644672 ], [ 77.036640234977625, 13.937106014222229 ], [ 77.039993912590589, 13.933843683650284 ], [ 77.046803548684096, 13.90590611715483 ], [ 77.031243513098346, 13.905323952209617 ], [ 77.021998394900507, 13.902788639339791 ], [ 77.023328972644492, 13.895860840039139 ], [ 77.020493559758009, 13.892566950577489 ], [ 77.019514529575616, 13.887152910856747 ], [ 77.016130863349204, 13.884576248952609 ], [ 77.018437780759399, 13.872287867034647 ], [ 77.013150786279638, 13.871544318194267 ], [ 77.011985806814167, 13.863885583263302 ], [ 77.013936096920347, 13.8588117912826 ], [ 77.005655281184858, 13.851502958232109 ], [ 77.00453824435057, 13.852550430717979 ], [ 76.995879477651684, 13.848403231855276 ], [ 76.992413316413774, 13.848983625297777 ], [ 76.990385289359594, 13.837237669546164 ], [ 76.986688359797512, 13.831911188392764 ], [ 76.97807444358088, 13.826764528155845 ], [ 76.976618297555305, 13.820309371708364 ], [ 76.97653175031482, 13.816994167418487 ], [ 76.989793905332476, 13.813102011553637 ], [ 76.991394471238408, 13.802889458229533 ], [ 76.989919572410344, 13.795753164485284 ], [ 76.984873398401859, 13.790735464695519 ], [ 76.991604236217583, 13.77670410102359 ], [ 76.994002658538662, 13.760190546004383 ], [ 76.998054587077405, 13.753636828943892 ], [ 76.996014228718934, 13.753731414508648 ], [ 76.99718814176687, 13.747344441349105 ], [ 77.013842611598136, 13.738850024701495 ], [ 77.016598672329295, 13.73821257317824 ], [ 77.017053257988067, 13.747145449055527 ], [ 77.019003472192352, 13.749201410041215 ], [ 77.017272583100734, 13.755567392321758 ], [ 77.023438207089669, 13.769148625283254 ], [ 77.024288828797154, 13.779099722399568 ], [ 77.04303284980503, 13.777735113434487 ], [ 77.04352212816498, 13.770902302535657 ], [ 77.047034489452614, 13.77060521840033 ], [ 77.052195417722984, 13.762003150095794 ], [ 77.058694923833229, 13.760021596588668 ], [ 77.057661906954749, 13.75264884427245 ], [ 77.059713247979616, 13.752592067052818 ], [ 77.06118843428051, 13.74742357023004 ], [ 77.065131900293309, 13.744825782252676 ], [ 77.069823709724758, 13.74554808683107 ], [ 77.085368591476382, 13.743190107463658 ], [ 77.083323266017658, 13.748991033260623 ], [ 77.085261436978698, 13.761507059616369 ], [ 77.089764963128374, 13.762469892282672 ], [ 77.09047243860968, 13.76717557194017 ], [ 77.097379157438368, 13.766894394712111 ], [ 77.101450550246867, 13.768377630085999 ], [ 77.107739630312182, 13.767318232962285 ], [ 77.118080992313693, 13.764662712578023 ], [ 77.120821816102492, 13.761788734554719 ], [ 77.136910339484231, 13.758478179493789 ], [ 77.139795652330704, 13.761115772838341 ], [ 77.141037025306929, 13.765271913633057 ], [ 77.151328576607568, 13.766358675387101 ], [ 77.17336393970379, 13.762058718605093 ], [ 77.179056948648295, 13.782917499101512 ], [ 77.173331346094969, 13.785405611893058 ], [ 77.1637462757366, 13.796151151489147 ], [ 77.162236686741977, 13.804369947481218 ], [ 77.157789155705629, 13.805597408531121 ], [ 77.16238921263286, 13.80826566982662 ], [ 77.162658434630643, 13.811145596172004 ], [ 77.159633576199212, 13.816271380515657 ], [ 77.162867715151506, 13.816578332585461 ], [ 77.167750227559949, 13.820767103123002 ], [ 77.170586043451209, 13.827648733577227 ], [ 77.169735217356433, 13.829712699603101 ], [ 77.164572122100097, 13.832648489519297 ], [ 77.15327734154161, 13.834160302725982 ], [ 77.154672044174092, 13.844467705132306 ], [ 77.139747504854128, 13.84689349383652 ], [ 77.132285963607643, 13.846299653439981 ], [ 77.12973493708482, 13.855108707206634 ], [ 77.128185382376913, 13.85617236654323 ], [ 77.136729225466809, 13.856605082762334 ], [ 77.145639629455687, 13.868075439281931 ], [ 77.160695454993999, 13.865764454931325 ], [ 77.167374219400827, 13.862323724848267 ], [ 77.171590092940733, 13.869956410740324 ], [ 77.168934982859511, 13.880845996579739 ], [ 77.168825314233601, 13.89009465172319 ], [ 77.162180761204624, 13.898866508161841 ], [ 77.162252682541649, 13.907335056822808 ], [ 77.169722879934966, 13.920155871230298 ], [ 77.184997146938912, 13.924594036691785 ], [ 77.188416403171061, 13.912803770658892 ], [ 77.190676075027895, 13.911526792880933 ], [ 77.186158769201285, 13.893431781984134 ], [ 77.185854998884906, 13.877094052191575 ], [ 77.181784836211406, 13.87001012183525 ], [ 77.200598209664534, 13.863360989560622 ], [ 77.207473882760993, 13.873261367351038 ], [ 77.206114969883885, 13.873809659003545 ], [ 77.210209873487912, 13.878066313899666 ], [ 77.209775369437665, 13.884200371768365 ], [ 77.215253218113347, 13.885816172917888 ], [ 77.216846049521976, 13.884070370288393 ], [ 77.215221505427678, 13.867540709374836 ], [ 77.219805163970037, 13.867898296600961 ], [ 77.224689162260617, 13.882728693350629 ], [ 77.22647081623488, 13.881810487041321 ], [ 77.230066390709354, 13.892037968592604 ], [ 77.231109831344497, 13.902839721188624 ], [ 77.235581659343353, 13.904390954702855 ], [ 77.236526488627874, 13.901159262024155 ], [ 77.2451693048219, 13.903579457020923 ], [ 77.248619462001912, 13.901436927637967 ], [ 77.24727200302604, 13.89224913290175 ], [ 77.248312397969059, 13.887582816475774 ], [ 77.245126302607602, 13.883944851999892 ], [ 77.245201723208552, 13.881938759973542 ], [ 77.247641282590635, 13.880675958863099 ], [ 77.248653963726923, 13.872744925564389 ], [ 77.246535654379073, 13.867676112777144 ], [ 77.258949654384764, 13.862433684139562 ], [ 77.256165035594321, 13.851542098773765 ], [ 77.257087539280164, 13.84662017045831 ], [ 77.270549701562047, 13.8480110025214 ], [ 77.28017526599433, 13.85094000498842 ], [ 77.290227039789485, 13.847815777805334 ], [ 77.294991123711426, 13.857634358373049 ], [ 77.296368035449191, 13.856833136278015 ], [ 77.303335285438891, 13.86185226311995 ], [ 77.310211809958062, 13.86324477932995 ], [ 77.311063324505611, 13.866886894760027 ], [ 77.31634355614753, 13.863272510558438 ], [ 77.318746072789679, 13.856938961481612 ], [ 77.321171278554047, 13.856232739225247 ], [ 77.321244073437384, 13.846966549073644 ], [ 77.324878765691125, 13.845337127972376 ], [ 77.323035102567758, 13.839772767223723 ], [ 77.324403050622166, 13.839586003850695 ], [ 77.325510426995749, 13.832777772457359 ], [ 77.336821228306064, 13.832661282198647 ], [ 77.345358098151408, 13.841008392621095 ], [ 77.353097019925357, 13.845501658510946 ], [ 77.357132283308403, 13.851082716405921 ], [ 77.363015277838898, 13.853995378283555 ], [ 77.376570753731912, 13.850917834457055 ], [ 77.38083593978115, 13.847179846088155 ], [ 77.379505505513478, 13.840012568036515 ], [ 77.386316208290083, 13.838543480066967 ], [ 77.401405776494698, 13.840606920270195 ], [ 77.415895770208849, 13.839057899624727 ], [ 77.421749781297905, 13.841591929741176 ], [ 77.427245690933105, 13.840912031181071 ], [ 77.429952468889113, 13.844853235142278 ], [ 77.433773975137456, 13.842896407355456 ], [ 77.432389430556285, 13.836944568260845 ], [ 77.428079544177777, 13.831868955450242 ], [ 77.428933628555768, 13.827449600909254 ], [ 77.424083525439968, 13.823309992023258 ], [ 77.417471881218731, 13.807774006176366 ], [ 77.418220567389454, 13.805778450623649 ], [ 77.419496312085613, 13.80943893554339 ], [ 77.428656402021971, 13.806663101623105 ], [ 77.428235348268444, 13.803356848772637 ], [ 77.423822398155636, 13.801392683373935 ], [ 77.422609774710779, 13.798783120431278 ], [ 77.437268299778879, 13.796059808361585 ], [ 77.440686716597241, 13.805749784682035 ], [ 77.445427158987712, 13.810510406655309 ], [ 77.453901891237521, 13.809494792941956 ], [ 77.457128045717411, 13.807103539903032 ], [ 77.464733452586202, 13.807494064970326 ], [ 77.464927862612569, 13.802448148113701 ], [ 77.460795216172372, 13.802652505779308 ], [ 77.456787725172603, 13.788559664670474 ], [ 77.461535698022431, 13.787984813402225 ], [ 77.460214491332607, 13.780545277588022 ], [ 77.464408442252335, 13.769525046353452 ], [ 77.465034898978544, 13.758712704934467 ], [ 77.470456759514107, 13.758054077474396 ], [ 77.467802832263487, 13.753094162290729 ], [ 77.466555785262941, 13.740227203962492 ], [ 77.464366089427486, 13.733963891548809 ], [ 77.465055333646276, 13.711073360160967 ], [ 77.45559236904333, 13.710230253159816 ], [ 77.450093938479114, 13.711359400750583 ], [ 77.450813925451371, 13.704555542385265 ], [ 77.452506506404646, 13.70417059989202 ], [ 77.452880160000291, 13.695919809223623 ], [ 77.454709421158967, 13.695323207601575 ], [ 77.455777060120724, 13.690976693982872 ], [ 77.455356466841366, 13.682829838467377 ], [ 77.437096586063063, 13.684116598134219 ], [ 77.435479593997528, 13.673245945669272 ], [ 77.42437468044551, 13.675303396267028 ], [ 77.403493180405647, 13.67627172718289 ], [ 77.397169492944201, 13.67453682144018 ], [ 77.394503287139599, 13.665541307484382 ], [ 77.384160015933091, 13.661544221898584 ], [ 77.37679503010628, 13.649710853771746 ], [ 77.378401779446236, 13.645089836061436 ], [ 77.374455120266376, 13.64174052399529 ], [ 77.368715838216076, 13.641051846190738 ], [ 77.366911455365781, 13.636164845665462 ], [ 77.369580731409513, 13.633758532068425 ], [ 77.362221847581139, 13.62488107640122 ], [ 77.360215299348141, 13.613100441409939 ], [ 77.362777266396449, 13.602202217257069 ], [ 77.364766069551806, 13.601891592525535 ], [ 77.36365602299081, 13.590149567104618 ], [ 77.369757975825706, 13.588474406655221 ], [ 77.374401955840113, 13.589851786649254 ], [ 77.37948023576466, 13.577976891129719 ], [ 77.382991721449528, 13.574967181324872 ], [ 77.384554607457886, 13.551415492434902 ], [ 77.383292276850426, 13.549067129289854 ], [ 77.379666948065008, 13.550087419127422 ], [ 77.379707496340572, 13.548004768486026 ], [ 77.382824439831097, 13.536784849961521 ], [ 77.390553031617742, 13.536255418936948 ], [ 77.391688202333853, 13.528764115509789 ], [ 77.390613491293223, 13.519028123480224 ], [ 77.387143264246532, 13.518643036443043 ], [ 77.381665169028679, 13.514716047646726 ], [ 77.382601275393512, 13.500947491451575 ], [ 77.384668496706539, 13.498864450054262 ], [ 77.378574796446244, 13.493225144030324 ], [ 77.376496003790052, 13.489917524624751 ], [ 77.376264419769072, 13.484341863114468 ], [ 77.37295588109501, 13.483220178739112 ], [ 77.370802801097568, 13.477921377730265 ], [ 77.373601573436943, 13.470846581290484 ], [ 77.367043215955633, 13.469658056832003 ], [ 77.365555941955677, 13.462084541174253 ], [ 77.356146496669808, 13.461972564801449 ], [ 77.348909639881668, 13.457198348206289 ], [ 77.34886539667248, 13.445585319403838 ], [ 77.35423555550345, 13.439152943049304 ], [ 77.359641246286643, 13.43839514208811 ], [ 77.362673584725343, 13.436039402675101 ], [ 77.365094787347189, 13.426556306134394 ], [ 77.361797553768653, 13.415125387058545 ], [ 77.356323091618549, 13.414234755664728 ], [ 77.347293113331574, 13.41801508541174 ], [ 77.34547510600153, 13.408723970827735 ], [ 77.341897462217034, 13.401617567273592 ], [ 77.343578042527525, 13.385231539797172 ], [ 77.34047217690474, 13.374471889766902 ], [ 77.33916424401103, 13.374339749575999 ], [ 77.345367415009832, 13.373258740082539 ], [ 77.34255389723792, 13.365896231485102 ], [ 77.341590208048714, 13.357366585400507 ], [ 77.34245689043675, 13.350268841290207 ], [ 77.345943778833231, 13.349284318705028 ], [ 77.343786362942836, 13.337591887941548 ], [ 77.339265374631537, 13.334247028949333 ], [ 77.338506984737677, 13.328828550598923 ], [ 77.333358073573578, 13.328466225351669 ], [ 77.329829580012557, 13.330208406909817 ], [ 77.320332712121683, 13.323728412338365 ], [ 77.311991986934657, 13.320629227567103 ], [ 77.309077606270307, 13.310067920571768 ], [ 77.281575473367994, 13.310828883163222 ], [ 77.280697103841717, 13.30080228605534 ], [ 77.282167612289953, 13.297043940814433 ], [ 77.275410059954822, 13.297547707077072 ], [ 77.269480581592219, 13.306139678668298 ], [ 77.270249188684204, 13.310910638664819 ], [ 77.254738577372052, 13.3087533521146 ], [ 77.252993812470038, 13.302732308820104 ], [ 77.24740847736382, 13.30182929520285 ], [ 77.242275372636144, 13.302567984327613 ], [ 77.241863159087416, 13.305880824742518 ], [ 77.237233017254113, 13.310893693306566 ], [ 77.23403712008043, 13.310246924927391 ], [ 77.232011243359153, 13.313458079874234 ], [ 77.228955247517746, 13.314141367229647 ], [ 77.227143000633248, 13.305953853238211 ], [ 77.222720194857871, 13.29651953472761 ], [ 77.222989151432742, 13.290701265880644 ], [ 77.219516574879165, 13.273549183267512 ], [ 77.22215037081078, 13.267505955938979 ], [ 77.219641945716972, 13.262842224930086 ], [ 77.215280186100969, 13.261576562346169 ], [ 77.204976392421059, 13.263003030163581 ], [ 77.199888510752899, 13.268392809385999 ], [ 77.193191549857062, 13.26943705293646 ], [ 77.193463362870403, 13.273566914069194 ], [ 77.189987800935569, 13.276062496341799 ], [ 77.188369629345573, 13.275541598149358 ], [ 77.184740827385426, 13.256579217792698 ], [ 77.186404438580624, 13.255803630124126 ], [ 77.187580676969105, 13.250439827171224 ], [ 77.190630219365559, 13.24592465729013 ], [ 77.191009423397929, 13.241455627040512 ], [ 77.189657311616031, 13.237910098749941 ], [ 77.185152463727107, 13.23823752544739 ], [ 77.183605162518077, 13.230044722814737 ], [ 77.188467467787618, 13.225165276125249 ], [ 77.193384922947516, 13.225327365485176 ], [ 77.194088639032202, 13.20937421072613 ], [ 77.19929855273368, 13.20271874796912 ], [ 77.198622029947359, 13.195237302578585 ], [ 77.202463060240532, 13.194474582785983 ], [ 77.203595873851569, 13.197030993261574 ], [ 77.20697494801361, 13.197280656281622 ], [ 77.206522321952392, 13.188329523975279 ], [ 77.202694812879415, 13.181943138973143 ], [ 77.19807690817106, 13.182066605472748 ], [ 77.197379305203413, 13.180145629338297 ], [ 77.190958861179894, 13.184604100607922 ], [ 77.182131647562713, 13.186590199331182 ], [ 77.16831360983123, 13.183963396098676 ], [ 77.16450600036589, 13.189814752391966 ], [ 77.164892058832876, 13.19655886515088 ], [ 77.156512441991381, 13.194118335617155 ], [ 77.148369638303222, 13.17359623529965 ], [ 77.142618723542839, 13.173531583582403 ], [ 77.138404741619937, 13.177630591742229 ], [ 77.135436226152279, 13.170406594419545 ], [ 77.128846181579121, 13.164265703501041 ], [ 77.118796503322244, 13.163482262420949 ], [ 77.120050378629159, 13.152576323963993 ], [ 77.118961306337013, 13.146829636291908 ], [ 77.117087568142651, 13.146258043737021 ], [ 77.11579229509509, 13.142659721415278 ], [ 77.118072650953664, 13.141018145725626 ], [ 77.115933186771159, 13.131223230556005 ], [ 77.106953773073485, 13.135256171731911 ], [ 77.108409097375429, 13.139484407930535 ], [ 77.107817609041135, 13.144323191739803 ], [ 77.095762852966104, 13.146226012975362 ], [ 77.091397258186788, 13.135862082485449 ], [ 77.083251190989785, 13.136602170255019 ], [ 77.079282772012888, 13.133470387235876 ], [ 77.079273329746385, 13.131570802143733 ], [ 77.072000922976443, 13.132085620584792 ], [ 77.070236162913346, 13.128866103100361 ], [ 77.070753360842929, 13.114754226644905 ], [ 77.072793015374032, 13.114799052884972 ], [ 77.074550980720801, 13.103012716381867 ], [ 77.0771981037351, 13.095948282140236 ], [ 77.079600545927875, 13.09469705563917 ], [ 77.081729147593421, 13.087711574182602 ], [ 77.079750265126606, 13.078293275801027 ], [ 77.074991694174855, 13.069543268476048 ], [ 77.070156093190221, 13.066530702122032 ], [ 77.074322763251374, 13.066242834317602 ], [ 77.073822969369417, 13.060528432347175 ], [ 77.080698943632427, 13.062548650115632 ], [ 77.077348070430844, 13.061014840335099 ], [ 77.077524658525007, 13.057711390469301 ], [ 77.074712560798488, 13.056956451087835 ], [ 77.069671981521211, 13.039709305699942 ], [ 77.082090240429551, 13.03986019756508 ], [ 77.085707883401483, 13.033086989051162 ], [ 77.08961482666497, 13.029559169204386 ], [ 77.093824883506386, 13.030287211512059 ], [ 77.092900776070806, 13.026989880684257 ], [ 77.108907619337074, 13.022959963362689 ], [ 77.112764117739189, 13.017853691742689 ], [ 77.118131391320972, 13.014484430395093 ], [ 77.116523932854363, 13.009850465560053 ], [ 77.102894416527448, 13.00721599398916 ], [ 77.101069989855475, 13.000804495970648 ], [ 77.098580006441338, 13.00039022826226 ], [ 77.09756965771993, 12.998180657753933 ], [ 77.103216827270813, 12.992831688946636 ], [ 77.105516612376974, 12.993421613415631 ], [ 77.106567056281648, 12.99658733071959 ], [ 77.128881526341701, 12.995371012923743 ], [ 77.129739925006888, 12.998844776501086 ], [ 77.123342694007448, 13.003613139063024 ], [ 77.123694218354572, 13.006716079996016 ], [ 77.131730842730505, 13.005821141581272 ], [ 77.136696974892772, 13.001588750551097 ], [ 77.135637320620575, 12.996295634095061 ], [ 77.14224761693518, 12.991984188706837 ], [ 77.144694934214527, 12.986161793122525 ], [ 77.142374499704928, 12.986599873979861 ], [ 77.141752900988976, 12.984365256261077 ], [ 77.132791665854683, 12.986152845712496 ], [ 77.132771523540399, 12.981886866084933 ], [ 77.130403873637846, 12.978270878147836 ], [ 77.131102910403399, 12.975748556867869 ], [ 77.143233006298871, 12.963482326083803 ], [ 77.150871524853443, 12.961652902553961 ], [ 77.156902097306286, 12.958165326348212 ], [ 77.155895707575795, 12.952847867650002 ], [ 77.157018766374151, 12.942075754187284 ], [ 77.160674874366151, 12.937412288840065 ], [ 77.160888188822696, 12.934484440870008 ], [ 77.163595121510582, 12.933535223517056 ], [ 77.165192484042933, 12.92887135135525 ], [ 77.15769372621898, 12.913583402692476 ], [ 77.152815668132845, 12.91479166166161 ], [ 77.151995382948442, 12.916572212512859 ], [ 77.140982651020394, 12.916084032543468 ], [ 77.136316258092108, 12.905302247083968 ], [ 77.136366118378447, 12.901443208456765 ], [ 77.132353732938995, 12.897934432279689 ], [ 77.124434091375448, 12.901628414571885 ], [ 77.123040239339019, 12.901166222539775 ], [ 77.123424609322043, 12.897156620753357 ], [ 77.120564221671586, 12.897047100739435 ], [ 77.120316232487042, 12.899830309232344 ], [ 77.110044868212213, 12.89299128274301 ], [ 77.105662419060153, 12.89259136676602 ], [ 77.107246282691804, 12.889084727627441 ], [ 77.118975093379433, 12.884211205645602 ], [ 77.123418826883579, 12.888010081424778 ], [ 77.133190768154392, 12.888254771420929 ], [ 77.132263826848046, 12.879291169091179 ], [ 77.134522241174224, 12.878234379029008 ], [ 77.132972129630431, 12.858791294775497 ], [ 77.135760184090046, 12.860750340306362 ], [ 77.135593639835562, 12.856695009482136 ], [ 77.13841254202994, 12.852878561280219 ], [ 77.149228999088919, 12.848252651992516 ], [ 77.149817084569833, 12.845145648285566 ], [ 77.148039051469553, 12.841000800412559 ], [ 77.148337476046322, 12.836896469625898 ], [ 77.150888031666511, 12.834073187993472 ], [ 77.150052968089739, 12.830354812756859 ], [ 77.153564272586777, 12.830817521821691 ], [ 77.157209856603941, 12.827317591113736 ], [ 77.151987915072354, 12.823480219955588 ], [ 77.152241302314309, 12.822289655601013 ], [ 77.146526337017633, 12.819476127067206 ], [ 77.142445150393172, 12.820442412105605 ], [ 77.138040287965211, 12.81273933639801 ], [ 77.151217676613641, 12.79350754382858 ], [ 77.149890259463831, 12.786780494162697 ], [ 77.147376250992465, 12.786686654347784 ], [ 77.141151151788932, 12.781780955367749 ], [ 77.136477939616256, 12.783284759374581 ], [ 77.126922410701937, 12.777134749000863 ], [ 77.126238541553391, 12.774815895451493 ], [ 77.122842085526983, 12.773932188379453 ], [ 77.1107565792, 12.777148849721765 ], [ 77.107916474747896, 12.780147722821585 ], [ 77.10027319546883, 12.777228818244176 ], [ 77.094373166872103, 12.771250681066496 ], [ 77.091772138079378, 12.764676942361142 ], [ 77.092018950324189, 12.751104554931876 ], [ 77.085996857337719, 12.751147503592785 ], [ 77.087607810464675, 12.753577945192161 ], [ 77.083626284663296, 12.758566676901966 ], [ 77.07986270669079, 12.759692967810008 ], [ 77.078573856128429, 12.754648227927177 ], [ 77.080032130688721, 12.747328110658595 ], [ 77.076703158810261, 12.746045140304185 ], [ 77.072001445212194, 12.756664402090795 ], [ 77.067825055013941, 12.75952948236182 ], [ 77.066152174826755, 12.757508712265937 ], [ 77.060735144057503, 12.755998734904363 ], [ 77.060555121632532, 12.752718803746841 ], [ 77.056494847206935, 12.752701908801175 ], [ 77.049114722297546, 12.747746666842225 ], [ 77.04932645780967, 12.754122633164252 ], [ 77.046802889251552, 12.759831028321068 ], [ 77.043938173673368, 12.777621384672177 ], [ 77.035742862092121, 12.769509651478804 ], [ 77.029726488612212, 12.765635445160852 ], [ 77.027088810299503, 12.765551889890943 ], [ 77.025299296351747, 12.762238026962518 ], [ 77.008538408778648, 12.763950407525323 ], [ 77.006857328650128, 12.773785328578267 ], [ 77.009784590887833, 12.781163950016161 ], [ 76.998720930433834, 12.777075686524697 ], [ 76.990656822595696, 12.787774410245985 ], [ 76.976484302575074, 12.792452339915506 ], [ 76.973593655889744, 12.801313700539104 ], [ 76.960934616595054, 12.802789821139148 ], [ 76.950489998898092, 12.800098883184637 ], [ 76.941870569951703, 12.804632483037206 ], [ 76.935257844028683, 12.799109915380386 ], [ 76.923131223792737, 12.80459103955496 ], [ 76.919881880744583, 12.811829651685361 ], [ 76.91685344598956, 12.814628877951009 ], [ 76.916849813795181, 12.818962167073144 ], [ 76.907546017512104, 12.826517667738567 ], [ 76.906607098393948, 12.834231311766882 ], [ 76.900304158115347, 12.845070060233859 ], [ 76.891300978963429, 12.850017933529235 ], [ 76.893556687077819, 12.87434605412623 ], [ 76.891003329880277, 12.879476828175589 ], [ 76.892180253761339, 12.881999388074576 ], [ 76.888671984257883, 12.891822346303263 ], [ 76.888568330718797, 12.897402249468296 ], [ 76.872851591729756, 12.897501687390864 ], [ 76.872799684893565, 12.899730377531336 ], [ 76.870708115175802, 12.899365116230783 ], [ 76.865551850599985, 12.905069765744626 ], [ 76.864608081429068, 12.913452860109581 ], [ 76.867910521806067, 12.918578290667291 ], [ 76.873656791543866, 12.918153055688578 ], [ 76.883333907501139, 12.920699467632248 ], [ 76.885818300136393, 12.920405495134553 ], [ 76.886223290120128, 12.918838106074519 ], [ 76.890300091171625, 12.918829254457291 ], [ 76.89711030842706, 12.921020567048107 ], [ 76.893731529600458, 12.924996118741033 ], [ 76.89254387344981, 12.931738879154583 ], [ 76.887969152557773, 12.934250059135667 ], [ 76.880755172880427, 12.933570868680089 ], [ 76.862047547658918, 12.928269283640814 ], [ 76.862622772740721, 12.934371203008137 ], [ 76.85705894290561, 12.93794195470179 ], [ 76.849277087370538, 12.938406474834022 ], [ 76.848685845857005, 12.943988303473072 ], [ 76.842341823202602, 12.941457799292738 ], [ 76.835619507489582, 12.943427105746272 ], [ 76.841814561519612, 12.965738489650493 ], [ 76.839383652369904, 12.973105463144266 ], [ 76.850581113081603, 12.974669329101324 ], [ 76.851351978714376, 12.979112511484399 ], [ 76.845187502520631, 12.983079880169681 ], [ 76.843948063053787, 12.98685915807561 ], [ 76.826876581575405, 12.998370382773469 ], [ 76.829097414529087, 13.002210133951698 ], [ 76.819938401033198, 13.004918642903879 ], [ 76.815492935927281, 13.013420884390451 ], [ 76.806183298519258, 13.012140100217454 ], [ 76.794788490127161, 13.015095316781878 ], [ 76.785814070396825, 13.014489322736619 ], [ 76.78242302892636, 13.030465106003717 ], [ 76.771470644167636, 13.034460584431647 ], [ 76.758811392593643, 13.036736723315711 ], [ 76.757425652510591, 13.035378339138939 ], [ 76.758088987760772, 13.037379391926658 ], [ 76.749638049054326, 13.036142934202063 ], [ 76.718014413751504, 13.040598944134626 ], [ 76.709513474868004, 13.039328808448898 ], [ 76.701772460416606, 13.042033452827489 ], [ 76.693639861915116, 13.037092174076282 ], [ 76.680787672974176, 13.048073562793951 ], [ 76.675526799524519, 13.054948940127748 ], [ 76.67071576382402, 13.055290754855916 ], [ 76.667377388866299, 13.039158958795699 ], [ 76.659718701378679, 13.026268781451549 ], [ 76.658374822723815, 13.014140218456289 ], [ 76.653149219968043, 13.007701677094683 ], [ 76.648049029340712, 13.007021545454913 ], [ 76.645581605651429, 13.009559210199718 ], [ 76.639281623115224, 13.00931880024004 ], [ 76.631992330505568, 13.003956277557576 ], [ 76.618542126485124, 13.008552333199233 ], [ 76.611589128050099, 13.007993413253304 ], [ 76.605679053520689, 13.011618963850845 ], [ 76.604507686717426, 13.014647628076856 ], [ 76.6089910445383, 13.030911163264763 ], [ 76.607546574155919, 13.032365534347139 ], [ 76.607700565194534, 13.037046810105357 ], [ 76.602936824416247, 13.041290061922581 ], [ 76.606950597355393, 13.05676398073123 ], [ 76.619033095649257, 13.053696341618584 ], [ 76.61956473673041, 13.055966951177513 ], [ 76.61835448718432, 13.063855994356414 ], [ 76.607849178928078, 13.07383431116398 ], [ 76.600529955196677, 13.073256172440049 ], [ 76.592520500715949, 13.075247678023592 ], [ 76.585409003639171, 13.070953525691804 ], [ 76.568398645799107, 13.074696917248771 ], [ 76.562296847202091, 13.073700821965602 ], [ 76.551297997029764, 13.077221986750965 ], [ 76.534659027664318, 13.076710740808771 ], [ 76.528306633082906, 13.078947058764038 ], [ 76.522595382427667, 13.078242507825587 ], [ 76.521422445235956, 13.072705960916968 ], [ 76.515598896227331, 13.068968292088705 ], [ 76.511803505134239, 13.070796695196288 ], [ 76.50572939518166, 13.078712300126575 ], [ 76.49615768357809, 13.086087886602019 ], [ 76.495122402284537, 13.094430874128879 ], [ 76.490665441700884, 13.094676069736243 ], [ 76.481955717865489, 13.091235739786473 ], [ 76.472416320628028, 13.093016700044043 ], [ 76.47303388665145, 13.096111888907433 ], [ 76.468766080534223, 13.120016172086778 ], [ 76.470143751942373, 13.120877686421842 ], [ 76.469812110111263, 13.136674543160092 ], [ 76.473373468487182, 13.149780447439456 ], [ 76.464291506091783, 13.150924824600798 ], [ 76.458410084505573, 13.149245906195997 ], [ 76.457436469245209, 13.150950023172969 ], [ 76.455196896126836, 13.150794993119844 ], [ 76.454278635201746, 13.155062522083185 ], [ 76.446707857832919, 13.163768112366032 ], [ 76.445139892802331, 13.169310261640101 ], [ 76.428773452754385, 13.172129575542122 ], [ 76.426715095533922, 13.18194722471522 ], [ 76.420823926597208, 13.185967786098072 ], [ 76.416164822467266, 13.185870885926516 ], [ 76.413342426531159, 13.191248816121075 ], [ 76.40785836185961, 13.19251159979275 ], [ 76.393748182127524, 13.188896135769504 ], [ 76.393921749522065, 13.197412721644328 ], [ 76.37000395687204, 13.200088136956225 ], [ 76.369523387398985, 13.212633837691769 ], [ 76.376561291439288, 13.216118423114084 ], [ 76.378999837065663, 13.220319173157446 ], [ 76.379951474752929, 13.232312930488163 ], [ 76.364278586016994, 13.234755455706699 ], [ 76.364128731007114, 13.244651960773657 ], [ 76.361980626218056, 13.249591921906553 ], [ 76.356644926855168, 13.250465751571795 ], [ 76.358417423022644, 13.261770405569045 ], [ 76.355097514213668, 13.263925579292943 ], [ 76.35761058782947, 13.276042478146207 ], [ 76.357228911690271, 13.286821299644698 ], [ 76.347074329193717, 13.29749240949851 ], [ 76.349634993425994, 13.296528954932754 ], [ 76.347671415386557, 13.30191793556761 ], [ 76.348976125572619, 13.318270814097225 ], [ 76.352441362281283, 13.330867645399858 ], [ 76.348871263245385, 13.336629836007175 ], [ 76.346593156955464, 13.344976047183993 ], [ 76.345945866607352, 13.359929609237234 ], [ 76.349200805809858, 13.361507153753905 ], [ 76.382868676647348, 13.363972852984123 ], [ 76.383583027687195, 13.366784908130416 ], [ 76.382089327464229, 13.370200242764074 ], [ 76.383620216955094, 13.371119303392172 ], [ 76.385999015735734, 13.36989951284143 ], [ 76.393514421711814, 13.378837351810491 ], [ 76.392462713664571, 13.390482217946033 ], [ 76.389673426798154, 13.394539095764101 ], [ 76.397422739534989, 13.404231237025224 ], [ 76.400662170724118, 13.423005562894474 ], [ 76.405465261381707, 13.427406367837758 ], [ 76.404273475035794, 13.431011959330842 ], [ 76.406502621753361, 13.431752921256718 ], [ 76.419462520481574, 13.449578359528257 ], [ 76.407677638920632, 13.459484401785108 ], [ 76.410949546286119, 13.469282115076481 ], [ 76.411872447050825, 13.479191273523302 ], [ 76.415306699067102, 13.481194295901275 ], [ 76.407823844159751, 13.484349310442688 ], [ 76.405249569542363, 13.491198887455322 ], [ 76.401152942760362, 13.491577670263794 ], [ 76.396845521794575, 13.495024547236897 ], [ 76.397478328133261, 13.505475892568462 ], [ 76.409055077032477, 13.505505075914746 ], [ 76.410445228281901, 13.507976530085843 ], [ 76.41540813793128, 13.509120006680956 ], [ 76.419693431481306, 13.519960743345294 ], [ 76.424693474648734, 13.523936727650218 ], [ 76.400421915418605, 13.52636090844066 ], [ 76.397749208671655, 13.528161122587241 ], [ 76.395343381380812, 13.53598897980754 ], [ 76.387863153967729, 13.534389971218019 ], [ 76.375481650232771, 13.542401478822038 ], [ 76.370452436521305, 13.547858574773628 ], [ 76.364016316342756, 13.547217553511317 ], [ 76.359290537470599, 13.556425516687076 ], [ 76.352848249788238, 13.579695319844012 ], [ 76.373112353804757, 13.592180020044758 ], [ 76.378777968195422, 13.589061058302859 ], [ 76.381504971563672, 13.577478644658257 ], [ 76.386222798028683, 13.581583354114564 ], [ 76.392317349281555, 13.590656054945667 ], [ 76.397937476446032, 13.590955461101757 ], [ 76.39810687929797, 13.594624087763236 ], [ 76.404801305966586, 13.59091953995086 ], [ 76.409402488172589, 13.580088843713098 ], [ 76.412795247670886, 13.57836029035745 ], [ 76.418934438341537, 13.57854179180921 ], [ 76.424123519575701, 13.580920313536295 ], [ 76.427820809773081, 13.590820387574604 ], [ 76.43166213919406, 13.593148124477107 ], [ 76.439528840352381, 13.594115876973824 ], [ 76.448109870685855, 13.591133674316966 ], [ 76.454477113188844, 13.590877126793956 ], [ 76.4553794468072, 13.595449643174817 ], [ 76.460282309961556, 13.600497414455932 ], [ 76.458754886653665, 13.600414989320509 ], [ 76.458368553118248, 13.602893892930492 ], [ 76.455989345112982, 13.604559727121652 ], [ 76.455618669892189, 13.612838569655592 ], [ 76.461069130000638, 13.620156102907918 ], [ 76.499818496395235, 13.622756037835554 ], [ 76.497041994527535, 13.628498973813606 ], [ 76.516473796992642, 13.63403405895791 ], [ 76.518282909301874, 13.637190306109371 ], [ 76.518085037998247, 13.641099387986834 ], [ 76.527322306693918, 13.648088727224224 ], [ 76.5343264015834, 13.650200575592219 ], [ 76.534320836687385, 13.653496136676063 ], [ 76.52940386921432, 13.660486668109698 ], [ 76.529071468817449, 13.667137463258811 ], [ 76.532421789575992, 13.668423586783252 ], [ 76.539911702072359, 13.663162586982603 ], [ 76.554135697291301, 13.681962127819425 ], [ 76.564769991456501, 13.684471583883813 ], [ 76.569010901149198, 13.689370709881532 ], [ 76.573864400417122, 13.686914198127589 ], [ 76.577285654785385, 13.690317789072582 ], [ 76.571160429601349, 13.708253773324062 ], [ 76.577082759976847, 13.714717373233817 ], [ 76.585926479142785, 13.718770295886458 ], [ 76.596496259423773, 13.7204822858148 ], [ 76.599978151401245, 13.724990145451697 ], [ 76.608744672089074, 13.723378434882768 ], [ 76.614810660104737, 13.727185510049448 ], [ 76.613386854177051, 13.729118234543067 ], [ 76.620771915877015, 13.734366540891223 ], [ 76.624466780195945, 13.733900651795516 ], [ 76.625956616723627, 13.728769052233334 ], [ 76.624904659121668, 13.72519204063118 ], [ 76.627278506264688, 13.7232302570361 ], [ 76.631465355643385, 13.713535270251212 ], [ 76.642048947881193, 13.715033421118223 ], [ 76.663362773416466, 13.721331229911165 ], [ 76.673329765010493, 13.718104959454667 ], [ 76.672332397890031, 13.705373075826138 ], [ 76.677671588977844, 13.69993853690822 ], [ 76.684094342474253, 13.702846789360191 ], [ 76.692018139584334, 13.69683780613977 ], [ 76.691478032736981, 13.730590587276614 ], [ 76.689246196133681, 13.728813820687222 ], [ 76.684249484249591, 13.730602625825194 ], [ 76.687360063889827, 13.745634746986578 ], [ 76.69084629350904, 13.751840113622338 ], [ 76.695835665591943, 13.754852074566907 ], [ 76.697814660572234, 13.760360681453944 ], [ 76.69445228309651, 13.763277661966356 ], [ 76.697106011347984, 13.765384498344728 ], [ 76.697575864808456, 13.770079348982932 ], [ 76.700562472834733, 13.773935260304185 ], [ 76.705615668986283, 13.775281668003583 ], [ 76.707403027712587, 13.780577766173169 ], [ 76.714892549540181, 13.785739459779329 ], [ 76.717681260763854, 13.796027389254307 ], [ 76.724118537317167, 13.799761243073966 ], [ 76.727953738112049, 13.79691068291319 ], [ 76.727171063783672, 13.792189253181697 ], [ 76.730543980909218, 13.784087874751229 ], [ 76.756078587576511, 13.782901434528743 ], [ 76.759625838326286, 13.781476598842222 ], [ 76.764626287258451, 13.782267758000325 ], [ 76.76739478759788, 13.793258233462007 ], [ 76.769513906125383, 13.796294621903305 ], [ 76.76893205088119, 13.805358761082854 ], [ 76.763751009359765, 13.821636196921359 ], [ 76.767480763600631, 13.835291507163548 ], [ 76.763172250237304, 13.834572723386128 ], [ 76.749757105420883, 13.853638897533605 ], [ 76.736543385697175, 13.868586291518437 ], [ 76.731145791784684, 13.88131389118057 ], [ 76.728822332914788, 13.881417184980879 ], [ 76.722847946824828, 13.890411476723493 ], [ 76.721098634020322, 13.895091148815338 ], [ 76.722647950010952, 13.89862079587316 ], [ 76.752737295043715, 13.906950433240548 ], [ 76.749664916946116, 13.915978210121658 ], [ 76.752019014338472, 13.919481630878304 ], [ 76.762677332279765, 13.921459157623866 ], [ 76.764184743952327, 13.923809967402411 ], [ 76.779339321775836, 13.924361018884195 ], [ 76.79141557694733, 13.921186297947061 ], [ 76.801575309668038, 13.916096723948765 ], [ 76.814815504582697, 13.915545728420218 ], [ 76.814129824200847, 13.936366112722878 ], [ 76.819533833855559, 13.936928273510784 ], [ 76.822340095763849, 13.95048441904723 ], [ 76.82890435552504, 13.952874548170836 ], [ 76.841861623606931, 13.962547519730263 ], [ 76.849340917585593, 13.964843036883527 ], [ 76.849041058580042, 13.980742774366044 ], [ 76.839307899420874, 13.987012389101668 ], [ 76.829068922389609, 13.990168361591376 ], [ 76.823266328726689, 13.993773991341202 ], [ 76.822001403016358, 14.000706032283279 ] ] ], [ [ [ 77.165150225680435, 14.338870755930913 ], [ 77.166506859881963, 14.337453056293963 ], [ 77.168806984647517, 14.337934985725122 ], [ 77.169864614032235, 14.335023864529319 ], [ 77.170583781456202, 14.336025120996476 ], [ 77.178316419732127, 14.334930940218632 ], [ 77.181626015451783, 14.331617002751781 ], [ 77.181222449294793, 14.33028822940083 ], [ 77.184377007638318, 14.332418898110564 ], [ 77.197361070606249, 14.321042501657965 ], [ 77.214578976762056, 14.318557812797266 ], [ 77.228791057576316, 14.321613226056593 ], [ 77.233590213245691, 14.318120202798147 ], [ 77.239752084962689, 14.317293049035223 ], [ 77.245214131089526, 14.317508119714788 ], [ 77.253893780666573, 14.322327213641769 ], [ 77.25388328600431, 14.325563436500211 ], [ 77.258721050297822, 14.32771465693437 ], [ 77.258237229857784, 14.330793030079061 ], [ 77.262461520727399, 14.332594719308695 ], [ 77.269249410270589, 14.332054434283236 ], [ 77.275262320751381, 14.334747869603925 ], [ 77.276759714361788, 14.337308933296537 ], [ 77.284819764749798, 14.337679500051099 ], [ 77.285293418458195, 14.340181538426464 ], [ 77.286843591712127, 14.340351548865124 ], [ 77.2894327278199, 14.310323624492984 ], [ 77.288519195226499, 14.300292809579199 ], [ 77.282902538163071, 14.287191475089564 ], [ 77.283420149909148, 14.282223153904871 ], [ 77.30489805304282, 14.283385922895469 ], [ 77.313462719229918, 14.281129373355213 ], [ 77.33048419758795, 14.280072342294313 ], [ 77.338507821927735, 14.277280684450616 ], [ 77.363312007308423, 14.276047403037206 ], [ 77.361437159487281, 14.271534930309107 ], [ 77.362488979055229, 14.260484310148886 ], [ 77.364853314074779, 14.257575874701065 ], [ 77.364970836303712, 14.254660846150154 ], [ 77.360705310859558, 14.241070739645622 ], [ 77.360406171573302, 14.234402259570212 ], [ 77.363637180519561, 14.234356760051618 ], [ 77.377431820765281, 14.227926010655315 ], [ 77.384058029865159, 14.220641517876665 ], [ 77.382963464277594, 14.207537008166145 ], [ 77.387660553568452, 14.202171460343267 ], [ 77.387240567746318, 14.199721345080189 ], [ 77.390496896030385, 14.199082049477131 ], [ 77.409812713067225, 14.205911363487877 ], [ 77.414089197329773, 14.205266831553363 ], [ 77.418861558981334, 14.211412928358067 ], [ 77.416897002992584, 14.221256469115021 ], [ 77.417523777712901, 14.225636396162958 ], [ 77.411815095583222, 14.227575994624715 ], [ 77.411223397572826, 14.232205868036994 ], [ 77.409104997252427, 14.231664144020691 ], [ 77.408595931961429, 14.259970760071834 ], [ 77.40700084892957, 14.2597634995482 ], [ 77.40509671505427, 14.266863378330525 ], [ 77.395336492797639, 14.266362002398983 ], [ 77.388148438752495, 14.26969593316643 ], [ 77.386863264248007, 14.272499406964844 ], [ 77.389178363293951, 14.274624448245822 ], [ 77.389930551720269, 14.278978306710581 ], [ 77.388464749358647, 14.282238444605017 ], [ 77.386773655762752, 14.281890022503159 ], [ 77.384096661844609, 14.295764886175732 ], [ 77.382239670956039, 14.298884047301293 ], [ 77.377605060061057, 14.301330997373368 ], [ 77.376906919578843, 14.304097447906978 ], [ 77.379240736792553, 14.321630805556568 ], [ 77.389976419508756, 14.333211717160781 ], [ 77.400609821508752, 14.337343406056043 ], [ 77.407068137180516, 14.33817298030435 ], [ 77.411287391807292, 14.336303672258833 ], [ 77.412591251930124, 14.337415654628042 ], [ 77.420402037859589, 14.332522513177237 ], [ 77.423313967746893, 14.328138389844511 ], [ 77.428224090369795, 14.329162480238001 ], [ 77.430960297824015, 14.313271331813102 ], [ 77.443008059921311, 14.318015155106066 ], [ 77.446576056460628, 14.317463548253944 ], [ 77.446628639569212, 14.30344179785958 ], [ 77.444935795818495, 14.295397254413412 ], [ 77.446681682695541, 14.293267423571271 ], [ 77.448340794199794, 14.2826289536297 ], [ 77.450547190767011, 14.282745757704564 ], [ 77.449902051532561, 14.280808152764742 ], [ 77.457257810978263, 14.280128435518716 ], [ 77.463754211530798, 14.282125863452015 ], [ 77.479435551918598, 14.292949672287293 ], [ 77.483493378002876, 14.290574854237866 ], [ 77.4873354569133, 14.281952966010737 ], [ 77.490534607703538, 14.282142119464508 ], [ 77.491581405681387, 14.278143187019881 ], [ 77.49823171862775, 14.279550740448043 ], [ 77.503949513613037, 14.264155621387644 ], [ 77.501418137370308, 14.262178775617031 ], [ 77.503011122242128, 14.258776812253334 ], [ 77.500424087623728, 14.247457963051684 ], [ 77.496286985674743, 14.236366024961631 ], [ 77.492143019495018, 14.234303578353668 ], [ 77.493570727954506, 14.233222159340976 ], [ 77.492358411200215, 14.230855084723409 ], [ 77.495003153274041, 14.231165169306326 ], [ 77.493928506663394, 14.224713616762108 ], [ 77.502910770524892, 14.208344056577932 ], [ 77.501211404647535, 14.203162996918948 ], [ 77.504000161140056, 14.192373198344102 ], [ 77.515575436675206, 14.186700790576698 ], [ 77.516740084900306, 14.183421159926592 ], [ 77.51666700118011, 14.182128086149925 ], [ 77.514581805277118, 14.182023381767999 ], [ 77.513522851757628, 14.176112169264442 ], [ 77.511885336417436, 14.175335511423899 ], [ 77.503777427105419, 14.1577207154312 ], [ 77.490074446181097, 14.162959278671309 ], [ 77.48677111646866, 14.162055883519757 ], [ 77.481073610082021, 14.164739058704367 ], [ 77.467609831403493, 14.16529709835952 ], [ 77.466953156153025, 14.172123323754095 ], [ 77.457490447219413, 14.169998645728519 ], [ 77.445605332754255, 14.172134912046509 ], [ 77.429692273599102, 14.170923899013893 ], [ 77.42302043365568, 14.173606520172539 ], [ 77.422675914007058, 14.176753867296938 ], [ 77.420347687848277, 14.176883811200709 ], [ 77.405840435424608, 14.171962040216354 ], [ 77.399151368744612, 14.174342330111527 ], [ 77.39398113703848, 14.174285024521438 ], [ 77.397179522873344, 14.169745939802617 ], [ 77.397628895813426, 14.160083665525027 ], [ 77.389044066318419, 14.159611385250951 ], [ 77.387628107200683, 14.153829435403408 ], [ 77.384903850096478, 14.153280960862318 ], [ 77.380203436401629, 14.136829547891892 ], [ 77.36337848935014, 14.131130787213712 ], [ 77.355346716682831, 14.129924300001642 ], [ 77.351971261584694, 14.131195121762257 ], [ 77.351068247580983, 14.128094604454594 ], [ 77.3509248178013, 14.118619466693893 ], [ 77.348841084167077, 14.1139448395397 ], [ 77.349850048078565, 14.109318156462482 ], [ 77.34694021673306, 14.10568645461287 ], [ 77.346936480877233, 14.103777756456648 ], [ 77.349824749589729, 14.103089832603347 ], [ 77.353074531226198, 14.108778575388529 ], [ 77.362840131785617, 14.115476391994029 ], [ 77.376568348455422, 14.118996546001913 ], [ 77.380198163079001, 14.122739679862221 ], [ 77.388416141725074, 14.126084872281968 ], [ 77.396650738935278, 14.125346714998509 ], [ 77.39649450700567, 14.123332082119585 ], [ 77.400561589973776, 14.120157848325244 ], [ 77.397505135473565, 14.10977396508529 ], [ 77.384972982411441, 14.096380048035664 ], [ 77.381179899182243, 14.097941610230354 ], [ 77.375150839358781, 14.078873728387324 ], [ 77.363360250570707, 14.073086118805927 ], [ 77.359641650802487, 14.062111266356833 ], [ 77.353827713881898, 14.062515089930562 ], [ 77.344439939764484, 14.059360250813072 ], [ 77.340490228437815, 14.060196680348856 ], [ 77.335052209706348, 14.04568356325689 ], [ 77.332193087012229, 14.030941696941575 ], [ 77.374167755566162, 14.018339226452481 ], [ 77.386668794829575, 14.015458519059964 ], [ 77.38969742753963, 14.016414765442926 ], [ 77.388167650215607, 14.006462522142444 ], [ 77.379488687285715, 13.99012682443878 ], [ 77.38135252378693, 13.975928744271837 ], [ 77.395872421730047, 13.983692291054714 ], [ 77.409743877287198, 13.983664583201447 ], [ 77.426930065989268, 13.986746997761214 ], [ 77.428641169480315, 13.983016419236348 ], [ 77.436586607731357, 13.980999842753548 ], [ 77.439970997670073, 13.975785958206554 ], [ 77.437659709692426, 13.967198769624686 ], [ 77.438314469973989, 13.963570336779934 ], [ 77.436372300056902, 13.959953357901169 ], [ 77.436111683214151, 13.956505305025944 ], [ 77.438031251923178, 13.955564160447475 ], [ 77.435669310395838, 13.948377484342831 ], [ 77.429739663393363, 13.944949502787638 ], [ 77.425171543329412, 13.946174346364883 ], [ 77.419023647228215, 13.944767070614056 ], [ 77.411626044332735, 13.945514835246096 ], [ 77.415069356075023, 13.935480039826381 ], [ 77.415841811056922, 13.923996508672063 ], [ 77.430655169794832, 13.920850067871308 ], [ 77.434031452908499, 13.917532942259278 ], [ 77.434546147918851, 13.912032732744089 ], [ 77.429174124498175, 13.908666011777722 ], [ 77.4286755867859, 13.906095882494215 ], [ 77.422458398033839, 13.9028405522611 ], [ 77.420705834098229, 13.899461361335211 ], [ 77.410892296206825, 13.896662797416571 ], [ 77.405663074810775, 13.889238290284478 ], [ 77.398887469774664, 13.888208794217935 ], [ 77.400003857945606, 13.895942128319303 ], [ 77.397906853907998, 13.906374009011667 ], [ 77.367331895222094, 13.903213112950814 ], [ 77.354329271643266, 13.904237286284472 ], [ 77.352829875356576, 13.913745744054886 ], [ 77.350248344057206, 13.913233528644534 ], [ 77.347465171867313, 13.915555755065773 ], [ 77.353567346105478, 13.92832267782685 ], [ 77.361487197029362, 13.938792060883019 ], [ 77.365469446077668, 13.947024262978969 ], [ 77.371822467290514, 13.95352660645424 ], [ 77.350705931285248, 13.958227737651629 ], [ 77.353140174395932, 13.962523497584513 ], [ 77.352117483585545, 13.967772245447307 ], [ 77.354814058747735, 13.977146257999431 ], [ 77.359322510164361, 13.983670620578257 ], [ 77.360617305282858, 13.99044276281659 ], [ 77.347475539953081, 13.994642225999971 ], [ 77.348280963944191, 13.996763626038621 ], [ 77.346860132434657, 13.994080397961239 ], [ 77.336666935022947, 13.995789139410983 ], [ 77.33739924588717, 14.005197546335751 ], [ 77.329622216658478, 14.012669242302326 ], [ 77.321719616864883, 14.024479634374668 ], [ 77.322196485498779, 14.030415997694027 ], [ 77.306562334842383, 14.031978795732309 ], [ 77.301796920152981, 14.02803871545615 ], [ 77.298238974192884, 14.021845997994312 ], [ 77.291463540971151, 14.02008633273095 ], [ 77.281910635722923, 14.013252588159455 ], [ 77.275835643935608, 14.013004846796576 ], [ 77.279319705185074, 14.027165377909864 ], [ 77.279017976674012, 14.03206423717149 ], [ 77.276998364776617, 14.032597605173338 ], [ 77.277489288554392, 14.034456037841624 ], [ 77.272512906288668, 14.034640625164762 ], [ 77.265950658209093, 14.031589330129647 ], [ 77.264907697446773, 14.029228041768318 ], [ 77.260580758215852, 14.029293685037786 ], [ 77.256187736908586, 14.022647615024342 ], [ 77.24855581134797, 14.018736143926141 ], [ 77.245327542374937, 14.011712388151185 ], [ 77.222073101827519, 14.013986374107004 ], [ 77.215671348879866, 14.009900589331261 ], [ 77.212115199186698, 14.010529676524607 ], [ 77.2025265462634, 14.007961996900356 ], [ 77.172894457285395, 14.012720659131178 ], [ 77.170910047169244, 14.0120013143052 ], [ 77.173179546958451, 14.000955523145791 ], [ 77.160197911066462, 14.001989496586223 ], [ 77.151070307022451, 14.000902116350302 ], [ 77.141476015776121, 14.003765491820895 ], [ 77.140867333756063, 14.018308509719029 ], [ 77.136638848245454, 14.02158728077994 ], [ 77.131607494071332, 14.045216929109168 ], [ 77.126885647258604, 14.047475025811048 ], [ 77.100914113958069, 14.044858556237964 ], [ 77.094130033182196, 14.042228498905436 ], [ 77.079596207999742, 14.04268069306509 ], [ 77.075685963610454, 14.043736433701271 ], [ 77.076417393115335, 14.053369679166359 ], [ 77.069172358374672, 14.052092174912982 ], [ 77.042535709953441, 14.057294068323294 ], [ 77.034537597871292, 14.056332648158277 ], [ 77.031830162722713, 14.057070382116867 ], [ 77.02676669195445, 14.063366362673827 ], [ 77.025658434379807, 14.066013938838299 ], [ 77.028842546019277, 14.077683421176367 ], [ 77.028719485591637, 14.088742747169473 ], [ 77.024434345275751, 14.089514651366397 ], [ 77.023002105332139, 14.092534332652534 ], [ 77.016927038921267, 14.094771145663039 ], [ 77.019175547475683, 14.096524578381631 ], [ 77.013835218614076, 14.099672916305028 ], [ 77.024260034941946, 14.112936746679896 ], [ 77.021850752031938, 14.122420528122673 ], [ 77.025927090945501, 14.124040824731576 ], [ 77.026196464145002, 14.130107588980108 ], [ 77.020855102193522, 14.131231871778329 ], [ 77.020449809245292, 14.151235210542797 ], [ 77.022202932619891, 14.15273433049704 ], [ 77.020710272508566, 14.156991347955898 ], [ 77.026202849110746, 14.174682735515903 ], [ 77.022442395833252, 14.177302762668253 ], [ 77.024139986923885, 14.18682297947708 ], [ 77.015561330101363, 14.193665689119742 ], [ 77.009461372521201, 14.194783363412361 ], [ 77.00243791100894, 14.198477682100966 ], [ 77.005880708554784, 14.207443818733918 ], [ 77.006769048652629, 14.218999495337776 ], [ 77.000664996286289, 14.222425689449455 ], [ 77.001344715494255, 14.22468223402003 ], [ 76.998916433261726, 14.229032288643554 ], [ 77.005005593486956, 14.230718543192129 ], [ 77.005640840717518, 14.235896607072268 ], [ 77.008522411293384, 14.237820093192111 ], [ 77.012323658367123, 14.237555688284184 ], [ 77.022068947335768, 14.241333490649437 ], [ 77.030766521900716, 14.242314397499362 ], [ 77.030576498294181, 14.24409628654068 ], [ 77.036385160297925, 14.244712003519172 ], [ 77.03596582864094, 14.246787393240233 ], [ 77.043981236907442, 14.246490358922477 ], [ 77.058223460553208, 14.243920491354162 ], [ 77.057454562427864, 14.240684150194967 ], [ 77.060412468822818, 14.235905510816552 ], [ 77.061432415658601, 14.229142883375781 ], [ 77.069805474456146, 14.231724729688693 ], [ 77.076425547520188, 14.223421006829438 ], [ 77.080727665996392, 14.215026351358393 ], [ 77.080215343797462, 14.213197528170241 ], [ 77.103696011578691, 14.220031589579834 ], [ 77.107264071929166, 14.219563771777345 ], [ 77.115320699596936, 14.223265549541052 ], [ 77.11683521478308, 14.226117352139712 ], [ 77.116387901413972, 14.237333485810273 ], [ 77.119278219249651, 14.243728306430206 ], [ 77.117480299675847, 14.250668946124911 ], [ 77.114323590763846, 14.2529798882655 ], [ 77.118077059103143, 14.256225168203922 ], [ 77.119642375915518, 14.262658378591075 ], [ 77.11117002555126, 14.261550335559118 ], [ 77.112045338310907, 14.265173097710191 ], [ 77.110062579260713, 14.268324687757884 ], [ 77.115567857543397, 14.273849986223897 ], [ 77.115518341748157, 14.292866083993621 ], [ 77.124310934503271, 14.2986140898208 ], [ 77.129570139808735, 14.304855710467436 ], [ 77.135882600176217, 14.32318370199053 ], [ 77.13659472482027, 14.331476292015605 ], [ 77.134840507300083, 14.336062757472369 ], [ 77.137142114922341, 14.3383476492432 ], [ 77.141036350459459, 14.340286277710291 ], [ 77.152934267632887, 14.339547759329999 ], [ 77.153396078343832, 14.341520301524223 ], [ 77.154945115073119, 14.340277112487701 ], [ 77.156913375334327, 14.34191099542325 ], [ 77.165523865438189, 14.341820267685009 ], [ 77.165150225680435, 14.338870755930913 ] ] ] ] } },
{ "type": "Feature", "properties": { "DISTRICT": "Udupi" }, "geometry": { "type": "MultiPolygon", "coordinates": [ [ [ [ 74.692113560260211, 13.330308117881735 ], [ 74.691466287349471, 13.331705507587714 ], [ 74.691942930173596, 13.332661186591821 ], [ 74.693076007018902, 13.331364980188759 ], [ 74.692113560260211, 13.330308117881735 ] ] ], [ [ [ 74.689301392377416, 13.340165386403267 ], [ 74.690869918998189, 13.339134212849688 ], [ 74.689931426137306, 13.335795305874592 ], [ 74.687752976234549, 13.336986225124077 ], [ 74.689301392377416, 13.340165386403267 ] ] ], [ [ [ 74.683447450245936, 13.345739537940421 ], [ 74.687377878192393, 13.344589254220651 ], [ 74.688088096691644, 13.341860469081027 ], [ 74.683542170344936, 13.343693823555798 ], [ 74.683447450245936, 13.345739537940421 ] ] ], [ [ [ 74.686235578427741, 13.378373144736782 ], [ 74.682504357224531, 13.382017170139749 ], [ 74.681960321432001, 13.384219007022365 ], [ 74.684951660369578, 13.382621571165906 ], [ 74.686235578427741, 13.378373144736782 ] ] ], [ [ [ 74.677140667351424, 13.96661153439646 ], [ 74.677565712583132, 13.959481905237464 ], [ 74.679218441283254, 13.957738604176864 ], [ 74.68730230612087, 13.956813912510997 ], [ 74.691775148851136, 13.953514254966054 ], [ 74.694360033148783, 13.9472557779106 ], [ 74.693480495377628, 13.940808009959994 ], [ 74.690056247544959, 13.938862535996577 ], [ 74.68557666297346, 13.939226632377812 ], [ 74.682388758076726, 13.934388330232048 ], [ 74.692094568806283, 13.924679833817288 ], [ 74.703415867007564, 13.922202997562966 ], [ 74.705565331072577, 13.923326056838679 ], [ 74.708177965739154, 13.920690976971764 ], [ 74.714894651825261, 13.910483926534072 ], [ 74.713325577412022, 13.908784439395761 ], [ 74.714175136393294, 13.905557372847289 ], [ 74.711409172340851, 13.90389028495667 ], [ 74.722442546157325, 13.904812303631227 ], [ 74.737558928669884, 13.910111778177372 ], [ 74.745253641266117, 13.909726785407912 ], [ 74.749748210021437, 13.907266706430971 ], [ 74.757135856655623, 13.906476242632181 ], [ 74.763068984171468, 13.912361098159909 ], [ 74.77107452643682, 13.913909105050669 ], [ 74.771032001766599, 13.912644517410728 ], [ 74.789248789177975, 13.908505506745177 ], [ 74.792013130071524, 13.903428739820797 ], [ 74.792795261402873, 13.906232537289155 ], [ 74.80041688967566, 13.908444138677137 ], [ 74.805505876857424, 13.905744912868162 ], [ 74.818990925959483, 13.907949280233488 ], [ 74.828712742557869, 13.901531536509236 ], [ 74.833532865118329, 13.901819436440569 ], [ 74.837793088525544, 13.898579771315648 ], [ 74.840508290014014, 13.891919711333008 ], [ 74.841513363304841, 13.893048989153346 ], [ 74.843769045276005, 13.891877762965072 ], [ 74.855512051179005, 13.880545701323397 ], [ 74.859641332131403, 13.869290059785069 ], [ 74.870342042397724, 13.856258176147323 ], [ 74.876260431983368, 13.856138416281217 ], [ 74.880812657794777, 13.859959153190955 ], [ 74.879638963642634, 13.863981139735559 ], [ 74.885563835262829, 13.867583081688247 ], [ 74.90956953066059, 13.8609907430459 ], [ 74.914169455830177, 13.853136049231111 ], [ 74.911815302859281, 13.845795080978789 ], [ 74.914025083596385, 13.84186763737056 ], [ 74.913190537099695, 13.836685608325341 ], [ 74.914590835361523, 13.834168548835919 ], [ 74.912845147426765, 13.821693004825821 ], [ 74.919613425376539, 13.824648485036619 ], [ 74.922929511873363, 13.81530488194351 ], [ 74.919335832789343, 13.813404990440777 ], [ 74.924394730535681, 13.806435586647973 ], [ 74.92428840524974, 13.801322279832014 ], [ 74.932562116556284, 13.796049423403305 ], [ 74.93103577433709, 13.775836105728073 ], [ 74.935699065261574, 13.777929445466434 ], [ 74.938147835529435, 13.777137698847186 ], [ 74.939759152986056, 13.770730052800502 ], [ 74.952261900805752, 13.758865850731839 ], [ 74.974456196806997, 13.752873551668003 ], [ 74.980270291142332, 13.746747156741867 ], [ 74.996280694996315, 13.744746587514172 ], [ 74.995647691328116, 13.739101719392588 ], [ 74.993664086890092, 13.736465332638517 ], [ 74.99394854797174, 13.727356263397921 ], [ 74.992414818840984, 13.72658081817691 ], [ 74.992643023495972, 13.72264627623405 ], [ 74.99022344761454, 13.722492441449521 ], [ 74.987508599512879, 13.719354163857117 ], [ 74.987693688382379, 13.713475787963457 ], [ 74.999669623529698, 13.710643530626946 ], [ 75.002459318476468, 13.712021245786906 ], [ 75.00360059526399, 13.708132815288641 ], [ 75.007043753223513, 13.708625113142569 ], [ 75.014645662387778, 13.699811772361217 ], [ 75.019392145292002, 13.699163940786175 ], [ 75.019531975073377, 13.694634291154465 ], [ 75.014533533338124, 13.694112643912073 ], [ 75.014207769839047, 13.692604943602001 ], [ 75.00781021679397, 13.690873380858141 ], [ 75.010770325703305, 13.690820054481778 ], [ 75.008586161279851, 13.679101967037825 ], [ 75.009424652908862, 13.676869946959382 ], [ 75.016130354899559, 13.677829849432534 ], [ 75.023113540415423, 13.673031469143075 ], [ 75.023888281954527, 13.673993239220994 ], [ 75.026739021194985, 13.670533937757513 ], [ 75.026314373609608, 13.666534282017087 ], [ 75.024226358418417, 13.66620425945111 ], [ 75.021635297154546, 13.661815879423504 ], [ 75.012415588414967, 13.666463107172147 ], [ 75.00813182675958, 13.660566605366336 ], [ 75.010697764228425, 13.655492815458043 ], [ 75.007669360898689, 13.653477041685411 ], [ 75.008740659737498, 13.64534978770916 ], [ 75.013776202671167, 13.642269795880669 ], [ 75.011204747621051, 13.634698672112483 ], [ 75.018537530051702, 13.628561332231701 ], [ 75.026232409623958, 13.628091154843553 ], [ 75.029660878000911, 13.622067819021312 ], [ 75.033565945295237, 13.621285235639144 ], [ 75.035191647062689, 13.617428482314804 ], [ 75.038308231825823, 13.615933948473105 ], [ 75.050543803233012, 13.616125624085237 ], [ 75.053979194614158, 13.611194008522052 ], [ 75.057152131037071, 13.61117648521101 ], [ 75.062107934706859, 13.604220401666916 ], [ 75.060404512304686, 13.599896587506047 ], [ 75.061988778794756, 13.597326713947778 ], [ 75.059129259007079, 13.591148921991461 ], [ 75.05650605858844, 13.590796645016329 ], [ 75.055575984807646, 13.587907976553076 ], [ 75.045025444644807, 13.586164777157359 ], [ 75.041148266385861, 13.57487280885074 ], [ 75.037195975837321, 13.57243715925577 ], [ 75.038526672665114, 13.564849152971194 ], [ 75.042234636939327, 13.563442570158193 ], [ 75.046049164937159, 13.558557071026572 ], [ 75.045587673101977, 13.553900847321904 ], [ 75.050189215881133, 13.554469775484765 ], [ 75.05415013279449, 13.550568644348646 ], [ 75.056384074499064, 13.542069982669631 ], [ 75.053716176518918, 13.536444839198312 ], [ 75.058540656499218, 13.535757949245816 ], [ 75.060386564691868, 13.532722949367827 ], [ 75.065814826191115, 13.537336468887267 ], [ 75.067743544921868, 13.534415397574129 ], [ 75.068299842573751, 13.532545932022737 ], [ 75.065112555471231, 13.525578064985648 ], [ 75.061095422411853, 13.52036991173282 ], [ 75.064763452797692, 13.519538136193793 ], [ 75.068975234456374, 13.530384009408753 ], [ 75.070692248319219, 13.531349450626816 ], [ 75.07112556281551, 13.528916989420976 ], [ 75.073808014677766, 13.527663132246811 ], [ 75.073674023092565, 13.524171455798895 ], [ 75.078467125742122, 13.521552264189864 ], [ 75.073822418767378, 13.515624911343551 ], [ 75.077854373646119, 13.514180640238758 ], [ 75.076868213233311, 13.510608695925676 ], [ 75.078954311131994, 13.503115225748678 ], [ 75.077316190558506, 13.500907208050208 ], [ 75.079023953031268, 13.49826441893525 ], [ 75.078627329460389, 13.494703776000746 ], [ 75.081713574198957, 13.493676298540111 ], [ 75.084281959761825, 13.489745155411201 ], [ 75.087222407375663, 13.492271905508542 ], [ 75.091812163414673, 13.491345489041937 ], [ 75.0923609215168, 13.488433538383571 ], [ 75.098046691975412, 13.483580666801505 ], [ 75.101653299541937, 13.48694162820118 ], [ 75.101940569884718, 13.48475313658936 ], [ 75.108297785941588, 13.479226956495417 ], [ 75.111533847023182, 13.472188962488639 ], [ 75.112896969980142, 13.472610793279811 ], [ 75.113656596239295, 13.469990571252056 ], [ 75.111769345935087, 13.467903071415616 ], [ 75.111269616811654, 13.463418498786448 ], [ 75.114155763606519, 13.461896927879701 ], [ 75.115521219544505, 13.459025222725922 ], [ 75.117548768714471, 13.46123681766972 ], [ 75.124059063414563, 13.4623140710409 ], [ 75.127008288430702, 13.464420552303418 ], [ 75.133069725181741, 13.462754655194374 ], [ 75.140091276656108, 13.463391721684562 ], [ 75.141623906076049, 13.458605122870534 ], [ 75.155905614434374, 13.452780758780984 ], [ 75.151819005524246, 13.442311667823002 ], [ 75.147812527023845, 13.439711471445513 ], [ 75.152826042968243, 13.431395293278563 ], [ 75.147639562608617, 13.428179422283259 ], [ 75.148266114198549, 13.421843827804972 ], [ 75.144520765731997, 13.418946872177083 ], [ 75.141455870216731, 13.409002952547159 ], [ 75.139056117316883, 13.408796759344916 ], [ 75.141149972246296, 13.404095086022449 ], [ 75.141784782962574, 13.389567527141534 ], [ 75.138333317207085, 13.388447239567485 ], [ 75.137087785624217, 13.38295492274082 ], [ 75.134922920443984, 13.381294873491981 ], [ 75.127416267778315, 13.384284669056262 ], [ 75.127746430244216, 13.381669678553125 ], [ 75.124693810285194, 13.380827144017127 ], [ 75.124074843990257, 13.373586713730894 ], [ 75.127670361597723, 13.371183400812761 ], [ 75.12669510804777, 13.369484341591402 ], [ 75.124950848964929, 13.371515625547227 ], [ 75.124527865721021, 13.364706678974805 ], [ 75.113833505279047, 13.355859287124803 ], [ 75.109480957664928, 13.356315061675229 ], [ 75.105327847874094, 13.3591119962575 ], [ 75.096414485402846, 13.357326134448808 ], [ 75.086741232625286, 13.361369219150886 ], [ 75.085089006132335, 13.348296933417439 ], [ 75.074109021572752, 13.342420472436267 ], [ 75.095542748289191, 13.314986447799573 ], [ 75.094552726683034, 13.313206295950723 ], [ 75.107480239543875, 13.287686962377231 ], [ 75.113798374002172, 13.285527461265065 ], [ 75.117402377436349, 13.277816002896724 ], [ 75.122858559550622, 13.277646030950338 ], [ 75.13039541229044, 13.282395454569759 ], [ 75.133791709816364, 13.281603990518848 ], [ 75.138539011633469, 13.286015758566149 ], [ 75.141658223104599, 13.284981454373728 ], [ 75.152430341619663, 13.261476403846052 ], [ 75.164384117898877, 13.214333299296596 ], [ 75.167927413294919, 13.20760797785514 ], [ 75.164302708280573, 13.203607150258538 ], [ 75.164923400999143, 13.198594765664881 ], [ 75.179452294748117, 13.191697551442257 ], [ 75.186031315530954, 13.183092390269946 ], [ 75.189466696795762, 13.180950080221848 ], [ 75.195324791655224, 13.180279185294504 ], [ 75.19681042111911, 13.178038725932129 ], [ 75.201156781260806, 13.178145356432436 ], [ 75.203954454693474, 13.176316502978688 ], [ 75.207834104790678, 13.16902253431449 ], [ 75.207034321844958, 13.158270208976585 ], [ 75.183373451265965, 13.160197159468726 ], [ 75.178989664853063, 13.149777364469607 ], [ 75.169036015807492, 13.141540261163673 ], [ 75.162094830458543, 13.130084999968531 ], [ 75.159379735800812, 13.13156021901843 ], [ 75.159455430430967, 13.130171618539249 ], [ 75.148720453982122, 13.123292292783061 ], [ 75.144266210463996, 13.126121591197178 ], [ 75.144740671833631, 13.132159975366816 ], [ 75.1427273459622, 13.130195968525264 ], [ 75.140083153458107, 13.132305573600647 ], [ 75.137441744726189, 13.130891465619543 ], [ 75.136256113072491, 13.133304336683528 ], [ 75.132288978488546, 13.132108458421438 ], [ 75.129889970270028, 13.133310282411317 ], [ 75.128064424928056, 13.129791880937365 ], [ 75.122034843854308, 13.132244903252412 ], [ 75.119742785840714, 13.134474221067482 ], [ 75.120661195578649, 13.138224649438298 ], [ 75.116262301373894, 13.141068624383539 ], [ 75.111538686099479, 13.147612642971154 ], [ 75.11422025651845, 13.150392972525177 ], [ 75.105684332766131, 13.148863110357107 ], [ 75.105944658625774, 13.147433742577192 ], [ 75.103207591117368, 13.150982327580232 ], [ 75.104066034740953, 13.153816605810572 ], [ 75.100265387942315, 13.153255538323327 ], [ 75.100217525120954, 13.159901057674155 ], [ 75.095346673492543, 13.161927897929347 ], [ 75.093439954883351, 13.159759474184368 ], [ 75.08107447503447, 13.158407011116813 ], [ 75.078927391810268, 13.146397872945032 ], [ 75.073484564082591, 13.149052795378086 ], [ 75.064061696155093, 13.146675734583722 ], [ 75.066551057057509, 13.139695955936904 ], [ 75.050025402683772, 13.135508962702627 ], [ 75.035928615004536, 13.143209268530955 ], [ 75.033438086545019, 13.142238379635966 ], [ 75.032492605490148, 13.139435377245563 ], [ 75.027969764575985, 13.137077318888606 ], [ 75.025856389831006, 13.137903622229601 ], [ 75.016023491233923, 13.131874875429132 ], [ 75.016697092928069, 13.136890042032153 ], [ 75.002688988787767, 13.145585541009066 ], [ 75.002071076558209, 13.148367529581936 ], [ 75.000002657403954, 13.148675301453974 ], [ 74.99888242277278, 13.151425909679288 ], [ 74.994487272685106, 13.154294566740287 ], [ 74.991374385933227, 13.150316048128809 ], [ 74.986836300376424, 13.148625795136125 ], [ 74.975014747732629, 13.12755208743817 ], [ 74.963369935782239, 13.122490022233256 ], [ 74.960083570633145, 13.122655717377484 ], [ 74.958893310205539, 13.119569316587487 ], [ 74.955053596360216, 13.120573166668379 ], [ 74.952303727532353, 13.118065295220351 ], [ 74.948390144575328, 13.120024598743619 ], [ 74.949583859567483, 13.120285516131387 ], [ 74.940606171607413, 13.13177539336942 ], [ 74.939187458056736, 13.131420319092687 ], [ 74.943436641023325, 13.134429964114968 ], [ 74.940994116717349, 13.135554272004889 ], [ 74.942456471019767, 13.138178435285008 ], [ 74.941270293623163, 13.140177725433936 ], [ 74.943275160643338, 13.139589407187025 ], [ 74.942494792779925, 13.141473726512345 ], [ 74.940154120617578, 13.143771660000599 ], [ 74.939950580821332, 13.142362746398039 ], [ 74.935716606607784, 13.141400692856037 ], [ 74.93639427828353, 13.142763712397857 ], [ 74.934469992924008, 13.142451612626154 ], [ 74.934912563757621, 13.145112318044802 ], [ 74.932536108923685, 13.146983181858396 ], [ 74.919024054227293, 13.138097750796037 ], [ 74.914539523637387, 13.131646297604272 ], [ 74.908945720863514, 13.129004239104811 ], [ 74.907356397889529, 13.121502552012332 ], [ 74.913254495631762, 13.119498039271813 ], [ 74.913792487568543, 13.115721813327141 ], [ 74.913100674464445, 13.113617633667957 ], [ 74.907996878815482, 13.111306821276745 ], [ 74.908529944729381, 13.110038535433368 ], [ 74.911441002756376, 13.110198684414383 ], [ 74.911618813420986, 13.108451267894091 ], [ 74.90246076932354, 13.107752419365198 ], [ 74.9008234442163, 13.104303301473832 ], [ 74.897680881156319, 13.104828542661192 ], [ 74.892583954568579, 13.103013715988325 ], [ 74.887600231608303, 13.098562799923599 ], [ 74.87867248418155, 13.094568169339999 ], [ 74.873498031734684, 13.099835573714964 ], [ 74.873150212763704, 13.110843758699437 ], [ 74.87067988234449, 13.112927962030552 ], [ 74.868951729678926, 13.119866552918978 ], [ 74.863578560759933, 13.122106400325674 ], [ 74.862610409239096, 13.126090272415823 ], [ 74.859700925248589, 13.127293580379687 ], [ 74.855207217705839, 13.125651381320957 ], [ 74.849878721312336, 13.126146153249096 ], [ 74.84696845576066, 13.129270571726085 ], [ 74.844389727333677, 13.129461062180269 ], [ 74.842394219269963, 13.127270226582059 ], [ 74.837917764992838, 13.12910758309819 ], [ 74.833676293791541, 13.128117410499534 ], [ 74.833780809803756, 13.12985522465403 ], [ 74.826850227842243, 13.129581968944342 ], [ 74.822449939693399, 13.123802224843347 ], [ 74.814370010876331, 13.122516528705072 ], [ 74.81214052493327, 13.118617883315492 ], [ 74.81222731973466, 13.115324189939534 ], [ 74.809826615847598, 13.113347182292555 ], [ 74.806405692471742, 13.115952549277704 ], [ 74.802489355450092, 13.114170218356755 ], [ 74.795707780147055, 13.118202747739202 ], [ 74.792182893262051, 13.117471782103831 ], [ 74.791328766941419, 13.112539230036491 ], [ 74.794408738250041, 13.108750586832222 ], [ 74.796120559670143, 13.110953717458933 ], [ 74.798447832677724, 13.108588525545754 ], [ 74.797428811493717, 13.101679780121703 ], [ 74.791567188423699, 13.096465827919712 ], [ 74.784699775199144, 13.100330562890989 ], [ 74.781784948835849, 13.104563185591687 ], [ 74.777906965238742, 13.103119294745417 ], [ 74.777630651751153, 13.098964519652903 ], [ 74.780820532291344, 13.090922218038074 ], [ 74.776748037005476, 13.081901512299428 ], [ 74.779549379435082, 13.071475510074928 ], [ 74.77695650939161, 13.071269886226036 ], [ 74.757138150875633, 13.154499688513768 ], [ 74.74894994007316, 13.183600404699993 ], [ 74.744307812200574, 13.193698733257172 ], [ 74.735758906877052, 13.227614286727007 ], [ 74.727926809171151, 13.266046442260032 ], [ 74.720549356230549, 13.286073053202047 ], [ 74.714876890347341, 13.321408320612818 ], [ 74.706472575474521, 13.337292838713861 ], [ 74.69835804847601, 13.343742333515769 ], [ 74.700635756510238, 13.347272523192665 ], [ 74.697876426896812, 13.372672775026469 ], [ 74.69640361680122, 13.374637240789415 ], [ 74.696988333255916, 13.415599173699944 ], [ 74.691955055580323, 13.456203990614197 ], [ 74.691950629626604, 13.465502872582112 ], [ 74.693381452724481, 13.469191153571229 ], [ 74.689361969793353, 13.474856797083572 ], [ 74.687606110727302, 13.483171731062377 ], [ 74.685836732068381, 13.513932083489822 ], [ 74.680806323392773, 13.555918083973836 ], [ 74.668462043229624, 13.630695416232442 ], [ 74.670584601873045, 13.629948086192691 ], [ 74.666446005452656, 13.639512598461355 ], [ 74.668212624562585, 13.63943193019462 ], [ 74.664845854149448, 13.645547065733737 ], [ 74.663312748106577, 13.653720912325252 ], [ 74.651384159280823, 13.665383369147353 ], [ 74.645867719371097, 13.680848739043428 ], [ 74.637134474494928, 13.738944719852329 ], [ 74.61849697779374, 13.826839609714003 ], [ 74.607660517180122, 13.866349587855181 ], [ 74.597070599711856, 13.883568256726994 ], [ 74.589768526028507, 13.912197377366477 ], [ 74.585505544586709, 13.922360211339516 ], [ 74.58166818783593, 13.925449716230982 ], [ 74.588248457528778, 13.930953059535485 ], [ 74.590147298538923, 13.930582460455819 ], [ 74.59305045108718, 13.939900290312989 ], [ 74.595342300167147, 13.941825631013266 ], [ 74.596831456511097, 13.931973077456249 ], [ 74.598918851149634, 13.932273676885911 ], [ 74.60014808967675, 13.936294885696425 ], [ 74.606443113044165, 13.940838591862969 ], [ 74.618645838666311, 13.941816967886277 ], [ 74.620608189173254, 13.935825134382956 ], [ 74.631682333725223, 13.94619615460873 ], [ 74.631132321411542, 13.943953306554368 ], [ 74.635204232886977, 13.944114944578644 ], [ 74.633624876578324, 13.939902064180538 ], [ 74.635820948979898, 13.941334778231468 ], [ 74.638279833974053, 13.939173379627473 ], [ 74.642419422791164, 13.939077819213468 ], [ 74.644375648627502, 13.941215844923043 ], [ 74.647823956153559, 13.940700523408122 ], [ 74.648137311315878, 13.94404426885707 ], [ 74.650768452739143, 13.945369824468989 ], [ 74.651706797312627, 13.944414233198072 ], [ 74.652729542082753, 13.945980284024333 ], [ 74.648681813889425, 13.95003726091322 ], [ 74.646576950069687, 13.963067105818785 ], [ 74.655629625486526, 13.973918948608164 ], [ 74.664746012437902, 13.980983424944746 ], [ 74.670120891700549, 13.972318733529791 ], [ 74.668738221785418, 13.971137713070719 ], [ 74.677140667351424, 13.96661153439646 ] ] ] ] } },
{ "type": "Feature", "properties": { "DISTRICT": "Uttara Kannada" }, "geometry": { "type": "MultiPolygon", "coordinates": [ [ [ [ 74.48422596743967, 14.09267294443357 ], [ 74.480847181090326, 14.093278111072609 ], [ 74.480702819491398, 14.09425384240755 ], [ 74.484063699890584, 14.095079213017041 ], [ 74.48422596743967, 14.09267294443357 ] ] ], [ [ [ 74.280470147096281, 14.655976742312916 ], [ 74.280730518756911, 14.656393741517169 ], [ 74.280818731315392, 14.656096733218538 ], [ 74.280470147096281, 14.655976742312916 ] ] ], [ [ [ 74.252112468128743, 14.704495431919868 ], [ 74.254763118873882, 14.70552776182647 ], [ 74.25490943677535, 14.704413537903866 ], [ 74.252112468128743, 14.704495431919868 ] ] ], [ [ [ 74.254128412953435, 14.724079564355069 ], [ 74.256553535656309, 14.724155373479675 ], [ 74.257092873375086, 14.722368705846691 ], [ 74.255548075491276, 14.720669073921535 ], [ 74.254128412953435, 14.724079564355069 ] ] ], [ [ [ 74.309273167021516, 15.370079280394659 ], [ 74.297788920180381, 15.383289734475531 ], [ 74.284832422230508, 15.385127042040699 ], [ 74.278701859550381, 15.392766779825331 ], [ 74.278678632093857, 15.405641085602097 ], [ 74.275640748745261, 15.413341182578288 ], [ 74.27226553951057, 15.415305555775747 ], [ 74.270812695897447, 15.418493098568357 ], [ 74.270897944140074, 15.424489939430055 ], [ 74.276123087481778, 15.432578740534742 ], [ 74.274662975243473, 15.434842783102846 ], [ 74.276501280378454, 15.440625694918365 ], [ 74.2748573397065, 15.448376109504984 ], [ 74.265309413494194, 15.47247353650622 ], [ 74.249026668328241, 15.49163933089819 ], [ 74.25099334035913, 15.500206835292804 ], [ 74.254291426880812, 15.503752676168741 ], [ 74.259843177671513, 15.507801184113783 ], [ 74.275077799409914, 15.514394890389944 ], [ 74.27896006326624, 15.519264122526975 ], [ 74.278124917995697, 15.52147799394643 ], [ 74.281797844340815, 15.523105312310934 ], [ 74.29077452238559, 15.523512593518447 ], [ 74.327110515186348, 15.516370502782216 ], [ 74.342268741407565, 15.517718756803424 ], [ 74.353112332874147, 15.506691317178898 ], [ 74.373608303000779, 15.479562155428146 ], [ 74.386389202061011, 15.483618414890872 ], [ 74.390604461004344, 15.480062150858238 ], [ 74.394251172651252, 15.480779854124794 ], [ 74.404294263105299, 15.473367874039063 ], [ 74.409389038141711, 15.475008049425115 ], [ 74.413106664271837, 15.473433844559917 ], [ 74.41538516930261, 15.470103093844367 ], [ 74.417927650020658, 15.46936828361067 ], [ 74.419619771902319, 15.464159340648258 ], [ 74.421966852821882, 15.463419295944208 ], [ 74.423819020895266, 15.422530534704887 ], [ 74.428464501775039, 15.397997737808472 ], [ 74.432101193129881, 15.396709801804615 ], [ 74.438579955102298, 15.405533510672921 ], [ 74.446664841633051, 15.406670923140933 ], [ 74.449685386482443, 15.405708415999197 ], [ 74.450229000347818, 15.409091389219926 ], [ 74.452048805694218, 15.408006297583789 ], [ 74.445659462339151, 15.419637612868737 ], [ 74.451180088624866, 15.421367632560843 ], [ 74.460375330382689, 15.420613528289804 ], [ 74.456434545152106, 15.425510809677686 ], [ 74.46222774353555, 15.430108953630896 ], [ 74.461079039670523, 15.430318963338916 ], [ 74.462982861079254, 15.432868901704225 ], [ 74.472372017062241, 15.432664541770132 ], [ 74.477401555300901, 15.428709465085312 ], [ 74.481474687282969, 15.430102209696333 ], [ 74.484051429001951, 15.433582897403825 ], [ 74.484390720061938, 15.437305427811253 ], [ 74.487945435667399, 15.438214830425697 ], [ 74.489788952013924, 15.442706445483257 ], [ 74.491818498292744, 15.443754010933468 ], [ 74.490039584134408, 15.437023659144666 ], [ 74.491266641376214, 15.435428626158018 ], [ 74.494624853630043, 15.438409191956328 ], [ 74.506072769517573, 15.433631832668876 ], [ 74.508114730057386, 15.430638635697271 ], [ 74.509280017535886, 15.427733878700801 ], [ 74.506128073394066, 15.412485227775356 ], [ 74.509941756867562, 15.402935904411731 ], [ 74.516482559033363, 15.402013800956059 ], [ 74.533828588646372, 15.418783430983131 ], [ 74.538500844027865, 15.415880857112244 ], [ 74.538993251059566, 15.416916340259309 ], [ 74.547373395717472, 15.414808068522333 ], [ 74.553672975194061, 15.40956526656133 ], [ 74.567584416116802, 15.403449954790723 ], [ 74.574074181495305, 15.392232714731184 ], [ 74.587681547123864, 15.380485141325403 ], [ 74.595656200374236, 15.377754985543801 ], [ 74.601181799479349, 15.369410113311071 ], [ 74.613772220563348, 15.35927957096265 ], [ 74.634094878605822, 15.368254232098515 ], [ 74.640266743756158, 15.381588313530463 ], [ 74.649919203127411, 15.391216841118428 ], [ 74.66638230567537, 15.393142390328622 ], [ 74.68892484964995, 15.398670581709371 ], [ 74.698646928068655, 15.409846417208449 ], [ 74.706263902445514, 15.407271258346404 ], [ 74.717538568383745, 15.411108250155946 ], [ 74.726698683646774, 15.410326596082379 ], [ 74.73189286877647, 15.40797964613335 ], [ 74.7457026022647, 15.412627837068666 ], [ 74.748368632864867, 15.410573624354289 ], [ 74.757402261464264, 15.411051403565292 ], [ 74.762884176518327, 15.416396823699419 ], [ 74.768051224075407, 15.417380879923043 ], [ 74.767678750522307, 15.410819577909788 ], [ 74.770474629669764, 15.407015767523367 ], [ 74.764596565602005, 15.401531559981857 ], [ 74.765612888644455, 15.398336223791567 ], [ 74.76629165539515, 15.400505706135029 ], [ 74.769277015909424, 15.401448755574904 ], [ 74.78157743221152, 15.394185873837392 ], [ 74.786816433191262, 15.383319609395251 ], [ 74.795260778753359, 15.377653445517675 ], [ 74.809734187831666, 15.379262012063872 ], [ 74.820339384806815, 15.384896898341925 ], [ 74.830584101431739, 15.373456125310097 ], [ 74.823733582031053, 15.373191232002206 ], [ 74.819023336959731, 15.370801849304957 ], [ 74.824565634649645, 15.354805254482571 ], [ 74.825334607884955, 15.345235275372669 ], [ 74.827760409511981, 15.341360689385017 ], [ 74.835648522827299, 15.334706520751743 ], [ 74.84484659174511, 15.335970599427974 ], [ 74.848401964726349, 15.34038472691954 ], [ 74.854818487938019, 15.340497598315874 ], [ 74.861058479958402, 15.32759221543515 ], [ 74.877460310741782, 15.317034611797679 ], [ 74.875596039744508, 15.316017991240583 ], [ 74.877604723927917, 15.314038045422722 ], [ 74.878013959481819, 15.308744180287103 ], [ 74.875000274254816, 15.300164882605742 ], [ 74.881419294475904, 15.298075854971495 ], [ 74.885362546146425, 15.299954476389182 ], [ 74.889311972096777, 15.304630150747757 ], [ 74.894466737039764, 15.299101828565266 ], [ 74.897107445630013, 15.301310619951449 ], [ 74.906188104300767, 15.279909075163323 ], [ 74.910213145689639, 15.251832345604543 ], [ 74.901604633815325, 15.245071900967538 ], [ 74.898679611644212, 15.24029447141438 ], [ 74.885757161263825, 15.23295947852092 ], [ 74.885672282673141, 15.227984351418943 ], [ 74.88267552127985, 15.2235394700967 ], [ 74.872384719293819, 15.216161630202988 ], [ 74.87541327115801, 15.205300879501708 ], [ 74.873840095864907, 15.204220602203119 ], [ 74.877525987450781, 15.193037199965513 ], [ 74.871197660255731, 15.191302524076844 ], [ 74.869474304122633, 15.188662825950884 ], [ 74.864804973894309, 15.186547980654385 ], [ 74.865155795233179, 15.182278419341625 ], [ 74.862416147782653, 15.182156197537545 ], [ 74.862562027029398, 15.178785360893992 ], [ 74.850139749330054, 15.17106401556385 ], [ 74.848104816222076, 15.162738290865356 ], [ 74.844453408445787, 15.160695483796831 ], [ 74.841465992064201, 15.156843228111452 ], [ 74.842617685394757, 15.155323318437205 ], [ 74.835016525376133, 15.14874434716597 ], [ 74.837931132924439, 15.144046546902064 ], [ 74.828951722843087, 15.139679219946348 ], [ 74.830832755060115, 15.138213393604623 ], [ 74.831285287539828, 15.133025104008819 ], [ 74.839663785297404, 15.130341372377554 ], [ 74.843752515977258, 15.126757234548032 ], [ 74.845004372054987, 15.121965287732079 ], [ 74.848719082305905, 15.123131196816441 ], [ 74.851845951609519, 15.121271383106002 ], [ 74.851656439435843, 15.117589769690483 ], [ 74.854022779259139, 15.114053345608156 ], [ 74.853078446722719, 15.112280164369956 ], [ 74.858359422995349, 15.104210302844848 ], [ 74.864749525281468, 15.105132968860131 ], [ 74.880510988425812, 15.100359217325737 ], [ 74.888812199295685, 15.100040227977841 ], [ 74.892560005978495, 15.096634173803141 ], [ 74.88997183367448, 15.090668320209547 ], [ 74.883329005532076, 15.088303436398864 ], [ 74.879836117082533, 15.083986176385505 ], [ 74.877368925255794, 15.073767072720607 ], [ 74.887375020286925, 15.066384009446006 ], [ 74.886130315818534, 15.063073843689649 ], [ 74.89049278537928, 15.052214583235271 ], [ 74.888941914482075, 15.049919834694514 ], [ 74.890820405926391, 15.045468791738291 ], [ 74.893906252788938, 15.04449277787109 ], [ 74.896194795222883, 15.046833954723033 ], [ 74.907865105550059, 15.04971794763564 ], [ 74.910368451845301, 15.040285834629943 ], [ 74.917334161461199, 15.038903142403765 ], [ 74.91884442604966, 15.044147576661596 ], [ 74.922726644518875, 15.044778449349756 ], [ 74.924173777322096, 15.048392082907133 ], [ 74.930383258083708, 15.049258833535946 ], [ 74.93144090624557, 15.051933580605056 ], [ 74.940114874615816, 15.051882150550675 ], [ 74.94199694385982, 15.055973216994076 ], [ 74.939417954780353, 15.057186560322164 ], [ 74.940270787953551, 15.06657597087227 ], [ 74.944210338462824, 15.064226688529324 ], [ 74.950735616760682, 15.067662114704465 ], [ 74.957313346023696, 15.064101551738689 ], [ 74.958420703498859, 15.066450848060859 ], [ 74.963181636189319, 15.067949155833022 ], [ 74.963299561373233, 15.06937011092729 ], [ 74.973875615798775, 15.070491100695078 ], [ 74.978900404522932, 15.068906616765862 ], [ 74.98604863292104, 15.07123131015484 ], [ 74.986041132163052, 15.072989539007754 ], [ 74.991753973991081, 15.073606992518656 ], [ 74.99854458645224, 15.069737838168898 ], [ 75.002383483608469, 15.071119296185199 ], [ 75.005250320426782, 15.06974017436093 ], [ 75.00737374126399, 15.071318933635627 ], [ 75.012891264605884, 15.06812158004003 ], [ 75.018386391724661, 15.072648939789815 ], [ 75.019975925703363, 15.070050933201996 ], [ 75.022739407962931, 15.070283907174037 ], [ 75.025429349183526, 15.073129081417553 ], [ 75.030350707181938, 15.073086613672958 ], [ 75.030650049022611, 15.074622331662308 ], [ 75.032244347287218, 15.07460426598125 ], [ 75.032075483491582, 15.077223799027903 ], [ 75.035458885320864, 15.078843990808464 ], [ 75.043252096515246, 15.079364008178477 ], [ 75.045767028913716, 15.081609041558176 ], [ 75.053529265989454, 15.082635179953483 ], [ 75.0545863816467, 15.073084744387559 ], [ 75.058276288147326, 15.071345330781927 ], [ 75.070923641973863, 15.070439991910186 ], [ 75.08253868539876, 15.074595454467689 ], [ 75.073899013833469, 15.052402825150493 ], [ 75.072363400982312, 15.041406290360371 ], [ 75.07702073912057, 15.037933730562006 ], [ 75.071534259109583, 15.01793417376491 ], [ 75.068130512071505, 15.014719383066069 ], [ 75.073227193463566, 14.99969837656281 ], [ 75.075876156547068, 14.974029346585311 ], [ 75.081553505551142, 14.96951086255609 ], [ 75.084514479902978, 14.956646709256681 ], [ 75.097669950880942, 14.956704166017483 ], [ 75.093777616344113, 14.952210474389013 ], [ 75.097777911929612, 14.947368720131506 ], [ 75.097082040596177, 14.943219755450295 ], [ 75.103371712263566, 14.935078295358597 ], [ 75.101660114758218, 14.932490484279739 ], [ 75.102287954438012, 14.927630877178634 ], [ 75.085425296153687, 14.926776113359599 ], [ 75.087249441539399, 14.920971573423433 ], [ 75.080254059058248, 14.922431421098993 ], [ 75.067067668573401, 14.919097551769326 ], [ 75.071084514976747, 14.87181283961942 ], [ 75.073916157781994, 14.867611458664662 ], [ 75.070937011280634, 14.867641995255083 ], [ 75.0697338694834, 14.863341052851966 ], [ 75.074096200174225, 14.856064352345204 ], [ 75.067685750112645, 14.836769820491517 ], [ 75.071579885023837, 14.833913595059768 ], [ 75.07357193249905, 14.826236751334417 ], [ 75.090530635504422, 14.820223064284619 ], [ 75.091683186717319, 14.811060112757671 ], [ 75.073892983960732, 14.808233643021318 ], [ 75.055305790160915, 14.814619957916806 ], [ 75.056005490898755, 14.805106608098471 ], [ 75.068842628484475, 14.79798272031184 ], [ 75.069178934683464, 14.787001040449351 ], [ 75.067122865889345, 14.786121831785557 ], [ 75.070764068533649, 14.78241561914923 ], [ 75.066285760357246, 14.783020136407789 ], [ 75.063581569399631, 14.776582338447161 ], [ 75.051919438510993, 14.77674142410876 ], [ 75.049819178528693, 14.775478287666688 ], [ 75.049931591530623, 14.773491274898332 ], [ 75.046184580657624, 14.772932924313585 ], [ 75.040606560148845, 14.774096208975315 ], [ 75.039686318240811, 14.767737429852044 ], [ 75.041562290370152, 14.764764470412681 ], [ 75.041646082119755, 14.759331729265597 ], [ 75.043646941478414, 14.753715886397066 ], [ 75.046906961367696, 14.751868575814797 ], [ 75.047673353195108, 14.744143065563348 ], [ 75.043802540210848, 14.743278283227268 ], [ 75.044714094558813, 14.73897865671394 ], [ 75.037495825201674, 14.738409323238582 ], [ 75.038527520486454, 14.727732583184698 ], [ 75.033517205495983, 14.727289689096887 ], [ 75.030995678779604, 14.729892775483462 ], [ 75.02988420469346, 14.726582089601504 ], [ 75.027893208300867, 14.72631440927511 ], [ 75.028615733383475, 14.72540049342636 ], [ 75.022301324615398, 14.72555399877602 ], [ 75.021895578938967, 14.723735950379176 ], [ 75.0184298614233, 14.72359271911777 ], [ 75.018036422231376, 14.721547401340716 ], [ 75.014558324560099, 14.719478374119802 ], [ 75.016142560292479, 14.717998927103851 ], [ 75.016973090482523, 14.710734301892836 ], [ 75.021456707411033, 14.711476738221348 ], [ 75.024624946725609, 14.70833085380718 ], [ 75.032917849974325, 14.710005827600622 ], [ 75.032212609946271, 14.694906390979426 ], [ 75.035896949751191, 14.67645901308587 ], [ 75.030631437915986, 14.672512449990109 ], [ 75.031326071805623, 14.665053645684308 ], [ 75.035334091747913, 14.657972206164246 ], [ 75.039076300928329, 14.658536243442589 ], [ 75.040917085232394, 14.660774977706934 ], [ 75.045113241039132, 14.654050391623802 ], [ 75.052479110881464, 14.648647578179459 ], [ 75.050445373220285, 14.646646082098083 ], [ 75.050171940237206, 14.641850752333944 ], [ 75.041141284115994, 14.639234190249981 ], [ 75.039488292164393, 14.637004010869651 ], [ 75.027450359497948, 14.615970760342403 ], [ 75.026385662779234, 14.608749792737925 ], [ 75.023942363001666, 14.607212995345263 ], [ 75.025839861035436, 14.604973651914507 ], [ 75.023109009398652, 14.60194176798654 ], [ 75.024704477378293, 14.601170105325808 ], [ 75.025461351040278, 14.59080610154909 ], [ 75.027867468375874, 14.584684248772453 ], [ 75.022819149358497, 14.579310946281154 ], [ 75.025543839604765, 14.577087780179603 ], [ 75.024568804744689, 14.575301654996252 ], [ 75.020762994383091, 14.574673819977448 ], [ 75.023276004223135, 14.565035277354863 ], [ 75.022312867053017, 14.56417808403155 ], [ 75.023850005564341, 14.563532940284846 ], [ 75.022728952928404, 14.562605949216099 ], [ 75.023910902510849, 14.560721033700784 ], [ 75.029280446518854, 14.560948308947101 ], [ 75.034623529502909, 14.559084366446315 ], [ 75.040006171086986, 14.548741124794461 ], [ 75.044373214031936, 14.545759159002831 ], [ 75.054838190365004, 14.548667095829728 ], [ 75.060741571166105, 14.544548416862566 ], [ 75.060450556266034, 14.543107328369317 ], [ 75.053330689206405, 14.538720772677594 ], [ 75.052226596785061, 14.533924957299178 ], [ 75.037706109327587, 14.528720735721372 ], [ 75.041102271251418, 14.522736897100089 ], [ 75.042120503759278, 14.515311557458645 ], [ 75.041804400072991, 14.508232059513068 ], [ 75.040231226447844, 14.506691075109972 ], [ 75.040776672678206, 14.500118025781653 ], [ 75.030926270340203, 14.500261749455532 ], [ 75.019470301876893, 14.497117667604201 ], [ 75.006441473503742, 14.488053000160237 ], [ 75.008666462343498, 14.484450461399538 ], [ 75.004009936191466, 14.480007622718812 ], [ 74.995455017071961, 14.477303115199726 ], [ 74.989740468855601, 14.47223930061574 ], [ 74.984613023310558, 14.488307787455726 ], [ 74.991791435484799, 14.492649018918447 ], [ 74.992770466505604, 14.495165888262317 ], [ 74.990619209660863, 14.495838556837965 ], [ 74.988173067449836, 14.505702753314255 ], [ 74.982502013024018, 14.512861312022414 ], [ 74.979375808436785, 14.513336541835086 ], [ 74.979490351697962, 14.51683702352042 ], [ 74.973649795789498, 14.517402797384101 ], [ 74.972388252364709, 14.519658786519475 ], [ 74.97454505260238, 14.524499624348364 ], [ 74.980383807890846, 14.5256317279875 ], [ 74.977876512889523, 14.533546793392276 ], [ 74.978369605989045, 14.549260770480645 ], [ 74.962254633558274, 14.550994621795533 ], [ 74.955661760463812, 14.554668051144429 ], [ 74.954582622498052, 14.553834741803486 ], [ 74.956071338659186, 14.55379362996044 ], [ 74.956450166629978, 14.550760321482063 ], [ 74.950512323297431, 14.536675240716802 ], [ 74.945106502252855, 14.532960739553097 ], [ 74.942781489538731, 14.534288389343125 ], [ 74.943864421853419, 14.531897549488663 ], [ 74.94170793647757, 14.529879746527582 ], [ 74.941703917831944, 14.527451976603285 ], [ 74.93902007445503, 14.526345269267996 ], [ 74.940319366084339, 14.524277437212737 ], [ 74.937654278767937, 14.518701838482157 ], [ 74.932014017066209, 14.522820132595704 ], [ 74.928407243391732, 14.52854596007224 ], [ 74.912278858004328, 14.528616070877392 ], [ 74.90539025684096, 14.530912524609208 ], [ 74.901387128798717, 14.52937033991978 ], [ 74.902375257401644, 14.51551533123847 ], [ 74.898851803328128, 14.509241537455434 ], [ 74.895450980657884, 14.508295533087763 ], [ 74.894087615720053, 14.499973706732993 ], [ 74.889935840685226, 14.489804405543685 ], [ 74.890577066918723, 14.485375082653141 ], [ 74.888927174085865, 14.480020578385981 ], [ 74.893678577028396, 14.473675173554643 ], [ 74.8982978391183, 14.474312238967991 ], [ 74.91774223557934, 14.466969618992421 ], [ 74.920373995472218, 14.458944204430246 ], [ 74.908877073978502, 14.457873483465134 ], [ 74.898921596118072, 14.464555785202446 ], [ 74.888453077684247, 14.46025181716287 ], [ 74.873969773206738, 14.447246866282203 ], [ 74.878086173021416, 14.440310520228094 ], [ 74.878070831058693, 14.43589348171062 ], [ 74.881240216489019, 14.43331423181902 ], [ 74.880251180010902, 14.429350547791586 ], [ 74.909474637046287, 14.43163853423396 ], [ 74.917724842547443, 14.430712783663633 ], [ 74.933648224897965, 14.403689433053446 ], [ 74.94126494846725, 14.400657288416095 ], [ 74.944803832184547, 14.40214876442178 ], [ 74.949200994811292, 14.398826660102964 ], [ 74.948325764724402, 14.394731305097393 ], [ 74.950542812311298, 14.38176220790085 ], [ 74.949187359841488, 14.37613964173403 ], [ 74.945514146699125, 14.374577548294292 ], [ 74.940147483362836, 14.367929952171693 ], [ 74.93894197056548, 14.35845369861617 ], [ 74.944387471405278, 14.354043242238431 ], [ 74.948943779741938, 14.353034372334879 ], [ 74.950192090374614, 14.350485395537683 ], [ 74.952415162910228, 14.351420864646194 ], [ 74.955173385801118, 14.349764697587503 ], [ 74.960344573108259, 14.341306249111009 ], [ 74.974421686582417, 14.338195705310937 ], [ 74.974324840191457, 14.334141057031836 ], [ 74.975777496957789, 14.333222566579966 ], [ 74.973304985123278, 14.326853996651801 ], [ 74.969673894472137, 14.325451672523595 ], [ 74.972535272698664, 14.321031046435031 ], [ 74.973751985376026, 14.322968948536413 ], [ 74.97712632906881, 14.321653531442927 ], [ 74.976903868862564, 14.319736677681933 ], [ 74.968745696617717, 14.31551692303948 ], [ 74.958163299616771, 14.323872278389775 ], [ 74.95607801224125, 14.322757089215528 ], [ 74.956628026743388, 14.320541919214827 ], [ 74.952433215367961, 14.317359353663978 ], [ 74.94919281770801, 14.320023708342971 ], [ 74.942136818264274, 14.318275170023377 ], [ 74.936621893463723, 14.322486193750944 ], [ 74.933906377988052, 14.320545156526206 ], [ 74.932562895023338, 14.321194288568861 ], [ 74.931230155020685, 14.319079868341506 ], [ 74.929953872037473, 14.320604587469246 ], [ 74.924584798701915, 14.319098626244831 ], [ 74.920378289361921, 14.315664301740433 ], [ 74.917974853924605, 14.308270231609175 ], [ 74.916023821771518, 14.308060223878055 ], [ 74.913759674975935, 14.304043932483365 ], [ 74.913111735805543, 14.298344031438114 ], [ 74.905543038476821, 14.293527555800358 ], [ 74.908495819102427, 14.288645665468618 ], [ 74.907512806933454, 14.285103208774972 ], [ 74.90993832195133, 14.277697273962126 ], [ 74.915700864489125, 14.275709699237952 ], [ 74.916600169406564, 14.273131764990655 ], [ 74.923712433236986, 14.278211107475073 ], [ 74.926725620171439, 14.277331844959525 ], [ 74.929144429418571, 14.265450859873487 ], [ 74.928138483338316, 14.264720048905865 ], [ 74.934648561362863, 14.263416202225054 ], [ 74.935517964142136, 14.257877994112084 ], [ 74.938386927459064, 14.256036266956531 ], [ 74.935992082262743, 14.251898921753696 ], [ 74.935778550055105, 14.24324532763249 ], [ 74.930766087091598, 14.240973139478562 ], [ 74.930589064289904, 14.238374433483589 ], [ 74.928108422197468, 14.236546567178177 ], [ 74.929212628226281, 14.234806485166827 ], [ 74.923842423774801, 14.2320566578345 ], [ 74.921005770963816, 14.227307780856798 ], [ 74.913399977115219, 14.228965415154196 ], [ 74.908998981265214, 14.22737288848324 ], [ 74.90539134841292, 14.230082701935858 ], [ 74.896494620914737, 14.226995921992591 ], [ 74.898212895836323, 14.224694436604977 ], [ 74.896366291404746, 14.221944792531456 ], [ 74.897033678976541, 14.219093789415444 ], [ 74.887905061234974, 14.214687606773776 ], [ 74.87851450758869, 14.214094627900565 ], [ 74.877543277654567, 14.217227559037305 ], [ 74.879867604306781, 14.219794912844094 ], [ 74.878948891085628, 14.221558461269412 ], [ 74.875665373907424, 14.219344013986452 ], [ 74.875876203151861, 14.226035421127714 ], [ 74.880869885347579, 14.232927346936906 ], [ 74.87337136154845, 14.240113976310282 ], [ 74.870341335550165, 14.238953982192683 ], [ 74.869229098733058, 14.236379148703094 ], [ 74.868053584570347, 14.228034096399668 ], [ 74.869384361989333, 14.227511508537473 ], [ 74.869146266044041, 14.225735083783935 ], [ 74.867904533875588, 14.226030449384719 ], [ 74.867179682935173, 14.218459094128907 ], [ 74.86009550419773, 14.217707976644979 ], [ 74.856912654532834, 14.210496138246905 ], [ 74.853442826548417, 14.209584642127133 ], [ 74.848469968013703, 14.217146913912678 ], [ 74.839450015243074, 14.222890238582753 ], [ 74.832998044853909, 14.229224968428314 ], [ 74.822658890877236, 14.22550873030089 ], [ 74.818817806252184, 14.230562676391441 ], [ 74.815095881004481, 14.230783303673661 ], [ 74.809909830042244, 14.228254529247602 ], [ 74.798887727271918, 14.231207369136264 ], [ 74.792734376261123, 14.228024254748531 ], [ 74.776007965726194, 14.24081016216884 ], [ 74.752682038264453, 14.251629242513776 ], [ 74.733033147539047, 14.267414978780756 ], [ 74.712378874108921, 14.234770413972404 ], [ 74.712608531572414, 14.232948036736298 ], [ 74.726134198640693, 14.1737959741415 ], [ 74.747570682363403, 14.156866221530377 ], [ 74.749071426205759, 14.142097027717007 ], [ 74.74697914051427, 14.141371897509146 ], [ 74.744742686235057, 14.149232947761842 ], [ 74.720826517204898, 14.154415640415085 ], [ 74.709043554822742, 14.16728373319263 ], [ 74.700684293110754, 14.169779498992677 ], [ 74.699361435668081, 14.167898760720103 ], [ 74.693840981796299, 14.170209247403493 ], [ 74.695797586535733, 14.172821323101104 ], [ 74.664769147029773, 14.183005261783762 ], [ 74.652730711941331, 14.167333331634298 ], [ 74.650474468218533, 14.169729154945177 ], [ 74.62975436423946, 14.163926756664823 ], [ 74.627031948150773, 14.158145487760214 ], [ 74.629197994264445, 14.144095582161944 ], [ 74.644076505317187, 14.140413987059286 ], [ 74.642583162771686, 14.133883834465117 ], [ 74.645966944553209, 14.114695861283773 ], [ 74.655549871152758, 14.115428958279008 ], [ 74.645897236736971, 14.102373510458104 ], [ 74.652561818286429, 14.09703160920837 ], [ 74.664414813136077, 14.082530382874905 ], [ 74.676380738447349, 14.061792290921531 ], [ 74.673856951750594, 14.057883581667539 ], [ 74.672453749817478, 14.048145517229687 ], [ 74.678138195802887, 14.042286738851583 ], [ 74.676211250675109, 14.023401567901486 ], [ 74.661361369653605, 13.9936220236488 ], [ 74.661381020746745, 13.98925379859846 ], [ 74.664746012437902, 13.980983424944746 ], [ 74.655629625486526, 13.973918948608164 ], [ 74.646576950069687, 13.963067105818785 ], [ 74.647511145282536, 13.95353254338527 ], [ 74.650661071782466, 13.947142392113481 ], [ 74.652729542082753, 13.945980284024333 ], [ 74.651706797312627, 13.944414233198072 ], [ 74.650768452739143, 13.945369824468989 ], [ 74.648137311315878, 13.94404426885707 ], [ 74.647823956153559, 13.940700523408122 ], [ 74.644375648627502, 13.941215844923043 ], [ 74.642419422791164, 13.939077819213468 ], [ 74.638279833974053, 13.939173379627473 ], [ 74.637070343801511, 13.941205065433124 ], [ 74.633624876578324, 13.939902064180538 ], [ 74.635204232886977, 13.944114944578644 ], [ 74.631132321411542, 13.943953306554368 ], [ 74.631682333725223, 13.94619615460873 ], [ 74.620608189173254, 13.935825134382956 ], [ 74.618645838666311, 13.941816967886277 ], [ 74.606443113044165, 13.940838591862969 ], [ 74.60014808967675, 13.936294885696425 ], [ 74.598918851149634, 13.932273676885911 ], [ 74.596831456511097, 13.931973077456249 ], [ 74.595342300167147, 13.941825631013266 ], [ 74.59305045108718, 13.939900290312989 ], [ 74.590147298538923, 13.930582460455819 ], [ 74.588248457528778, 13.930953059535485 ], [ 74.581962214252854, 13.92573445359665 ], [ 74.578922142650597, 13.926069754010499 ], [ 74.574808627874546, 13.938352100409343 ], [ 74.567369145067019, 13.949528684452506 ], [ 74.564378273904822, 13.948818897487206 ], [ 74.561538238774418, 13.945822840918883 ], [ 74.557696293914333, 13.951804240326478 ], [ 74.549176296436542, 13.949095257007905 ], [ 74.550086443132045, 13.95029197622163 ], [ 74.54783711788032, 13.956009385691136 ], [ 74.541745347339344, 13.95872291054612 ], [ 74.538958315232861, 13.965813209596357 ], [ 74.535689232669895, 13.967218695196124 ], [ 74.532873616109995, 13.96395983718409 ], [ 74.53200028552277, 13.964599375376231 ], [ 74.531904550379167, 13.968860045056704 ], [ 74.52897328544698, 13.972919926426846 ], [ 74.525477144900862, 13.975202693140787 ], [ 74.518600801864409, 13.985618058882157 ], [ 74.514855136237017, 13.98754555844166 ], [ 74.512700269620154, 13.997876157453121 ], [ 74.509536080110379, 14.001107012987847 ], [ 74.508937212999669, 14.007018023415407 ], [ 74.502493930994888, 14.020983914523168 ], [ 74.502727644283596, 14.025238274005543 ], [ 74.504509225119676, 14.025661903997344 ], [ 74.501439466766826, 14.027910677369642 ], [ 74.499307858269702, 14.051314552638033 ], [ 74.493332730178921, 14.07715854126252 ], [ 74.488436752622661, 14.086831616656744 ], [ 74.488031144314604, 14.092781123430044 ], [ 74.485754596784048, 14.09435492941765 ], [ 74.487808884130118, 14.104176682391667 ], [ 74.486909380742048, 14.106282500967144 ], [ 74.488649816006969, 14.107357710197414 ], [ 74.485654107840361, 14.110701460099712 ], [ 74.481121658627075, 14.137173319525898 ], [ 74.476354193904186, 14.141166630369669 ], [ 74.478092823835382, 14.144750527579975 ], [ 74.470793990405156, 14.182336170155162 ], [ 74.463467624938332, 14.199995133709308 ], [ 74.460281316894708, 14.200866672647724 ], [ 74.457405737256181, 14.198636628843841 ], [ 74.453607929194661, 14.200317559601213 ], [ 74.446930146790123, 14.219039198527888 ], [ 74.441904449648845, 14.228097702926888 ], [ 74.443251683135941, 14.229360018969652 ], [ 74.437893062714295, 14.247183016391304 ], [ 74.436209991274211, 14.247622415529204 ], [ 74.423767029207696, 14.277796332643163 ], [ 74.422024296172935, 14.279196335619286 ], [ 74.4233464198078, 14.28093532272295 ], [ 74.423426658822748, 14.287176912909297 ], [ 74.412651226929128, 14.315393520516407 ], [ 74.413043720559713, 14.326970512904072 ], [ 74.408006889289609, 14.343634022647898 ], [ 74.409050248612516, 14.345003499004827 ], [ 74.406709639751611, 14.356999430240359 ], [ 74.404606857175878, 14.357701381822038 ], [ 74.406032167843321, 14.359888213841025 ], [ 74.402900692092189, 14.370509532343132 ], [ 74.405880238427912, 14.370363216112199 ], [ 74.397539841816865, 14.409646315218726 ], [ 74.394948866642295, 14.416824040849892 ], [ 74.385542973523329, 14.415713163806993 ], [ 74.3794988215205, 14.421677565703515 ], [ 74.379484921284615, 14.424832966670239 ], [ 74.382439019863384, 14.425958125642145 ], [ 74.378612452470705, 14.431148949112124 ], [ 74.382091593938569, 14.432996610466475 ], [ 74.381871051319095, 14.438875628946695 ], [ 74.373866696945356, 14.46051171530244 ], [ 74.376091246226238, 14.460751477668532 ], [ 74.372466755362183, 14.470533030263043 ], [ 74.369996193642606, 14.469899351836563 ], [ 74.368780399517846, 14.472961817289491 ], [ 74.359263572949985, 14.498535949168319 ], [ 74.360949627889539, 14.499575873129322 ], [ 74.358761188893197, 14.502458151254302 ], [ 74.354471300988124, 14.502206731769823 ], [ 74.35505728119351, 14.509305536452484 ], [ 74.343493743037996, 14.513502731851229 ], [ 74.340426637091639, 14.513107121561458 ], [ 74.337137162400083, 14.518723563917893 ], [ 74.33046043433562, 14.518109127313316 ], [ 74.326157471543908, 14.515973803109931 ], [ 74.325558314445686, 14.519222371291493 ], [ 74.317521443343679, 14.519605786064124 ], [ 74.313799782306631, 14.522097675524192 ], [ 74.31074753492048, 14.521502658371825 ], [ 74.315321493805115, 14.525297377242277 ], [ 74.316464706924179, 14.529242843623015 ], [ 74.31590760323698, 14.531667438285705 ], [ 74.314197448927885, 14.531193003904312 ], [ 74.311590910406437, 14.535314738713529 ], [ 74.311508124705583, 14.53924951178397 ], [ 74.313826802474352, 14.539896202934491 ], [ 74.31506290466595, 14.542376958841684 ], [ 74.294864668243932, 14.59154475825331 ], [ 74.29421604511208, 14.599109810965949 ], [ 74.296435096450082, 14.601061334564761 ], [ 74.291263511193236, 14.601256747586952 ], [ 74.290162297337261, 14.604410532418711 ], [ 74.279917007952065, 14.611066594335828 ], [ 74.279091409420175, 14.617949915785287 ], [ 74.276068681408617, 14.624743477469041 ], [ 74.270770943719, 14.627679836587934 ], [ 74.272323508102545, 14.629379581504976 ], [ 74.279364761642725, 14.625747710670748 ], [ 74.282017591195853, 14.627557150954445 ], [ 74.285519150685772, 14.634096394076854 ], [ 74.284113924048825, 14.644799044169119 ], [ 74.285356735875283, 14.645530598987964 ], [ 74.284966694075791, 14.647229386254896 ], [ 74.280799737191444, 14.649344965717916 ], [ 74.282155696468564, 14.652511150716293 ], [ 74.281659026792767, 14.655090534681156 ], [ 74.279229663341312, 14.658987620030258 ], [ 74.281348367575703, 14.661188214938591 ], [ 74.276898006600149, 14.666412263174525 ], [ 74.275149355326988, 14.66582785290305 ], [ 74.277631389761126, 14.669271565146527 ], [ 74.276175702758735, 14.670360662783246 ], [ 74.276989688921205, 14.67152879173177 ], [ 74.279765593355265, 14.670457577606383 ], [ 74.28247861616417, 14.675342163634825 ], [ 74.27639534963447, 14.690138230270135 ], [ 74.266940707598465, 14.705345591368038 ], [ 74.263540882575441, 14.705043805542573 ], [ 74.260838953757599, 14.707589469367571 ], [ 74.257037251515527, 14.706493568145675 ], [ 74.265044220668869, 14.711394304040949 ], [ 74.262966336605857, 14.711306133807598 ], [ 74.263224403904985, 14.718951665058322 ], [ 74.25070218479334, 14.735691851978038 ], [ 74.249625564262544, 14.739761684335122 ], [ 74.237455769412065, 14.748165565693718 ], [ 74.23282074897989, 14.747920427564452 ], [ 74.228413653792728, 14.745515058873734 ], [ 74.226615150423029, 14.746326635100717 ], [ 74.228416957132822, 14.741499335742279 ], [ 74.227806928320135, 14.738536107017016 ], [ 74.224124335225952, 14.734514021779082 ], [ 74.202337209832962, 14.733219877100444 ], [ 74.205747795028572, 14.726039638337369 ], [ 74.193426442183295, 14.726383378016974 ], [ 74.194893973470101, 14.729355516424992 ], [ 74.189658367836955, 14.740057182214763 ], [ 74.180194203920863, 14.750800903928267 ], [ 74.176352441057404, 14.749765526903637 ], [ 74.17522837279283, 14.751164996405835 ], [ 74.17181484135763, 14.751062226244281 ], [ 74.170911933751228, 14.75222395242648 ], [ 74.172902875934028, 14.754544237634782 ], [ 74.158316718043267, 14.754398412707713 ], [ 74.158140421169804, 14.751509302092387 ], [ 74.159815285995577, 14.750585518954972 ], [ 74.158639414443712, 14.746984098241686 ], [ 74.157044391909935, 14.744429939470962 ], [ 74.153434150038834, 14.745723270082808 ], [ 74.150789480586553, 14.74709346538298 ], [ 74.149839121432819, 14.749921564061514 ], [ 74.152711786065311, 14.755440900743777 ], [ 74.157106492757251, 14.757806875520027 ], [ 74.157819345261444, 14.760049576401846 ], [ 74.156080317045266, 14.764231293594268 ], [ 74.142708598674758, 14.778760377700388 ], [ 74.143047749088169, 14.779994551096486 ], [ 74.137524713286552, 14.780779211178308 ], [ 74.134124130954461, 14.778453722734357 ], [ 74.132873517235026, 14.780193982981666 ], [ 74.12787543945484, 14.780909125526675 ], [ 74.12601766117119, 14.779012313752867 ], [ 74.121506512227697, 14.779424903035975 ], [ 74.123113153432399, 14.78022235046995 ], [ 74.121388028962414, 14.783648826709289 ], [ 74.115387770491907, 14.789739050429613 ], [ 74.110900993647803, 14.784244229813645 ], [ 74.108584657679117, 14.784416603550099 ], [ 74.109809360662339, 14.79148728087781 ], [ 74.108090706273998, 14.793371185560034 ], [ 74.103993572725614, 14.792052115538207 ], [ 74.100512766414042, 14.799044767357929 ], [ 74.09488375194708, 14.800752679368225 ], [ 74.093926758511913, 14.802999885872204 ], [ 74.093759134658725, 14.807465812516257 ], [ 74.100850685608563, 14.809507283626697 ], [ 74.103445736694695, 14.809379063236213 ], [ 74.105087376833822, 14.806125089759448 ], [ 74.107599838471444, 14.807689346403606 ], [ 74.107164904883788, 14.8052377970699 ], [ 74.113675098729573, 14.804212933629044 ], [ 74.117193243411563, 14.801292528840737 ], [ 74.119770756554331, 14.801226686693013 ], [ 74.121997522998043, 14.803842413933623 ], [ 74.124748995944728, 14.804379110305829 ], [ 74.127826840672483, 14.813302121821957 ], [ 74.124626708122847, 14.835541147886827 ], [ 74.127088564671695, 14.839807396714825 ], [ 74.11569028827644, 14.844421227896762 ], [ 74.111949176631072, 14.848586127913299 ], [ 74.108165639836955, 14.86884274473751 ], [ 74.103659864847771, 14.876865733799633 ], [ 74.099717181622992, 14.880937632470664 ], [ 74.10116749439392, 14.887978082867768 ], [ 74.097626771327413, 14.898599256804721 ], [ 74.091175380040056, 14.900388193072633 ], [ 74.085509332552633, 14.898980496776035 ], [ 74.086455290225956, 14.901574877695301 ], [ 74.090389545763415, 14.903251146888381 ], [ 74.094310821191783, 14.910657481989469 ], [ 74.101688106881483, 14.915903960736715 ], [ 74.10831812843206, 14.91254641609833 ], [ 74.109030424422926, 14.91679937192694 ], [ 74.120620052361772, 14.917627046228406 ], [ 74.119966573030368, 14.919065609743015 ], [ 74.124834703084616, 14.925239589603772 ], [ 74.130101573181079, 14.924938656691696 ], [ 74.135414643648872, 14.920204646987834 ], [ 74.140228326726614, 14.923693957495747 ], [ 74.146456969518937, 14.918425235731201 ], [ 74.154309822310353, 14.917680297522748 ], [ 74.160455738350095, 14.913083122530056 ], [ 74.165125410513383, 14.919704466934892 ], [ 74.163056638284885, 14.925332772321552 ], [ 74.158246873983472, 14.930127344587458 ], [ 74.156299034168782, 14.938411204007254 ], [ 74.153747727728913, 14.94031712969622 ], [ 74.155501725123784, 14.942210510659702 ], [ 74.15431954208492, 14.94322079358556 ], [ 74.155100658794879, 14.946426559781102 ], [ 74.158578143132516, 14.949083379365744 ], [ 74.159377122115316, 14.9560042098027 ], [ 74.161342162732467, 14.955787459141263 ], [ 74.164221278955509, 14.958863328968988 ], [ 74.172667795650725, 14.957826776265719 ], [ 74.17505975116795, 14.959249382879403 ], [ 74.180738980570354, 14.957601225315335 ], [ 74.180966123625382, 14.950212454054549 ], [ 74.194885723505791, 14.942891813049021 ], [ 74.197024434219799, 14.938140028745821 ], [ 74.193863845716677, 14.932641362708491 ], [ 74.196977637993839, 14.929826367278361 ], [ 74.196328041502525, 14.928563788973877 ], [ 74.201559326625699, 14.925551052002435 ], [ 74.209112848957645, 14.937619425889098 ], [ 74.213454266560674, 14.940477930009385 ], [ 74.212599929005933, 14.944303813295631 ], [ 74.214884282174651, 14.949703082850219 ], [ 74.218957609172378, 14.945899389694242 ], [ 74.225627707362534, 14.950289668322261 ], [ 74.230600026810436, 14.949812071643187 ], [ 74.231441671212437, 14.958186079340045 ], [ 74.237890388556124, 14.965951407491465 ], [ 74.252501526930345, 14.959666517815142 ], [ 74.255251631404306, 14.970820529740038 ], [ 74.258679842952105, 14.970611402151194 ], [ 74.262140945412099, 14.976151001695602 ], [ 74.26648584737508, 14.978069840143666 ], [ 74.254689684854384, 14.989170767246868 ], [ 74.25581221407522, 14.99522378836712 ], [ 74.270092937963653, 14.998312978291088 ], [ 74.269147626168106, 15.000714958388096 ], [ 74.271343118175778, 15.00738962095312 ], [ 74.281358063437722, 15.020959223082775 ], [ 74.281850146740311, 15.030612191307251 ], [ 74.289893630709159, 15.038488696317025 ], [ 74.295049467619862, 15.040033856135897 ], [ 74.294577363240109, 15.048789572652035 ], [ 74.292511430071215, 15.049279650726648 ], [ 74.290367586414263, 15.053049099730647 ], [ 74.290269570942399, 15.064088215173184 ], [ 74.28412818020324, 15.065414666298862 ], [ 74.290791976857477, 15.066801034650398 ], [ 74.285238822178044, 15.06638365554746 ], [ 74.282142354134265, 15.069651701895825 ], [ 74.280877111137244, 15.068403486297511 ], [ 74.275566225342487, 15.095783263411986 ], [ 74.272726648208646, 15.097854995044425 ], [ 74.276398202739088, 15.105799530361818 ], [ 74.279913381822013, 15.105230016186761 ], [ 74.282555330481387, 15.106723552717687 ], [ 74.283918802330106, 15.119512827569627 ], [ 74.286458012843639, 15.122332982732265 ], [ 74.28541029934739, 15.128998689338033 ], [ 74.283597516826092, 15.131240812104336 ], [ 74.285773033294433, 15.134884149465014 ], [ 74.284573601989379, 15.143280298737464 ], [ 74.285863330457005, 15.149679523956317 ], [ 74.28960059258641, 15.150114153269227 ], [ 74.292340534217544, 15.148517244887877 ], [ 74.295631105111113, 15.151043341054105 ], [ 74.305480465896991, 15.163957799280777 ], [ 74.314593036213736, 15.180322611667103 ], [ 74.309990654831893, 15.205475469394857 ], [ 74.300304462484618, 15.216809945067817 ], [ 74.291370074903185, 15.234089937906278 ], [ 74.286770488621897, 15.232729881824309 ], [ 74.280743003550171, 15.236029099629645 ], [ 74.259687285577257, 15.241241144456245 ], [ 74.251933120828852, 15.250641963131843 ], [ 74.250612591092448, 15.259374279173914 ], [ 74.261184186506085, 15.260822634660293 ], [ 74.271685372588166, 15.281560031483666 ], [ 74.276420220491786, 15.283409732719505 ], [ 74.281960593574141, 15.280223977895917 ], [ 74.286939700096667, 15.283746583548117 ], [ 74.293067350290599, 15.284509223379867 ], [ 74.293980706190837, 15.289058951347997 ], [ 74.307759813048662, 15.283348193012353 ], [ 74.326088774330117, 15.283815291044547 ], [ 74.335288673181438, 15.295437992570623 ], [ 74.320828061737998, 15.314344169124997 ], [ 74.316916801334884, 15.329812437050466 ], [ 74.317277695479106, 15.334762938326744 ], [ 74.321967260536297, 15.343520992276584 ], [ 74.318442068324686, 15.357624140747937 ], [ 74.313980325544463, 15.360394218726604 ], [ 74.314696151651802, 15.364135224714627 ], [ 74.32125671493506, 15.368488599988968 ], [ 74.314784066513965, 15.366731458982075 ], [ 74.309273167021516, 15.370079280394659 ] ] ], [ [ [ 74.139085345772912, 14.763117990926125 ], [ 74.14561108281022, 14.763094739119175 ], [ 74.146297257124445, 14.760175150635595 ], [ 74.143249788699976, 14.758307648588394 ], [ 74.138439751845155, 14.76086284767101 ], [ 74.139085345772912, 14.763117990926125 ] ] ], [ [ [ 74.110092971261409, 14.845772616159817 ], [ 74.113050447303465, 14.8423367692201 ], [ 74.107283762577367, 14.843468375495535 ], [ 74.110092971261409, 14.845772616159817 ] ] ], [ [ [ 74.114317519599069, 14.844970318262638 ], [ 74.1153953938082, 14.843614862321154 ], [ 74.114330130662765, 14.84326289525653 ], [ 74.114317519599069, 14.844970318262638 ] ] ], [ [ [ 74.099964261496297, 14.876874033899796 ], [ 74.101758879905844, 14.87829914661404 ], [ 74.101929641095325, 14.878125933858131 ], [ 74.101629499869645, 14.876408811851643 ], [ 74.099964261496297, 14.876874033899796 ] ] ] ] } },
{ "type": "Feature", "properties": { "DISTRICT": "Vijayanagara" }, "geometry": { "type": "Polygon", "coordinates": [ [ [ 76.659151072812023, 14.765644301845905 ], [ 76.6575618371442, 14.764715334738616 ], [ 76.655191398514589, 14.756894689825575 ], [ 76.65077156514397, 14.757408991926717 ], [ 76.648746617247951, 14.755442012514019 ], [ 76.650772994631254, 14.751852094671847 ], [ 76.649681399611794, 14.747608626575699 ], [ 76.651113766778579, 14.744696904367693 ], [ 76.649393322003888, 14.73978681126265 ], [ 76.651031676590634, 14.736553434848309 ], [ 76.646930960602006, 14.730222857628091 ], [ 76.650233102212539, 14.728232453985903 ], [ 76.651041691194308, 14.725667163201692 ], [ 76.645362791404906, 14.717571779051143 ], [ 76.644600053651388, 14.713067066074609 ], [ 76.637050544034267, 14.710005227917557 ], [ 76.635572061036058, 14.703305447017764 ], [ 76.630753968573217, 14.70287919355065 ], [ 76.629050612297277, 14.700412756962516 ], [ 76.624008758732941, 14.701730492228062 ], [ 76.617013989853902, 14.694478198469954 ], [ 76.616983414622922, 14.692062240514961 ], [ 76.607925004772667, 14.686988688012036 ], [ 76.610453851180807, 14.678548280828442 ], [ 76.61056889828636, 14.668481288611355 ], [ 76.598227293515848, 14.669867356523122 ], [ 76.596225120239993, 14.65992430179678 ], [ 76.599212088495022, 14.656020841645171 ], [ 76.597576478599521, 14.653786137798244 ], [ 76.612424716833374, 14.648360758290814 ], [ 76.603817038790964, 14.634570159309281 ], [ 76.598060247155061, 14.632085765194521 ], [ 76.600721573789883, 14.620879471333529 ], [ 76.585705267183855, 14.618182513638065 ], [ 76.581477456397877, 14.611901318070114 ], [ 76.576832626841934, 14.608901888050621 ], [ 76.576370512765862, 14.604680372368302 ], [ 76.573687688221995, 14.601961379822017 ], [ 76.573621933821272, 14.598126023809387 ], [ 76.56794681349578, 14.590403156814194 ], [ 76.567088521142978, 14.58670266878927 ], [ 76.558323819854493, 14.583709734244307 ], [ 76.550133313731351, 14.578338349480406 ], [ 76.549670789467413, 14.572782770333641 ], [ 76.544934677025211, 14.571869966110894 ], [ 76.541463976867632, 14.566042691455671 ], [ 76.53518673175536, 14.565592439357035 ], [ 76.535041747700376, 14.561468527622472 ], [ 76.532828923007045, 14.562612963109649 ], [ 76.52993275128344, 14.561075582522479 ], [ 76.528548292466994, 14.562356321767249 ], [ 76.518355855120745, 14.56246265376908 ], [ 76.510346631675887, 14.56044712537204 ], [ 76.505327272274812, 14.565665657931582 ], [ 76.464393798497667, 14.573848425506506 ], [ 76.461741886851144, 14.576501464667249 ], [ 76.441312369688092, 14.580368215110402 ], [ 76.423703798319579, 14.580920131889819 ], [ 76.425421065563029, 14.58806398066355 ], [ 76.42755938178702, 14.587833428252273 ], [ 76.429799241169576, 14.59359336080696 ], [ 76.432940754730723, 14.617969638138579 ], [ 76.421386717955301, 14.62471523021909 ], [ 76.417016458918894, 14.622396502944838 ], [ 76.402801988502546, 14.623760738060266 ], [ 76.401215256424294, 14.627492938365174 ], [ 76.393654295723479, 14.626765364556638 ], [ 76.390178007814455, 14.648276801015593 ], [ 76.37507815399411, 14.646318143446026 ], [ 76.375536890824492, 14.655264021829062 ], [ 76.379719383384511, 14.661991667281162 ], [ 76.373719523342814, 14.663869917037557 ], [ 76.342841584820889, 14.665724132082314 ], [ 76.337859343708601, 14.685923014956648 ], [ 76.334039836599928, 14.688223203454324 ], [ 76.319237485069877, 14.692609179889043 ], [ 76.314746137821089, 14.692046228516258 ], [ 76.311896668401047, 14.687316062835734 ], [ 76.301286528551003, 14.689913565720317 ], [ 76.290368406536558, 14.68550537982777 ], [ 76.279425834518676, 14.685051580045133 ], [ 76.27339515696849, 14.688238562787555 ], [ 76.271941030317791, 14.695748420783767 ], [ 76.257664589136098, 14.69624433618768 ], [ 76.256839303912372, 14.700989806347765 ], [ 76.24989996485661, 14.698584716278589 ], [ 76.246261341423647, 14.69392480065261 ], [ 76.23944617138541, 14.679031966829584 ], [ 76.23244680973211, 14.652156727814342 ], [ 76.230472361093845, 14.649235408523978 ], [ 76.220766171091356, 14.657679970626186 ], [ 76.205071440423282, 14.677222138060014 ], [ 76.19347058476103, 14.681440055233407 ], [ 76.193591430948914, 14.697746523471569 ], [ 76.18245226490717, 14.699514380821928 ], [ 76.175026235599844, 14.702987237414142 ], [ 76.167100019954773, 14.700787518447193 ], [ 76.160954782188895, 14.703206675058727 ], [ 76.161199174583615, 14.700830735754426 ], [ 76.157305984671552, 14.701478049981926 ], [ 76.156903214989143, 14.704257825102493 ], [ 76.145449792484001, 14.705234419887985 ], [ 76.1395767178646, 14.700631759674353 ], [ 76.139475147215848, 14.698633556630201 ], [ 76.137704133726871, 14.700235422244271 ], [ 76.140413079158009, 14.702927837491417 ], [ 76.129377012298491, 14.699442467231627 ], [ 76.127312232722417, 14.701273323465776 ], [ 76.121188142403483, 14.699855019327204 ], [ 76.114603818114873, 14.694971188943811 ], [ 76.113653980503273, 14.690017229720473 ], [ 76.109479658795522, 14.686488681165335 ], [ 76.113919760767516, 14.683024525609504 ], [ 76.1085889746155, 14.671250483121741 ], [ 76.108003864895906, 14.659863518529074 ], [ 76.114511479946344, 14.659259734967675 ], [ 76.112696023798009, 14.658237052369575 ], [ 76.119146591725382, 14.656460144434167 ], [ 76.11878197196917, 14.652978954766775 ], [ 76.122765072117033, 14.65213840388475 ], [ 76.122697040374604, 14.650436961743353 ], [ 76.129437492112103, 14.649382136080215 ], [ 76.129550217264949, 14.636844883957741 ], [ 76.131160772128979, 14.630402413332064 ], [ 76.142323729446971, 14.628031391231858 ], [ 76.141273290920083, 14.625843115028616 ], [ 76.144529297845125, 14.62464870155042 ], [ 76.146089335524934, 14.614904812399235 ], [ 76.14012710632899, 14.614283722599366 ], [ 76.139407578534232, 14.605330109443843 ], [ 76.141239493543722, 14.602035855863495 ], [ 76.139252471276777, 14.601952842231434 ], [ 76.139121481475073, 14.599129139798269 ], [ 76.131288750781977, 14.594436492030026 ], [ 76.131513854934568, 14.585537284991341 ], [ 76.128986183794595, 14.583446987703832 ], [ 76.127430863705754, 14.575619449248407 ], [ 76.115264517405663, 14.568069387032754 ], [ 76.114374586414499, 14.561895267641221 ], [ 76.120172443765426, 14.562427525653778 ], [ 76.123848029752978, 14.559529326669542 ], [ 76.129320171159364, 14.549911945486352 ], [ 76.130492416667096, 14.543436149675692 ], [ 76.133611599720652, 14.540153274980879 ], [ 76.130075003017311, 14.538367170728577 ], [ 76.128494564330524, 14.535536190289234 ], [ 76.128392113749072, 14.53353548428669 ], [ 76.130482126524583, 14.532241787788022 ], [ 76.128427066323638, 14.529176344961458 ], [ 76.128805753143681, 14.527048288614212 ], [ 76.097165006847931, 14.523574624406791 ], [ 76.088267685845494, 14.518142579255937 ], [ 76.088319233212474, 14.515182161630966 ], [ 76.066937324216966, 14.511191944700293 ], [ 76.05273100136715, 14.505451568045002 ], [ 76.051149610360739, 14.512762783410343 ], [ 76.048890576394612, 14.514472590696645 ], [ 76.03797456026318, 14.519116307367323 ], [ 76.03708450769193, 14.521186759032471 ], [ 76.029612821465733, 14.52138450464968 ], [ 76.027680965856959, 14.524384016542918 ], [ 76.025835540799335, 14.522626665096551 ], [ 76.018931459917923, 14.522458561741036 ], [ 76.006108006529317, 14.517622202569425 ], [ 75.966094237412733, 14.519840931744204 ], [ 75.946845910077712, 14.523769939543412 ], [ 75.947857499881081, 14.527488036315503 ], [ 75.944728166611185, 14.532553644399689 ], [ 75.944568917100469, 14.540703938660128 ], [ 75.94185984188006, 14.542031252586284 ], [ 75.942091501930122, 14.551779758092318 ], [ 75.939334504030526, 14.560427936734014 ], [ 75.92463123903967, 14.561904114387717 ], [ 75.920674788831747, 14.564240603619472 ], [ 75.910241020725678, 14.562923624073186 ], [ 75.911035445379355, 14.571197585781251 ], [ 75.908785666513083, 14.574223454422272 ], [ 75.906431748366018, 14.57329774731369 ], [ 75.894359243553509, 14.579026793408143 ], [ 75.884669829249361, 14.589699239158941 ], [ 75.873539709425742, 14.593627219494044 ], [ 75.868343709826433, 14.593725989826218 ], [ 75.866114205685747, 14.616151309997402 ], [ 75.863507452465157, 14.613655943551176 ], [ 75.86190570731172, 14.614956527459224 ], [ 75.85991901135246, 14.613896913772923 ], [ 75.858096471597449, 14.608254707709222 ], [ 75.854755939161336, 14.607216547553987 ], [ 75.851518266157939, 14.609081262393188 ], [ 75.847833771294049, 14.608652998067962 ], [ 75.841732615965739, 14.60457747047313 ], [ 75.838125460652236, 14.608296850370111 ], [ 75.835838955082437, 14.606886509323996 ], [ 75.83219052351339, 14.607280347293345 ], [ 75.829845881181129, 14.612847780107757 ], [ 75.836510305632373, 14.62733684077595 ], [ 75.835721802145954, 14.633702782896833 ], [ 75.833695280030355, 14.635936390400557 ], [ 75.823074970626948, 14.631766655332477 ], [ 75.820528969667521, 14.632150055689365 ], [ 75.820315781897975, 14.634104174177027 ], [ 75.817078437760529, 14.636303525494885 ], [ 75.811767842776547, 14.636009809455786 ], [ 75.811307590315479, 14.654467033869226 ], [ 75.799417961080124, 14.666541607417225 ], [ 75.800583240867525, 14.677963552274948 ], [ 75.798897250878596, 14.681911509621468 ], [ 75.789219325268462, 14.68275305521021 ], [ 75.786134379898812, 14.680854232349594 ], [ 75.781956354220711, 14.680769322182543 ], [ 75.776531310602493, 14.676194901467493 ], [ 75.763287992436716, 14.675380958502167 ], [ 75.741539338961232, 14.68461544948657 ], [ 75.738864948920664, 14.690714057237184 ], [ 75.741302406565964, 14.700085431728604 ], [ 75.75543913006635, 14.7157323231215 ], [ 75.763911745489011, 14.721605913560385 ], [ 75.764330824268995, 14.729987119632595 ], [ 75.760006970490053, 14.737706144983658 ], [ 75.75540107487673, 14.739602991880554 ], [ 75.746085373880774, 14.732934634655004 ], [ 75.731027144311923, 14.727943713683576 ], [ 75.715696322386336, 14.718772517069358 ], [ 75.704290921660103, 14.723948787699976 ], [ 75.702055389520822, 14.728117763746809 ], [ 75.702708574894032, 14.732143513980496 ], [ 75.719815985125251, 14.74984156301956 ], [ 75.721939658819366, 14.754301021131827 ], [ 75.723223559828753, 14.770587342006355 ], [ 75.719613188898649, 14.775771825324592 ], [ 75.710921019590018, 14.78123099578352 ], [ 75.691772610126677, 14.783166176812584 ], [ 75.6828337589547, 14.79460594859105 ], [ 75.678309059014978, 14.798060066339461 ], [ 75.668780620541099, 14.798954110587909 ], [ 75.663613822407811, 14.803276626470195 ], [ 75.677552555648418, 14.836427285772229 ], [ 75.690570885913388, 14.856781613368936 ], [ 75.693630282962886, 14.859067175831907 ], [ 75.695200552946929, 14.85251367693226 ], [ 75.701654627322426, 14.852554318713343 ], [ 75.702401594690301, 14.854075541400661 ], [ 75.711909846070924, 14.852429605642294 ], [ 75.721576638641281, 14.861499518863951 ], [ 75.72239581804584, 14.864132842690886 ], [ 75.732376880839922, 14.863687549879398 ], [ 75.734273326803745, 14.882922895158886 ], [ 75.739179832426515, 14.88706768122228 ], [ 75.733007651664153, 14.892175521869625 ], [ 75.727770552264445, 14.894059543791506 ], [ 75.727808355978524, 14.89726345571324 ], [ 75.696744298168042, 14.891334606338184 ], [ 75.684003095133676, 14.925094704679294 ], [ 75.683238291348616, 14.93918221740137 ], [ 75.691340865122058, 14.944686729264108 ], [ 75.717338612072382, 14.950757871244875 ], [ 75.725994988779448, 14.949152507477205 ], [ 75.737172921769258, 14.943504272676433 ], [ 75.741198142041199, 14.944674660398913 ], [ 75.754692688915497, 14.95684490566318 ], [ 75.761197213831423, 14.96676471097518 ], [ 75.778943644278982, 14.976988193390834 ], [ 75.780300487084659, 14.982469973967044 ], [ 75.779652034993134, 14.98824550029298 ], [ 75.783780054974471, 14.999502354744733 ], [ 75.788536368086554, 15.006392436977194 ], [ 75.799655458134737, 15.013765144386337 ], [ 75.807414048986928, 15.024364394513189 ], [ 75.810131364129575, 15.025504091326439 ], [ 75.809095257517271, 15.026297254301722 ], [ 75.816142834711329, 15.02808210742524 ], [ 75.830776696128282, 15.028134204403617 ], [ 75.834612419753228, 15.031150732335973 ], [ 75.837128125930803, 15.039916214512759 ], [ 75.847685782326622, 15.044622685749751 ], [ 75.851144570225159, 15.043735333864221 ], [ 75.854171719620837, 15.039259160934371 ], [ 75.858362777672312, 15.036568348077109 ], [ 75.87216552331617, 15.034937066760595 ], [ 75.877705102989452, 15.039356937872833 ], [ 75.88407171241515, 15.052818831830217 ], [ 75.90392125964263, 15.055971544800684 ], [ 75.906321380376554, 15.058681591203902 ], [ 75.909494985841476, 15.073284325650699 ], [ 75.908273928527734, 15.079076077844309 ], [ 75.888553636614418, 15.095536806876005 ], [ 75.885858992819337, 15.099352296898113 ], [ 75.884931481324841, 15.10413049402338 ], [ 75.887433675880246, 15.110521541667451 ], [ 75.892884741627554, 15.115556199475137 ], [ 75.89787071319958, 15.117782788929308 ], [ 75.902105093187004, 15.125840650351028 ], [ 75.902204330058581, 15.130411486635916 ], [ 75.910702114152258, 15.135304444333103 ], [ 75.91535794783843, 15.135216443429078 ], [ 75.928253634742873, 15.140623677169215 ], [ 75.936032616949333, 15.140062500868872 ], [ 75.945851412979692, 15.13679929174477 ], [ 75.959823008053661, 15.139009170231228 ], [ 75.967292184030399, 15.14296206912095 ], [ 75.975385299702324, 15.150416942579497 ], [ 75.980351469083729, 15.151498103992299 ], [ 75.985881667546749, 15.151001672756438 ], [ 75.997717067527432, 15.145546989183611 ], [ 76.006597346108052, 15.148537770728307 ], [ 76.024769480654314, 15.143178227624395 ], [ 76.041173948577423, 15.144071353765954 ], [ 76.050062085642793, 15.150023659139489 ], [ 76.056372764472627, 15.157026534559815 ], [ 76.082429509028728, 15.158903710119285 ], [ 76.0949287403906, 15.163017657782378 ], [ 76.102441982250838, 15.168674768932792 ], [ 76.105064022852773, 15.174153633268928 ], [ 76.108493918517908, 15.192558705456504 ], [ 76.11398488306935, 15.199788436438373 ], [ 76.122911126717241, 15.203185835833054 ], [ 76.127580974062965, 15.20333689331137 ], [ 76.150850025757236, 15.196294512023451 ], [ 76.15714266516234, 15.197252453146051 ], [ 76.160420597358993, 15.200897294341669 ], [ 76.157463563491419, 15.210366315351216 ], [ 76.158313994061643, 15.212890675314641 ], [ 76.173989412887451, 15.226893254064636 ], [ 76.18824853424006, 15.235570088549084 ], [ 76.202249700719705, 15.233014663545301 ], [ 76.226201397571117, 15.232576114941342 ], [ 76.230465556488426, 15.231236523953353 ], [ 76.232210312929936, 15.226848971638713 ], [ 76.21846084534701, 15.203031922294972 ], [ 76.218886761331532, 15.197502439263987 ], [ 76.230976568157871, 15.188612929927382 ], [ 76.246163151874484, 15.189943455917511 ], [ 76.254144779252485, 15.196127974741861 ], [ 76.257822612823603, 15.206098171959471 ], [ 76.261253103855481, 15.206884701471823 ], [ 76.265753603915044, 15.205465833824386 ], [ 76.269468334992425, 15.207158790817818 ], [ 76.278793825807284, 15.220460840215766 ], [ 76.30708733295053, 15.239721527676428 ], [ 76.327395286579105, 15.263690478931439 ], [ 76.333406086945459, 15.264844714505136 ], [ 76.343765160678956, 15.273114154142846 ], [ 76.345251648774493, 15.278847234844132 ], [ 76.344911936736821, 15.289876224507015 ], [ 76.346815008552568, 15.296439490931874 ], [ 76.349998226076991, 15.299219126866779 ], [ 76.350759275487334, 15.309135847502843 ], [ 76.353437477756032, 15.314911455615611 ], [ 76.361161413387961, 15.32412174823855 ], [ 76.370406937022182, 15.325213499125484 ], [ 76.379504239387103, 15.329358558877981 ], [ 76.379529998842102, 15.331703404998418 ], [ 76.38843567889387, 15.331092822592696 ], [ 76.398321244619325, 15.326805230366606 ], [ 76.405264601877832, 15.326333379170721 ], [ 76.42222157537968, 15.334232937074461 ], [ 76.442051244263268, 15.338940770274244 ], [ 76.467435234639879, 15.336960683443833 ], [ 76.477093621645039, 15.348448225268378 ], [ 76.490071433708763, 15.344167080227296 ], [ 76.4961939588772, 15.347280772824327 ], [ 76.498160412678246, 15.350725901744847 ], [ 76.505892977130856, 15.353844023087918 ], [ 76.508332761549681, 15.357422291215272 ], [ 76.521757083754039, 15.366559329491658 ], [ 76.523502169469012, 15.370141504104303 ], [ 76.539169229967982, 15.379122155360815 ], [ 76.540603918106257, 15.381297275242385 ], [ 76.546797362240468, 15.375459250495735 ], [ 76.553194148974185, 15.373266001014764 ], [ 76.557942647924477, 15.36703411967407 ], [ 76.556414042887596, 15.36633566753131 ], [ 76.555766681902497, 15.35952366839874 ], [ 76.551437321151127, 15.351727478334686 ], [ 76.552158262207101, 15.349354160476373 ], [ 76.562188406802548, 15.34866825950124 ], [ 76.562357710349801, 15.346554449572501 ], [ 76.568521945482317, 15.345670054791201 ], [ 76.572528189238639, 15.347777797919322 ], [ 76.575238692613098, 15.345158423882953 ], [ 76.575713015458561, 15.347805043544767 ], [ 76.578342121574295, 15.345780768422348 ], [ 76.578139287696516, 15.343268587576036 ], [ 76.58031322823166, 15.34251889678438 ], [ 76.579204050938955, 15.338040502371516 ], [ 76.584436158481196, 15.336164146795316 ], [ 76.586093287602495, 15.332987891902214 ], [ 76.582260140246291, 15.333745814385511 ], [ 76.585196418500018, 15.332250012590784 ], [ 76.590082952123254, 15.325896989297995 ], [ 76.593577262927866, 15.324330901358909 ], [ 76.592097501502252, 15.319195105790925 ], [ 76.589305604395179, 15.318632271935622 ], [ 76.58075786262809, 15.311081252176125 ], [ 76.583022891299208, 15.3094951558336 ], [ 76.58586645393315, 15.311427926287996 ], [ 76.591039375456546, 15.309556529756373 ], [ 76.590671218157382, 15.312111914998278 ], [ 76.594400470441315, 15.309768963438906 ], [ 76.59548762481721, 15.311193379367856 ], [ 76.610880736984313, 15.314909520575647 ], [ 76.613509144565398, 15.317393450456615 ], [ 76.617344690724153, 15.315344749387155 ], [ 76.619246503797541, 15.306542446269651 ], [ 76.617926394954637, 15.302890634929643 ], [ 76.613856291783648, 15.303035536540794 ], [ 76.610047668736541, 15.306470615427415 ], [ 76.605867199442514, 15.306416239918429 ], [ 76.605507372627443, 15.305316031287658 ], [ 76.608518026270858, 15.304689553986623 ], [ 76.607238501018017, 15.301059109964008 ], [ 76.591723627365866, 15.299966666227082 ], [ 76.587758459471488, 15.301077475509736 ], [ 76.586836835203059, 15.296621828077665 ], [ 76.582576231434771, 15.293904094534909 ], [ 76.582213833572084, 15.291290155492705 ], [ 76.585292245369345, 15.288017836177698 ], [ 76.600674534646856, 15.284521893570131 ], [ 76.600960876811442, 15.279409298949004 ], [ 76.598687052819571, 15.278615249267787 ], [ 76.592408608245805, 15.270739268284377 ], [ 76.590118931523051, 15.265006321953988 ], [ 76.582780493166482, 15.256882819976335 ], [ 76.586462701039721, 15.259295337182678 ], [ 76.590761592032408, 15.258708432659503 ], [ 76.606986141131259, 15.271761767231872 ], [ 76.61001916153981, 15.280013265392954 ], [ 76.611829812301153, 15.280052366770134 ], [ 76.615783529546718, 15.284895179101202 ], [ 76.618125292688333, 15.284027551779102 ], [ 76.615169404852594, 15.283463714007953 ], [ 76.616202258187357, 15.282456355198082 ], [ 76.614665904397555, 15.281578267855107 ], [ 76.615186437463805, 15.280221100084368 ], [ 76.626914214638617, 15.284094364083186 ], [ 76.634141760689971, 15.277749692036396 ], [ 76.634982028183458, 15.273289290528515 ], [ 76.654747798177723, 15.274082065136259 ], [ 76.656606057227108, 15.262837006345752 ], [ 76.651147485664652, 15.260329794367388 ], [ 76.643097908591159, 15.26134542848826 ], [ 76.641137235285456, 15.26323285205758 ], [ 76.631624427266146, 15.260350341361042 ], [ 76.632259182710413, 15.251768169139432 ], [ 76.634900180682152, 15.252609268545259 ], [ 76.641959515213429, 15.246745192706873 ], [ 76.641959200734547, 15.239123094888932 ], [ 76.638869271406008, 15.234690775424609 ], [ 76.628522922750662, 15.229951952358725 ], [ 76.615079015969258, 15.200186261584827 ], [ 76.604868912929405, 15.198945672886158 ], [ 76.603512757467954, 15.19509175306364 ], [ 76.573462924400701, 15.192866602939668 ], [ 76.574043452634243, 15.187401787587206 ], [ 76.576722961227176, 15.185876504008286 ], [ 76.56371231531358, 15.186973455259988 ], [ 76.564424553437249, 15.190939329818335 ], [ 76.563006844433616, 15.192689983650839 ], [ 76.556053526205076, 15.187536605326247 ], [ 76.551223738403891, 15.18811503715791 ], [ 76.543639032967377, 15.191783622329982 ], [ 76.538958732223108, 15.186664860956276 ], [ 76.533555081364739, 15.188722866727508 ], [ 76.52933376565349, 15.182944752210219 ], [ 76.52572969096282, 15.182909129724665 ], [ 76.524351535528567, 15.180817894970009 ], [ 76.517244236898478, 15.182534761461667 ], [ 76.494247624572253, 15.169088581654613 ], [ 76.477008231011752, 15.186972869645407 ], [ 76.453346142986277, 15.202281509537313 ], [ 76.457770382563098, 15.208230100902892 ], [ 76.458457593818892, 15.216834849120541 ], [ 76.449066264860647, 15.219361259898024 ], [ 76.432679705370504, 15.23223631406545 ], [ 76.427501997438284, 15.226632354777532 ], [ 76.422560786746104, 15.22471718824551 ], [ 76.415639914110002, 15.230987758737786 ], [ 76.407652298983734, 15.234426789707573 ], [ 76.401316581438067, 15.22950447774023 ], [ 76.400708807709123, 15.228546512251256 ], [ 76.404313199396725, 15.22431126346399 ], [ 76.406205100387282, 15.223891669470984 ], [ 76.408753422375156, 15.226871103051735 ], [ 76.40702543039346, 15.223249004480413 ], [ 76.408783774443094, 15.221662732525914 ], [ 76.410974702713261, 15.222842866841315 ], [ 76.410863862537084, 15.220948714514268 ], [ 76.413947331120028, 15.217539936727846 ], [ 76.420441024941908, 15.218191793186476 ], [ 76.418570692073885, 15.215392058047737 ], [ 76.424416343200434, 15.210873099857505 ], [ 76.42253876555985, 15.209607629500054 ], [ 76.423198574462944, 15.207349742502064 ], [ 76.420290878506435, 15.206539134700867 ], [ 76.409367774044142, 15.194141097720822 ], [ 76.396170515819691, 15.193603053488005 ], [ 76.401634805103711, 15.183423664769071 ], [ 76.413305743072655, 15.174162164625775 ], [ 76.417658206526667, 15.165872222598745 ], [ 76.407354566763061, 15.163622918120018 ], [ 76.404976067941178, 15.15991783972968 ], [ 76.407235171290395, 15.154908651678236 ], [ 76.411635043952103, 15.153498614818622 ], [ 76.409112936596102, 15.15095311385233 ], [ 76.412065258432222, 15.142429624587802 ], [ 76.417866911427595, 15.140246862433408 ], [ 76.419804772899838, 15.141844074361471 ], [ 76.423276499024226, 15.137839720339757 ], [ 76.420673703975567, 15.134498046692435 ], [ 76.415741550270383, 15.135532144849007 ], [ 76.413747017562272, 15.132395988978779 ], [ 76.398138784943313, 15.12754610988828 ], [ 76.397547471092622, 15.125963565182632 ], [ 76.403915887084011, 15.123307746225317 ], [ 76.408117016602674, 15.123304313226603 ], [ 76.412093927930272, 15.120571855257731 ], [ 76.417330527114174, 15.121171571541288 ], [ 76.420107533326913, 15.118215047221499 ], [ 76.436100847640574, 15.124498936540459 ], [ 76.441037770658937, 15.122325083206205 ], [ 76.441798191319108, 15.116192014313578 ], [ 76.439887777740921, 15.111324711456026 ], [ 76.435238718362811, 15.107714205841839 ], [ 76.439297914681276, 15.105146235875059 ], [ 76.439262806274925, 15.107325049853674 ], [ 76.442829071071031, 15.107931371660747 ], [ 76.442871850834123, 15.110921461312232 ], [ 76.446880519269456, 15.106684588145351 ], [ 76.444248201332144, 15.101085521076977 ], [ 76.449685467781066, 15.093372164659399 ], [ 76.449280698133578, 15.086749900904579 ], [ 76.472838937544552, 15.057491137363593 ], [ 76.47106401748357, 15.051654067683501 ], [ 76.474219140207296, 15.049625014009095 ], [ 76.471335115869593, 15.048277502600133 ], [ 76.474685424235673, 15.042038460071709 ], [ 76.464392443562787, 15.048026046903056 ], [ 76.461673512808318, 15.042224242361392 ], [ 76.452071793077053, 15.038344893233358 ], [ 76.439378967822606, 15.039981276909629 ], [ 76.42302420523545, 15.044931159019322 ], [ 76.414425360459859, 15.054632658333823 ], [ 76.411049313056083, 15.060788755591114 ], [ 76.393594645151595, 15.063519041664401 ], [ 76.393721882274917, 15.052870490935117 ], [ 76.399367892764019, 15.047610173253279 ], [ 76.402203172097757, 15.03802507305323 ], [ 76.404412250793698, 15.038220450596929 ], [ 76.406002268075696, 15.029724284145033 ], [ 76.39792559371709, 15.023389673942919 ], [ 76.393186189952345, 15.021819600149485 ], [ 76.379275369830353, 15.023144109107522 ], [ 76.377228473904324, 15.021599460766721 ], [ 76.37953425321507, 15.018888591285327 ], [ 76.377644099910768, 15.005917387266276 ], [ 76.375462572280995, 15.005377998037766 ], [ 76.372067266458686, 14.996681354381879 ], [ 76.361169655224757, 14.995581518525983 ], [ 76.364662474733493, 14.991050074269161 ], [ 76.361269577564642, 14.986020524144143 ], [ 76.376735957094581, 14.983656303401363 ], [ 76.374655702347127, 14.966963767515518 ], [ 76.375169882796911, 14.957138610667959 ], [ 76.380687622715698, 14.958394572113249 ], [ 76.391936668565009, 14.955776006980017 ], [ 76.394074620894841, 14.957452904270342 ], [ 76.39425909057222, 14.954729924359603 ], [ 76.396356812732435, 14.955523758538357 ], [ 76.399942673187667, 14.954446895016455 ], [ 76.400537807245144, 14.952540249676339 ], [ 76.407033229598426, 14.952071275430308 ], [ 76.405931942497858, 14.945567978518877 ], [ 76.403608647230783, 14.944314316733836 ], [ 76.403951431422442, 14.938377547046949 ], [ 76.402545744937726, 14.934917298025482 ], [ 76.398192279913005, 14.932917012228646 ], [ 76.407545201129579, 14.934595225888517 ], [ 76.412509351290936, 14.932039782799263 ], [ 76.426971210275966, 14.931079599457361 ], [ 76.432022680962575, 14.93702019760077 ], [ 76.435201884559163, 14.937087396162728 ], [ 76.442040550608823, 14.931146953360683 ], [ 76.451975129476708, 14.928508638321851 ], [ 76.453211423902999, 14.926868189998425 ], [ 76.457004122519322, 14.927141009721529 ], [ 76.462774658830895, 14.924898341181935 ], [ 76.470617948040768, 14.927405779807058 ], [ 76.469055144120702, 14.925030583295527 ], [ 76.462006126671142, 14.923160280536557 ], [ 76.455011736250825, 14.917390456798119 ], [ 76.452506519207617, 14.912257741771731 ], [ 76.455085955138387, 14.904646891290231 ], [ 76.457842232829094, 14.902006861127544 ], [ 76.4603758436878, 14.892400604451153 ], [ 76.457883328049462, 14.883182080805019 ], [ 76.463760384530843, 14.881970651044128 ], [ 76.465650665464423, 14.875606179687713 ], [ 76.472616860185568, 14.882739514671622 ], [ 76.477931003048937, 14.88248052974585 ], [ 76.474767011361976, 14.87161279838929 ], [ 76.476613139958985, 14.865519426580798 ], [ 76.481381456297498, 14.85904243179186 ], [ 76.487452430041202, 14.861010885461258 ], [ 76.494789926845925, 14.859778351405957 ], [ 76.49494865494394, 14.861682155384791 ], [ 76.497380446930066, 14.861640492244147 ], [ 76.499073376523839, 14.86513535767863 ], [ 76.498318428311862, 14.868820873757075 ], [ 76.509241509122333, 14.86941801823151 ], [ 76.517024690994177, 14.871847672040563 ], [ 76.521920605423432, 14.869103909590047 ], [ 76.533759422920255, 14.870936046066596 ], [ 76.529769374893519, 14.874655650225066 ], [ 76.538739923811818, 14.876139663954673 ], [ 76.541955583909314, 14.881300594943211 ], [ 76.56544179342842, 14.880159443230911 ], [ 76.568928709650862, 14.873699811680234 ], [ 76.569810263353432, 14.867621469757474 ], [ 76.577999211635969, 14.861316449412518 ], [ 76.586031256932813, 14.859234434893928 ], [ 76.592301480222744, 14.865168065393613 ], [ 76.594325063194447, 14.881626512857952 ], [ 76.608285210444848, 14.881278711937828 ], [ 76.619068925650495, 14.884824611552478 ], [ 76.632570537479239, 14.883126039341445 ], [ 76.632868773198453, 14.891896209850813 ], [ 76.635142403954717, 14.892210205766087 ], [ 76.635846295694989, 14.894398937589004 ], [ 76.646223897550698, 14.894442232020138 ], [ 76.648546234283231, 14.896538864695794 ], [ 76.660459836292659, 14.895293719839623 ], [ 76.665988649546591, 14.896245711607826 ], [ 76.666531417217541, 14.894544568317642 ], [ 76.675686331243156, 14.896167631707762 ], [ 76.677581217217849, 14.894682191673324 ], [ 76.677667978479278, 14.887760635510251 ], [ 76.698999468084295, 14.888723619457032 ], [ 76.713602262100864, 14.864847096712847 ], [ 76.714908513260937, 14.85334834264348 ], [ 76.711802085380185, 14.837447899199159 ], [ 76.720841282037568, 14.831813842049899 ], [ 76.740388097296034, 14.825636408809562 ], [ 76.74141168444288, 14.821614989678931 ], [ 76.740030449852867, 14.815229078240229 ], [ 76.734944045644141, 14.815527151527794 ], [ 76.734626766808702, 14.813205888796006 ], [ 76.718299515078257, 14.817757916309832 ], [ 76.705174383920834, 14.817497739535273 ], [ 76.682234203860062, 14.808139918060515 ], [ 76.674714155522565, 14.792687915004839 ], [ 76.668337961317107, 14.791483609712079 ], [ 76.673623822941124, 14.787840495035946 ], [ 76.669566364480971, 14.786666119756275 ], [ 76.666278532635104, 14.779898322423445 ], [ 76.667020248039421, 14.775101389385499 ], [ 76.659724768537046, 14.77162324073244 ], [ 76.659151072812023, 14.765644301845905 ] ], [ [ 76.57214880448791, 15.335304434539756 ], [ 76.571090378516189, 15.335879366645413 ], [ 76.569375841170114, 15.334779764472879 ], [ 76.569488846356961, 15.334541946785242 ], [ 76.57214880448791, 15.335304434539756 ] ], [ [ 76.564176813499543, 15.330441310647723 ], [ 76.564332466879506, 15.333120997296392 ], [ 76.563157367701393, 15.333504596748746 ], [ 76.562823960274457, 15.33100212698638 ], [ 76.564176813499543, 15.330441310647723 ] ], [ [ 76.568687536838723, 15.332915157716664 ], [ 76.566138528695546, 15.33071328802494 ], [ 76.566185738932191, 15.330136795390429 ], [ 76.568095699447312, 15.329904797352022 ], [ 76.568687536838723, 15.332915157716664 ] ] ] } },
{ "type": "Feature", "properties": { "DISTRICT": "Vijayapura" }, "geometry": { "type": "Polygon", "coordinates": [ [ [ 75.686637811281358, 16.415704728931686 ], [ 75.677005497840057, 16.423818472928467 ], [ 75.672695457722696, 16.42522437092866 ], [ 75.67125858433694, 16.423663505806857 ], [ 75.635745033882912, 16.443652026590858 ], [ 75.604390117679841, 16.447730844985976 ], [ 75.598659399717675, 16.445709777229368 ], [ 75.58516703932365, 16.434171242414187 ], [ 75.579008853019715, 16.423231331070234 ], [ 75.575527269560595, 16.413057915413429 ], [ 75.573148436920249, 16.411744814744296 ], [ 75.566301643229082, 16.41272751420528 ], [ 75.563513883938285, 16.414259451287261 ], [ 75.554757467013843, 16.428119574132364 ], [ 75.552460190347247, 16.44376491384967 ], [ 75.554010676871272, 16.449442695450958 ], [ 75.552079364657388, 16.455448267494326 ], [ 75.54478531254712, 16.463985350859083 ], [ 75.535556846629802, 16.466462768988084 ], [ 75.526531591109602, 16.465032894482082 ], [ 75.499367155301158, 16.454026511275188 ], [ 75.496362904706643, 16.446897293609091 ], [ 75.498751453486165, 16.431859162666903 ], [ 75.494461840185622, 16.423134542555964 ], [ 75.483786293041234, 16.416590712322822 ], [ 75.465144836971263, 16.418033638488524 ], [ 75.457970231866383, 16.413637013465859 ], [ 75.452053702253167, 16.413526566837447 ], [ 75.445789514826188, 16.416813548730598 ], [ 75.434032953479047, 16.428726155177607 ], [ 75.43278166120065, 16.438758292214651 ], [ 75.443087368084832, 16.447462108293728 ], [ 75.465173078398394, 16.472586222716469 ], [ 75.46513301771995, 16.478217856358132 ], [ 75.460607776636991, 16.486278640527935 ], [ 75.456150327066595, 16.505703440155525 ], [ 75.485388035778485, 16.507422861715487 ], [ 75.488933620563856, 16.520085598511844 ], [ 75.490207265943141, 16.520194956715365 ], [ 75.490745068088955, 16.529140094934291 ], [ 75.488852073770772, 16.529622889906204 ], [ 75.48853194695107, 16.532545731925477 ], [ 75.488159453277717, 16.554726293493481 ], [ 75.48449565528135, 16.554989725940185 ], [ 75.48453119599445, 16.557114015312322 ], [ 75.479678211752272, 16.557278353640868 ], [ 75.481118288680634, 16.560991806804772 ], [ 75.47239027492104, 16.5636528646471 ], [ 75.473143385772303, 16.566524201902581 ], [ 75.479500736256895, 16.568355170284921 ], [ 75.484130677121129, 16.572420022906105 ], [ 75.48581845724361, 16.575295199494064 ], [ 75.48551151517313, 16.580523577483962 ], [ 75.491772764402157, 16.584853420961455 ], [ 75.493341997320087, 16.591776977593145 ], [ 75.491174399609577, 16.599450587513726 ], [ 75.484914471285435, 16.606260150647213 ], [ 75.474372966291284, 16.611503661150405 ], [ 75.461857162066551, 16.622203720038851 ], [ 75.46216035972293, 16.629584699766266 ], [ 75.455811004924868, 16.653464120324113 ], [ 75.454764486511451, 16.664254232042886 ], [ 75.447113630631605, 16.665267900057451 ], [ 75.437569270060251, 16.697850839248833 ], [ 75.445505306002076, 16.699758349000092 ], [ 75.463015744501547, 16.69971775880019 ], [ 75.488064146033352, 16.694537903937086 ], [ 75.491860600769442, 16.725233805345663 ], [ 75.492525349399855, 16.745925748865083 ], [ 75.476683479635241, 16.747821560710957 ], [ 75.466302766226121, 16.754686890965225 ], [ 75.446563295283042, 16.755363737439623 ], [ 75.442412721054311, 16.756983087290827 ], [ 75.438213865246254, 16.762385922643428 ], [ 75.434601973724739, 16.762625254761858 ], [ 75.432429120467319, 16.765774111435711 ], [ 75.427152689060804, 16.767900879522777 ], [ 75.418905384009108, 16.768350686252909 ], [ 75.416814130483203, 16.766205601667899 ], [ 75.41303811396179, 16.76538492833425 ], [ 75.412778415143492, 16.766500835015652 ], [ 75.407083102016472, 16.763629924406683 ], [ 75.406813246150961, 16.761616102546149 ], [ 75.392639166161516, 16.759921453543658 ], [ 75.391241580919555, 16.761433898961329 ], [ 75.392711915988244, 16.762184616431934 ], [ 75.385393926123513, 16.762350711513829 ], [ 75.386128465289502, 16.767778744495761 ], [ 75.381083226471731, 16.798559271768084 ], [ 75.378798559189079, 16.798442087174315 ], [ 75.377962635255386, 16.81027289341527 ], [ 75.379957813402683, 16.810630367351457 ], [ 75.378865089627183, 16.823169885427866 ], [ 75.381434490326754, 16.83407690200589 ], [ 75.395025381238639, 16.863001878055393 ], [ 75.385142514420323, 16.863864255890672 ], [ 75.380890914825414, 16.866197610414652 ], [ 75.377256120623258, 16.865468691363819 ], [ 75.375149440931608, 16.867093039649387 ], [ 75.369211980541877, 16.866691547601082 ], [ 75.358393519636749, 16.87122851588158 ], [ 75.339690185382807, 16.870548912495725 ], [ 75.335806665682284, 16.868873905623946 ], [ 75.334004105649839, 16.892776327649312 ], [ 75.335048627715679, 16.917656415134221 ], [ 75.342013108880892, 16.946003539589203 ], [ 75.343108621444813, 16.952857372759539 ], [ 75.341643177035749, 16.956460345442888 ], [ 75.354917474488531, 16.960216362873712 ], [ 75.358963090339543, 16.963228165456702 ], [ 75.358805596414257, 16.965136746212515 ], [ 75.368629499568726, 16.972217691675795 ], [ 75.392173068568695, 16.980400219524356 ], [ 75.412115322201572, 16.974441997484178 ], [ 75.428024964511863, 16.966729735767178 ], [ 75.435622482453454, 16.973762431372283 ], [ 75.442153904852461, 16.9826146950622 ], [ 75.465635244568816, 16.98850446582335 ], [ 75.466507952653117, 16.981805614310108 ], [ 75.468641949433405, 16.979782122536133 ], [ 75.482999202668339, 16.976981429101571 ], [ 75.488292359946129, 16.962146760247819 ], [ 75.48903262257933, 16.944641268769395 ], [ 75.506914438610323, 16.951284005808805 ], [ 75.509439086945989, 16.950708696852537 ], [ 75.528568948278576, 16.969496108263506 ], [ 75.538642741565923, 16.965789388963799 ], [ 75.563662648310341, 16.967951568109832 ], [ 75.567287974429391, 16.96606789445234 ], [ 75.565503374508523, 16.984223295896431 ], [ 75.567063952845842, 17.009000242911892 ], [ 75.574377415634331, 17.009352273408258 ], [ 75.606876027017194, 17.004958919066816 ], [ 75.606011953939699, 16.995093759938932 ], [ 75.60804974010631, 16.982330031187828 ], [ 75.607827521357279, 16.97140251452943 ], [ 75.632573663123722, 16.970395609292794 ], [ 75.636628203148504, 16.968708193206727 ], [ 75.638295768011162, 16.957879985916176 ], [ 75.642851793173477, 16.954443925571066 ], [ 75.646687765961687, 16.953863060037552 ], [ 75.649629830954439, 16.959747456510719 ], [ 75.656187934047622, 16.961581866115516 ], [ 75.670381438371251, 16.962028617740192 ], [ 75.675616731586857, 16.96674704726885 ], [ 75.676580938019853, 16.968960717937538 ], [ 75.672516610956833, 16.970989803212305 ], [ 75.671822376626224, 16.976262249625766 ], [ 75.668742706668851, 16.979459780406462 ], [ 75.665704026934918, 16.979662407999115 ], [ 75.665355167012521, 16.992243095792762 ], [ 75.668729574118004, 17.009922075844734 ], [ 75.669751165741559, 17.038003549796059 ], [ 75.651809966898895, 17.033123167395058 ], [ 75.640318195868417, 17.037609938498992 ], [ 75.65010397736674, 17.05738435585614 ], [ 75.658982940472541, 17.063833627872686 ], [ 75.676405336642645, 17.065324712490106 ], [ 75.67782888059854, 17.07253256961517 ], [ 75.679541173612407, 17.074091825792017 ], [ 75.674599647035492, 17.090121853544119 ], [ 75.676121605028698, 17.095094513263746 ], [ 75.673449265922471, 17.101300015935795 ], [ 75.672429712214324, 17.115689013522015 ], [ 75.650424773576646, 17.115537474107235 ], [ 75.650224685767995, 17.134736188183179 ], [ 75.647487840782716, 17.134711737589821 ], [ 75.645420858995706, 17.143514188822184 ], [ 75.62837223245613, 17.162141200148806 ], [ 75.625350276512279, 17.173867674090037 ], [ 75.626006604700251, 17.179601308214323 ], [ 75.627266003326937, 17.183209170382948 ], [ 75.628506768928219, 17.183160071782872 ], [ 75.628428734767766, 17.188650456097012 ], [ 75.640263160109825, 17.189192212106956 ], [ 75.640281878355637, 17.193911343731063 ], [ 75.644916594903407, 17.199357096756469 ], [ 75.656145229206857, 17.20598242802652 ], [ 75.662216564034907, 17.214534482681245 ], [ 75.658761570280618, 17.238867923591322 ], [ 75.657467927670425, 17.263682159149894 ], [ 75.654384134204932, 17.273505467116724 ], [ 75.627442940790615, 17.273784746936194 ], [ 75.629964169526914, 17.280388803356164 ], [ 75.625208805862513, 17.284798152778137 ], [ 75.621998886580997, 17.295104661211198 ], [ 75.603269622809236, 17.304659480996435 ], [ 75.612379535448952, 17.326971373597164 ], [ 75.610197418057567, 17.344607434905324 ], [ 75.595301849183102, 17.345861086890107 ], [ 75.586975694880294, 17.350034829711856 ], [ 75.581663307590858, 17.35084782112763 ], [ 75.575422868315755, 17.383980942441308 ], [ 75.589832315812714, 17.386114407848549 ], [ 75.601139356332666, 17.390731355523663 ], [ 75.605026031416415, 17.394177085019198 ], [ 75.613394826018023, 17.391544755596147 ], [ 75.61207386469377, 17.406638767909946 ], [ 75.606609472551185, 17.420135615177308 ], [ 75.609933625511161, 17.423613682429448 ], [ 75.61372115037662, 17.424293871493767 ], [ 75.615557377818234, 17.439141293483221 ], [ 75.620635585550531, 17.452326074213154 ], [ 75.621352493669562, 17.458713981570604 ], [ 75.627312640646693, 17.462340372044618 ], [ 75.63411296355676, 17.479456465409772 ], [ 75.650789671377908, 17.471521231135352 ], [ 75.661467509549965, 17.459932327594238 ], [ 75.673346178088835, 17.460440220328184 ], [ 75.676579230259549, 17.458328737838656 ], [ 75.679631697107681, 17.451056443999747 ], [ 75.679114609291361, 17.435114619940741 ], [ 75.68511595255093, 17.417901013954086 ], [ 75.68822500272492, 17.413719410392712 ], [ 75.69403123411098, 17.41067214832022 ], [ 75.701093982677648, 17.409596404521267 ], [ 75.71616017436655, 17.410849001683719 ], [ 75.72685124345746, 17.422289604599307 ], [ 75.732980216641991, 17.422477456674017 ], [ 75.750810813138585, 17.409927068556556 ], [ 75.765729446002297, 17.408046445563549 ], [ 75.768525659825286, 17.404570164149256 ], [ 75.772644672966351, 17.387374250434103 ], [ 75.783676896258228, 17.375972899857409 ], [ 75.793487988084593, 17.371893612372855 ], [ 75.805015142045463, 17.369935073284754 ], [ 75.813361600684232, 17.375895703955454 ], [ 75.812694840850824, 17.396553518795088 ], [ 75.817619792912055, 17.407609627582204 ], [ 75.815966945042646, 17.40887985364051 ], [ 75.81613113303311, 17.414618463374925 ], [ 75.81965601407336, 17.421423978223949 ], [ 75.822363902798358, 17.422966972733555 ], [ 75.835587075024051, 17.42191328330393 ], [ 75.851009402271728, 17.413300415291712 ], [ 75.855840247489098, 17.406079085711252 ], [ 75.857704782268399, 17.397867481121246 ], [ 75.857377261246739, 17.388968204551333 ], [ 75.860726947997193, 17.386201879455712 ], [ 75.874335382535008, 17.399291767250361 ], [ 75.873349680394611, 17.410994327116104 ], [ 75.875024134696019, 17.416698271986959 ], [ 75.880111413580508, 17.419578070782922 ], [ 75.886381101906366, 17.418235065156232 ], [ 75.894600051987226, 17.405752931846319 ], [ 75.897475213278298, 17.385233493550409 ], [ 75.898200772051041, 17.377068907606176 ], [ 75.89168510008993, 17.35928233338597 ], [ 75.895099564245257, 17.353084091192944 ], [ 75.909844519744411, 17.346605286565477 ], [ 75.921779488541858, 17.33067631139744 ], [ 75.929547151344565, 17.324078206528618 ], [ 75.934132539322732, 17.323942089131872 ], [ 75.966178891183844, 17.336925169867051 ], [ 75.989143297078101, 17.337634631312518 ], [ 75.99764730686168, 17.339469561161089 ], [ 76.003127505974831, 17.344497310077607 ], [ 76.008278917090493, 17.352564232911885 ], [ 76.012202940232996, 17.354268542920853 ], [ 76.027979913487073, 17.352657460298595 ], [ 76.051517412833817, 17.358338737121201 ], [ 76.060209574800609, 17.357542432224886 ], [ 76.064391762989345, 17.353886373494397 ], [ 76.073894440389367, 17.336206974891397 ], [ 76.071006584895315, 17.326901340137553 ], [ 76.064247551739257, 17.315284745339945 ], [ 76.066495266868117, 17.309112569323325 ], [ 76.073331201386779, 17.304208508185511 ], [ 76.093675130190533, 17.297462755257165 ], [ 76.09897640173196, 17.289706824644114 ], [ 76.097799115797997, 17.283446109772047 ], [ 76.089351045786842, 17.274458756027194 ], [ 76.086590332511008, 17.266793014647607 ], [ 76.08601220280633, 17.261856475787884 ], [ 76.087923943408512, 17.256875448023145 ], [ 76.093140554214827, 17.254744708096911 ], [ 76.110719439908237, 17.252719344102307 ], [ 76.122332728754785, 17.24842858043192 ], [ 76.163937026193011, 17.212442958452129 ], [ 76.170325569486891, 17.205757995037924 ], [ 76.177799551716916, 17.192200119838709 ], [ 76.186635007832223, 17.186888635848714 ], [ 76.198672746636561, 17.183384313530055 ], [ 76.206377660120751, 17.183517113063353 ], [ 76.216540702496218, 17.186892919351582 ], [ 76.220712959288733, 17.185889276197091 ], [ 76.221998197336433, 17.182741289896182 ], [ 76.221002592807466, 17.176363303118737 ], [ 76.233498919094757, 17.167146241400207 ], [ 76.236530113785662, 17.162785011694744 ], [ 76.23938962771679, 17.15372980433941 ], [ 76.242082257750795, 17.15076011313381 ], [ 76.259457268699776, 17.149775927819412 ], [ 76.272613938648433, 17.162686033833495 ], [ 76.279091126365827, 17.166511254070056 ], [ 76.304204599159092, 17.171172955563815 ], [ 76.324113014034239, 17.169825933419169 ], [ 76.331392384185676, 17.170953438133953 ], [ 76.342302621588502, 17.176938856942296 ], [ 76.350749473777199, 17.18494269054878 ], [ 76.354324353337034, 17.186553884900651 ], [ 76.360117858586051, 17.185474169837658 ], [ 76.365146034957277, 17.179195170625853 ], [ 76.368149925362218, 17.163715274869215 ], [ 76.367147390285908, 17.157598653879063 ], [ 76.360128108048841, 17.147696052568712 ], [ 76.359943044519298, 17.140894917639358 ], [ 76.362544472170413, 17.138514042512135 ], [ 76.367599003849747, 17.138435409322401 ], [ 76.37941419160309, 17.144456004689861 ], [ 76.388473959353476, 17.146330168959132 ], [ 76.391912886537796, 17.144585652556959 ], [ 76.394803958138027, 17.140604540244659 ], [ 76.390453739810596, 17.131245947242913 ], [ 76.387278510412145, 17.129086255320214 ], [ 76.368300990554971, 17.123731684981887 ], [ 76.364700452208368, 17.120246939294631 ], [ 76.36255606974008, 17.113910196903852 ], [ 76.366594336437998, 17.107565487069841 ], [ 76.383399103836538, 17.102785755903621 ], [ 76.388574679057854, 17.097929862780589 ], [ 76.390458304269529, 17.091757445226044 ], [ 76.388177597952563, 17.078329439221282 ], [ 76.388972360492943, 17.072410692009104 ], [ 76.396016366849835, 17.07047225705098 ], [ 76.398150171654137, 17.071288317771348 ], [ 76.401786438430889, 17.074233270832295 ], [ 76.408143551449868, 17.086191422086689 ], [ 76.427683139558908, 17.100116130823569 ], [ 76.429692456400005, 17.098883740376372 ], [ 76.430042970713515, 17.06940828539598 ], [ 76.431777587635693, 17.058293010963869 ], [ 76.430948776754889, 17.05313341501563 ], [ 76.427185392993721, 17.053437739837001 ], [ 76.430503193918398, 17.039949567566612 ], [ 76.431180628037126, 17.029621964127848 ], [ 76.437754998196766, 17.026892697681024 ], [ 76.433291070536157, 17.024481486032627 ], [ 76.439567218953798, 17.000134373799227 ], [ 76.441065274996845, 16.99911439224249 ], [ 76.436799264799859, 16.981816288604559 ], [ 76.424511297336736, 16.978388006262762 ], [ 76.400634873247341, 16.977332606245685 ], [ 76.402335717208786, 16.964516582404979 ], [ 76.402357177010018, 16.943344016438619 ], [ 76.39930587774559, 16.935294922943388 ], [ 76.418080412149848, 16.927946226346869 ], [ 76.428014891478355, 16.92723444557641 ], [ 76.434201564825628, 16.940382431814683 ], [ 76.434035489682557, 16.943518800510276 ], [ 76.44747156209111, 16.940644956702435 ], [ 76.451849281356061, 16.927538218787664 ], [ 76.458720923282058, 16.927688243026289 ], [ 76.464224348976416, 16.916682300666348 ], [ 76.465805246454423, 16.902290843363769 ], [ 76.443221588199961, 16.897622796712238 ], [ 76.433805087618467, 16.897758183252364 ], [ 76.434669475376225, 16.888563448012643 ], [ 76.433397584914928, 16.882218639548956 ], [ 76.436805374578199, 16.881869858718275 ], [ 76.438006236788738, 16.868320989353091 ], [ 76.458814352905947, 16.867252472517716 ], [ 76.458782341903316, 16.86009698190184 ], [ 76.461789783224106, 16.859299755610731 ], [ 76.462260320107063, 16.849256392466884 ], [ 76.467365188961409, 16.849528640446117 ], [ 76.470947890766624, 16.84571152129212 ], [ 76.470895859534039, 16.839099536570547 ], [ 76.463700615774442, 16.838691145922439 ], [ 76.459680907155558, 16.832934724334262 ], [ 76.429580945169178, 16.837148840266973 ], [ 76.429131464436907, 16.850857610103791 ], [ 76.4043550165147, 16.853816406154092 ], [ 76.404561723510199, 16.85863973534212 ], [ 76.386548168294368, 16.856311975476661 ], [ 76.374242244725636, 16.85844408835538 ], [ 76.366123155746564, 16.847635825766449 ], [ 76.358752024310135, 16.842506994736027 ], [ 76.357756093970593, 16.837441901658408 ], [ 76.353297661441459, 16.829500891113547 ], [ 76.351200609777337, 16.819338673264028 ], [ 76.361340960546855, 16.819461326860321 ], [ 76.413866250720901, 16.813475448861361 ], [ 76.410299357055308, 16.798679157208188 ], [ 76.401054705759506, 16.800898901258495 ], [ 76.396224030448394, 16.805707471060796 ], [ 76.39276350871927, 16.804960819350036 ], [ 76.390526654859372, 16.802239923480023 ], [ 76.377797849039325, 16.801117994470772 ], [ 76.377205147844336, 16.793107691830595 ], [ 76.37389018206359, 16.785385332847888 ], [ 76.37061266815094, 16.767520550055 ], [ 76.383592729556653, 16.76927655164204 ], [ 76.411362438314725, 16.76807014919957 ], [ 76.411253099706897, 16.764547051021232 ], [ 76.418480992003381, 16.764643490404431 ], [ 76.418435743959705, 16.768853353428472 ], [ 76.425772604774238, 16.765876015065828 ], [ 76.435456185415319, 16.764572523367441 ], [ 76.442748093423475, 16.757146687788719 ], [ 76.438556368640803, 16.752422212543667 ], [ 76.44018593429513, 16.742521692373877 ], [ 76.428724408888129, 16.738170081301117 ], [ 76.428980367777612, 16.734033697049806 ], [ 76.422817715376894, 16.730740123861793 ], [ 76.422671259926958, 16.717639371379509 ], [ 76.442556500535815, 16.713800131657067 ], [ 76.446605910813432, 16.72344495025397 ], [ 76.450583799803425, 16.724536641183764 ], [ 76.451373761217724, 16.723336656824092 ], [ 76.459450264159599, 16.723309138060834 ], [ 76.461633263054651, 16.708697859310355 ], [ 76.458419023440996, 16.709019944434726 ], [ 76.452736254154573, 16.714531320616096 ], [ 76.447124930312185, 16.710681512492293 ], [ 76.440810148490897, 16.709412008271354 ], [ 76.437551710057946, 16.702965188103725 ], [ 76.431492102029466, 16.701012040671522 ], [ 76.430368884689031, 16.696372237796524 ], [ 76.42554175648533, 16.695939676281732 ], [ 76.424735288598598, 16.694088381684203 ], [ 76.426675443469577, 16.686986437427439 ], [ 76.420310711048671, 16.672337408569035 ], [ 76.417062588900976, 16.668716489593898 ], [ 76.415755131278289, 16.669072487568222 ], [ 76.414112343343703, 16.663813975873317 ], [ 76.410296924710252, 16.662306913658149 ], [ 76.406233750917067, 16.655352105372913 ], [ 76.402779050204487, 16.640033916498396 ], [ 76.404267840513228, 16.627352518653652 ], [ 76.408824423499524, 16.621533283236438 ], [ 76.41008732238943, 16.613658869907269 ], [ 76.4160573457075, 16.602648450658467 ], [ 76.413265642807119, 16.589818941286445 ], [ 76.416187484521629, 16.589979716011801 ], [ 76.419051167064666, 16.579775028677776 ], [ 76.421717806894563, 16.573827809797944 ], [ 76.423218407921269, 16.573497563075367 ], [ 76.42250177962967, 16.568074630338305 ], [ 76.424160484130994, 16.567642781545285 ], [ 76.421724355505006, 16.559647075179146 ], [ 76.422693738437005, 16.550842286530166 ], [ 76.434118296497687, 16.518737663594877 ], [ 76.432916217830581, 16.505621046082013 ], [ 76.42978763575276, 16.498389038441189 ], [ 76.432554305162597, 16.448621154452411 ], [ 76.434960319257797, 16.43575089402794 ], [ 76.404140626114327, 16.432721426338613 ], [ 76.403316154375361, 16.434265429501089 ], [ 76.390054352724661, 16.437790876334891 ], [ 76.384802607147861, 16.425742044974644 ], [ 76.358298171053903, 16.42235706700767 ], [ 76.354554241944655, 16.422252244011112 ], [ 76.350300289847993, 16.427037809550399 ], [ 76.331959214668359, 16.427157118874803 ], [ 76.333356248922911, 16.416665517457368 ], [ 76.330503162641946, 16.40967834091801 ], [ 76.331583286972418, 16.407629437466518 ], [ 76.337015073105448, 16.405605382342223 ], [ 76.334252201970941, 16.399757073662364 ], [ 76.331987728348253, 16.396908516710436 ], [ 76.322804046508168, 16.396011602423275 ], [ 76.320197012026142, 16.397687652630744 ], [ 76.317358318041158, 16.39455787881111 ], [ 76.314802296110429, 16.396794682416658 ], [ 76.312238810578151, 16.395910738627627 ], [ 76.30959480486645, 16.397155662035896 ], [ 76.304530464321942, 16.378840477656098 ], [ 76.309718191113006, 16.361603098583135 ], [ 76.311267806094691, 16.361808647342624 ], [ 76.313734372756343, 16.355341490188493 ], [ 76.314157966432248, 16.345890317337986 ], [ 76.305171858335299, 16.345549241530573 ], [ 76.30529787419772, 16.342489188050376 ], [ 76.300506493139949, 16.338502438028488 ], [ 76.291942048693429, 16.335042467036917 ], [ 76.291467290476419, 16.331913285857084 ], [ 76.292292178681521, 16.325483546953532 ], [ 76.295069816649203, 16.324428192034322 ], [ 76.295150064764343, 16.320367290422723 ], [ 76.302791021912185, 16.318884816879756 ], [ 76.298630461182242, 16.299093808406049 ], [ 76.299732495898397, 16.283282812784417 ], [ 76.318357114555596, 16.287045442192216 ], [ 76.320572445881339, 16.286667401395555 ], [ 76.320631556331904, 16.282535271989893 ], [ 76.339444258181629, 16.279521689451489 ], [ 76.341761469599632, 16.278501515927701 ], [ 76.341162167997922, 16.277282434062958 ], [ 76.347887951721887, 16.277631213074955 ], [ 76.348526587858728, 16.259455470266357 ], [ 76.345335124725011, 16.249642768873152 ], [ 76.347522995049104, 16.247785908247828 ], [ 76.349671139844077, 16.237109275072591 ], [ 76.352562312652921, 16.234613640925865 ], [ 76.350766213919599, 16.226654658366908 ], [ 76.346959973657306, 16.222895170421701 ], [ 76.347326396408135, 16.218675293770204 ], [ 76.345237335275229, 16.2116793385288 ], [ 76.338964185830108, 16.202941735246579 ], [ 76.336266479876642, 16.201950885784996 ], [ 76.330089736664817, 16.193514563433467 ], [ 76.305622091123325, 16.185569149986918 ], [ 76.303432524188693, 16.18817156674163 ], [ 76.297122724324538, 16.185372585854942 ], [ 76.29371427972724, 16.18060854176149 ], [ 76.290113799795918, 16.16853111717413 ], [ 76.278848030873093, 16.152530360825203 ], [ 76.269834433070727, 16.152121227714378 ], [ 76.259479617018357, 16.15801177822253 ], [ 76.243435490791825, 16.164202347772012 ], [ 76.175452677210643, 16.18294330207808 ], [ 76.15602955717506, 16.184746071564529 ], [ 76.140787622156964, 16.180318166962014 ], [ 76.133654740857082, 16.182218762521895 ], [ 76.125841565833383, 16.187924738365457 ], [ 76.106735374152549, 16.189470699064135 ], [ 76.095132500528308, 16.199827773480543 ], [ 76.08122488935085, 16.206506425767401 ], [ 76.071187506923664, 16.209151863492824 ], [ 76.062491068057597, 16.215831003113646 ], [ 76.05983139151833, 16.226529015254222 ], [ 76.061056540142985, 16.234389926193742 ], [ 76.068778158211401, 16.244654662463738 ], [ 76.069910161957822, 16.255851867407163 ], [ 76.053881440906011, 16.273426309155358 ], [ 76.033492395921428, 16.287326856309601 ], [ 76.029623197964952, 16.296733724967297 ], [ 76.026787779866623, 16.299924337143359 ], [ 76.007351391327177, 16.303908413198432 ], [ 76.002242737087073, 16.303733945169672 ], [ 75.990391342777897, 16.299448070477574 ], [ 75.984626258518205, 16.300845808997646 ], [ 75.973607379425289, 16.300092575384816 ], [ 75.957529171354395, 16.296915156455704 ], [ 75.951920307381286, 16.298596607757784 ], [ 75.940866915640143, 16.308249134398171 ], [ 75.925401436001408, 16.315478793218549 ], [ 75.9240804684745, 16.317773747005656 ], [ 75.912659901247295, 16.321938349671441 ], [ 75.89404423140283, 16.324801657529729 ], [ 75.885601315723548, 16.331107613299213 ], [ 75.878913536188179, 16.340362992147018 ], [ 75.86990181138988, 16.345866735845526 ], [ 75.837418586157384, 16.349909148701759 ], [ 75.827682454257982, 16.361383337404948 ], [ 75.813243867195993, 16.370424028381652 ], [ 75.795769862264606, 16.37172734056881 ], [ 75.784587559421453, 16.376918982760774 ], [ 75.763318450961989, 16.383616326109113 ], [ 75.719007055319935, 16.389606103550104 ], [ 75.708561456178103, 16.400258436127885 ], [ 75.706293595387407, 16.40541021317577 ], [ 75.698698510744904, 16.408068171187942 ], [ 75.699129004046839, 16.40938984125572 ], [ 75.686637811281358, 16.415704728931686 ] ] ] } },
{ "type": "Feature", "properties": { "DISTRICT": "Yadgir" }, "geometry": { "type": "Polygon", "coordinates": [ [ [ 77.427303138765481, 16.716331213628031 ], [ 77.433057677059153, 16.717406141273795 ], [ 77.436707990910776, 16.712177488485686 ], [ 77.44122146934447, 16.712654807655301 ], [ 77.441794314939088, 16.716801912622135 ], [ 77.443699121936831, 16.716394622481715 ], [ 77.445999544550503, 16.722153140155601 ], [ 77.456174291412708, 16.716369112603246 ], [ 77.463690179149992, 16.719065982953367 ], [ 77.473527784400417, 16.715881416126582 ], [ 77.47030085014741, 16.705328989911798 ], [ 77.470493252022379, 16.69980257511914 ], [ 77.468964640559022, 16.699680617899379 ], [ 77.469959916029453, 16.696864473815481 ], [ 77.468646546013403, 16.684670945835837 ], [ 77.463930698203512, 16.676694371153843 ], [ 77.447561495737958, 16.679084190208684 ], [ 77.443882607283641, 16.675931579430436 ], [ 77.442517724794641, 16.669553754090874 ], [ 77.435441148003562, 16.670558242754534 ], [ 77.423957633378492, 16.667708151691283 ], [ 77.418373633710232, 16.668735036430171 ], [ 77.419139843266962, 16.657398239208266 ], [ 77.429943097778462, 16.656589748785283 ], [ 77.433050254845753, 16.653210628074895 ], [ 77.43211571732185, 16.651709855110994 ], [ 77.439974108080378, 16.645659978410308 ], [ 77.434162082991818, 16.643481448744975 ], [ 77.43464972169221, 16.641187894228455 ], [ 77.44277077252481, 16.640514307688601 ], [ 77.444632124315589, 16.641813199348078 ], [ 77.444107056051863, 16.640168641740228 ], [ 77.445211634907452, 16.64011915240744 ], [ 77.456304858861898, 16.647126222329359 ], [ 77.456890301988935, 16.649697674851041 ], [ 77.461209750476286, 16.650602915364903 ], [ 77.463390346045159, 16.654848333019636 ], [ 77.472490440210152, 16.652203969492433 ], [ 77.47395270129239, 16.645400541529671 ], [ 77.471340945863091, 16.644067552797026 ], [ 77.4720822625995, 16.642605132566096 ], [ 77.468846231074437, 16.636509639094722 ], [ 77.464953091414912, 16.63339978822216 ], [ 77.462542153844311, 16.626588007704349 ], [ 77.460910452655128, 16.627064832524823 ], [ 77.455052602498142, 16.622037303055329 ], [ 77.45541035090244, 16.615626507014522 ], [ 77.460783347413482, 16.611087833388748 ], [ 77.46812726850311, 16.608731732276276 ], [ 77.467169931713968, 16.599078708377029 ], [ 77.463624718058696, 16.59948050700218 ], [ 77.462463431245354, 16.596548900780036 ], [ 77.465213978329885, 16.593658394384185 ], [ 77.463927663264641, 16.586255666655148 ], [ 77.461299240423799, 16.582977377160837 ], [ 77.459877310729539, 16.585206641060001 ], [ 77.439414181681784, 16.587289147087635 ], [ 77.430673806137875, 16.577908794672535 ], [ 77.428358887725395, 16.572635384480012 ], [ 77.42319015219347, 16.568548939576132 ], [ 77.414999149826102, 16.567155833970418 ], [ 77.414989718540781, 16.565877978804593 ], [ 77.412743576831943, 16.569254558889774 ], [ 77.407568102153462, 16.571284615036085 ], [ 77.404057778288944, 16.571031141962507 ], [ 77.399271293161817, 16.56728261693306 ], [ 77.392266072575055, 16.569765099531452 ], [ 77.392358224208706, 16.563760646820139 ], [ 77.397149884635155, 16.56424178715011 ], [ 77.399574943264767, 16.555305934206977 ], [ 77.403876848300328, 16.55380943405919 ], [ 77.403505036794414, 16.550869582278622 ], [ 77.410136964761065, 16.548726570555939 ], [ 77.417889061091927, 16.548656142457343 ], [ 77.419292784043961, 16.539263428559718 ], [ 77.416954371730029, 16.520485554110543 ], [ 77.415913629070872, 16.517748229536107 ], [ 77.40648087375952, 16.521035602724329 ], [ 77.398131559123001, 16.520987082906625 ], [ 77.390707504439831, 16.516069626508095 ], [ 77.381543880079121, 16.515602871424637 ], [ 77.377186904720887, 16.513855722425959 ], [ 77.372715463946278, 16.509760855197861 ], [ 77.369331143392372, 16.48824399011994 ], [ 77.354262360563567, 16.488584902034404 ], [ 77.351771554096743, 16.490776402556431 ], [ 77.346239087607302, 16.490189426720644 ], [ 77.346142035572839, 16.487964311468925 ], [ 77.342367061371093, 16.486316640807786 ], [ 77.324163252425578, 16.486857753575592 ], [ 77.324501263468093, 16.491247723387314 ], [ 77.298349698322923, 16.496245236864866 ], [ 77.299597162497847, 16.488675765138218 ], [ 77.294861405579766, 16.481521074566448 ], [ 77.294321431967091, 16.476858911714693 ], [ 77.265259600520793, 16.473243868935306 ], [ 77.250772920208064, 16.475653732664522 ], [ 77.247898296909923, 16.477647664186769 ], [ 77.239999182956851, 16.476568702632335 ], [ 77.238127620706337, 16.473631101540477 ], [ 77.263784348104181, 16.451046097022704 ], [ 77.26713255583708, 16.442060923770882 ], [ 77.26889311097905, 16.442420674972137 ], [ 77.271803282446001, 16.433020834340379 ], [ 77.290296284551843, 16.412815068662681 ], [ 77.279735878108994, 16.406278564990988 ], [ 77.265329833127836, 16.405869807722389 ], [ 77.258298079854882, 16.411776172988873 ], [ 77.249891205757194, 16.415675216717418 ], [ 77.206801769999814, 16.426360936140696 ], [ 77.173767098547202, 16.430169779729507 ], [ 77.160787347141124, 16.442035532022206 ], [ 77.158837505719077, 16.446908244243478 ], [ 77.159012493118809, 16.448366066605146 ], [ 77.161148906841049, 16.448477700934532 ], [ 77.158595614542151, 16.46594720130285 ], [ 77.15314194864348, 16.474768224186278 ], [ 77.131159811654626, 16.482522651583718 ], [ 77.111314441371221, 16.484806502939993 ], [ 77.105972268987941, 16.486991797379925 ], [ 77.093876161839802, 16.495845652585039 ], [ 77.071493848131439, 16.506202743043712 ], [ 77.066295397189805, 16.513025968075386 ], [ 77.059363325456971, 16.518646012323909 ], [ 77.052459855955902, 16.520407888246616 ], [ 77.043516839275355, 16.519312401479255 ], [ 77.037540393237705, 16.516272404014142 ], [ 77.023688911206492, 16.503401910290091 ], [ 77.014265209127359, 16.501248949437869 ], [ 77.010075423003371, 16.50305106580392 ], [ 77.003691573113272, 16.513475335791163 ], [ 77.008162370505033, 16.536648889829404 ], [ 77.007077402937, 16.548300171300745 ], [ 77.00346695575179, 16.552745729723952 ], [ 76.990314979671766, 16.56156636594983 ], [ 76.977279554447406, 16.56114802372479 ], [ 76.969424238142736, 16.555917315249143 ], [ 76.966140325182892, 16.551147668932686 ], [ 76.965256881989376, 16.544447358496676 ], [ 76.968641780059556, 16.532626865242985 ], [ 76.974711403177395, 16.524289708962268 ], [ 76.975086430020454, 16.515471458095611 ], [ 76.971652181650967, 16.508345012155875 ], [ 76.959330874759914, 16.501978178208557 ], [ 76.906395605226237, 16.487308755896663 ], [ 76.900657024687177, 16.486986937540866 ], [ 76.884841412800299, 16.492355204687282 ], [ 76.872638544458695, 16.490366117777501 ], [ 76.864540003782778, 16.482817471403838 ], [ 76.863479211459691, 16.475344762091748 ], [ 76.865375252505359, 16.460386777726523 ], [ 76.863312791173158, 16.453935279321303 ], [ 76.844409644550879, 16.432066059125059 ], [ 76.825088491255755, 16.424467682669075 ], [ 76.787769577684898, 16.419451292844737 ], [ 76.780263606668427, 16.419882808770033 ], [ 76.767400292634861, 16.426394041322919 ], [ 76.760941681671227, 16.427132249194699 ], [ 76.755144401668346, 16.425290426404182 ], [ 76.745583792328816, 16.413284798840664 ], [ 76.735274672507231, 16.406641576559018 ], [ 76.735840221301331, 16.405478598707937 ], [ 76.72635696586876, 16.403780030536833 ], [ 76.714346173298495, 16.398004591964732 ], [ 76.707821732259703, 16.394421143245467 ], [ 76.708936962984936, 16.393207111586889 ], [ 76.706301862091351, 16.39076960873901 ], [ 76.685229363180568, 16.378705226161888 ], [ 76.673556961136072, 16.376237698162978 ], [ 76.658764042675983, 16.369605914303442 ], [ 76.64611316298398, 16.355917280240195 ], [ 76.632795982738855, 16.353922715669619 ], [ 76.623851935413811, 16.350040974384687 ], [ 76.612955060037464, 16.342098553295418 ], [ 76.59018224594459, 16.339763316531627 ], [ 76.580532471281316, 16.330984447727932 ], [ 76.566562544047983, 16.329662532944322 ], [ 76.539170529216577, 16.312328395392065 ], [ 76.536228817322282, 16.30876222888736 ], [ 76.498782305512847, 16.301686818375384 ], [ 76.500049020680606, 16.29914723478851 ], [ 76.491203570380804, 16.2971980717222 ], [ 76.476859360619244, 16.290812910665394 ], [ 76.463507796043828, 16.281083262530633 ], [ 76.463626781993071, 16.279656437469303 ], [ 76.451093436109929, 16.274236046096924 ], [ 76.44986650057902, 16.275866084084942 ], [ 76.432347058285799, 16.260699667716491 ], [ 76.426652658443217, 16.259178444979703 ], [ 76.413797129452789, 16.250521529018748 ], [ 76.412812070735583, 16.248800938852312 ], [ 76.415326241907707, 16.243754230602391 ], [ 76.414857972195804, 16.241626680419191 ], [ 76.399333826391, 16.23956699797521 ], [ 76.39476318459927, 16.230025521021894 ], [ 76.375423045353884, 16.219799155787246 ], [ 76.367718394252861, 16.21848761968759 ], [ 76.366159039179408, 16.212685630256114 ], [ 76.362093625864247, 16.20734367689381 ], [ 76.355362497852241, 16.205758551932931 ], [ 76.351260124973834, 16.200448294471052 ], [ 76.336048795470845, 16.192808089020808 ], [ 76.333207350849364, 16.191931649990863 ], [ 76.330089736664817, 16.193514563433467 ], [ 76.344690147173338, 16.210597692120125 ], [ 76.347326396408135, 16.218675293770204 ], [ 76.346959973657306, 16.222895170421701 ], [ 76.350766213919599, 16.226654658366908 ], [ 76.352562312652921, 16.234613640925865 ], [ 76.349671139844077, 16.237109275072591 ], [ 76.347522995049104, 16.247785908247828 ], [ 76.345335124725011, 16.249642768873152 ], [ 76.348526587858728, 16.259455470266357 ], [ 76.347887951721887, 16.277631213074955 ], [ 76.341162167997922, 16.277282434062958 ], [ 76.341761469599632, 16.278501515927701 ], [ 76.339444258181629, 16.279521689451489 ], [ 76.320631556331904, 16.282535271989893 ], [ 76.320572445881339, 16.286667401395555 ], [ 76.318357114555596, 16.287045442192216 ], [ 76.299732495898397, 16.283282812784417 ], [ 76.298630461182242, 16.299093808406049 ], [ 76.302791021912185, 16.318884816879756 ], [ 76.295150064764343, 16.320367290422723 ], [ 76.295069816649203, 16.324428192034322 ], [ 76.292292178681521, 16.325483546953532 ], [ 76.291467290476419, 16.331913285857084 ], [ 76.291942048693429, 16.335042467036917 ], [ 76.300506493139949, 16.338502438028488 ], [ 76.30529787419772, 16.342489188050376 ], [ 76.305171858335299, 16.345549241530573 ], [ 76.314157966432248, 16.345890317337986 ], [ 76.313734372756343, 16.355341490188493 ], [ 76.311267806094691, 16.361808647342624 ], [ 76.309718191113006, 16.361603098583135 ], [ 76.304608553534834, 16.378059490660743 ], [ 76.307543542255701, 16.391137707219023 ], [ 76.30959480486645, 16.397155662035896 ], [ 76.312238810578151, 16.395910738627627 ], [ 76.314802296110429, 16.396794682416658 ], [ 76.316984742326596, 16.394540751124843 ], [ 76.320197012026142, 16.397687652630744 ], [ 76.322804046508168, 16.396011602423275 ], [ 76.331987728348253, 16.396908516710436 ], [ 76.336053143896308, 16.402228443840976 ], [ 76.336609259180975, 16.406756459782464 ], [ 76.33268950403523, 16.40694144594778 ], [ 76.330503162641946, 16.40967834091801 ], [ 76.333356248922911, 16.416665517457368 ], [ 76.331959214668359, 16.427157118874803 ], [ 76.350300289847993, 16.427037809550399 ], [ 76.354554241944655, 16.422252244011112 ], [ 76.358298171053903, 16.42235706700767 ], [ 76.384802607147861, 16.425742044974644 ], [ 76.390054352724661, 16.437790876334891 ], [ 76.403316154375361, 16.434265429501089 ], [ 76.404140626114327, 16.432721426338613 ], [ 76.434960319257797, 16.43575089402794 ], [ 76.432554305162597, 16.448621154452411 ], [ 76.42978763575276, 16.498389038441189 ], [ 76.432916217830581, 16.505621046082013 ], [ 76.434118296497687, 16.518737663594877 ], [ 76.422693738437005, 16.550842286530166 ], [ 76.421724355505006, 16.559647075179146 ], [ 76.424160484130994, 16.567642781545285 ], [ 76.42250177962967, 16.568074630338305 ], [ 76.423218407921269, 16.573497563075367 ], [ 76.421717806894563, 16.573827809797944 ], [ 76.419051167064666, 16.579775028677776 ], [ 76.416187484521629, 16.589979716011801 ], [ 76.413265642807119, 16.589818941286445 ], [ 76.415797609695744, 16.598142554732572 ], [ 76.415308731237488, 16.605519422027385 ], [ 76.41008732238943, 16.613658869907269 ], [ 76.408166781631337, 16.622848367500005 ], [ 76.404267840513228, 16.627352518653652 ], [ 76.402779050204487, 16.640033916498396 ], [ 76.405777965351049, 16.654107749519781 ], [ 76.410296924710252, 16.662306913658149 ], [ 76.414112343343703, 16.663813975873317 ], [ 76.415755131278289, 16.669072487568222 ], [ 76.417062588900976, 16.668716489593898 ], [ 76.420310711048671, 16.672337408569035 ], [ 76.426675443469577, 16.686986437427439 ], [ 76.424735288598598, 16.694088381684203 ], [ 76.42554175648533, 16.695939676281732 ], [ 76.430368884689031, 16.696372237796524 ], [ 76.431492102029466, 16.701012040671522 ], [ 76.437551710057946, 16.702965188103725 ], [ 76.440749808600032, 16.70936739449948 ], [ 76.447124930312185, 16.710681512492293 ], [ 76.452736254154573, 16.714531320616096 ], [ 76.459028741084637, 16.708830809805654 ], [ 76.461681727562876, 16.70874951839545 ], [ 76.46106144314146, 16.71100762428193 ], [ 76.478475691363386, 16.711242679052358 ], [ 76.498613030943375, 16.720490485278937 ], [ 76.503111100100327, 16.723099202813493 ], [ 76.502441129210311, 16.738471152841555 ], [ 76.515609356643395, 16.750597762184473 ], [ 76.523050390591052, 16.751049450509509 ], [ 76.5473702741468, 16.747355822992034 ], [ 76.548949846166011, 16.751308541413472 ], [ 76.553523090095027, 16.7510581850085 ], [ 76.553654981164897, 16.752993674969233 ], [ 76.570295303131871, 16.752512629501073 ], [ 76.571318500033811, 16.756059821024643 ], [ 76.581155460753635, 16.758647007907392 ], [ 76.581300091704136, 16.765666215882316 ], [ 76.599818937690443, 16.767106368439563 ], [ 76.623778853792246, 16.765192763253872 ], [ 76.622708216430595, 16.74222868003617 ], [ 76.635184740081442, 16.74507529122905 ], [ 76.635289411308207, 16.734940286134407 ], [ 76.645454889819362, 16.732738660213368 ], [ 76.659277641782552, 16.725558911550465 ], [ 76.654564374418356, 16.737820270817341 ], [ 76.653168945644566, 16.755800054853097 ], [ 76.660950335710709, 16.767191338410598 ], [ 76.67583539027649, 16.765533067362941 ], [ 76.679483342418038, 16.784792538386988 ], [ 76.697539286209462, 16.785825571091987 ], [ 76.698984764443964, 16.790206469501058 ], [ 76.702151283237484, 16.788340058898051 ], [ 76.709236103432403, 16.792618786062736 ], [ 76.70900803368167, 16.780529996671305 ], [ 76.71901235076632, 16.777933980648115 ], [ 76.724153171274679, 16.785381409178473 ], [ 76.727264050194464, 16.781327404455219 ], [ 76.734604484029816, 16.779184808649273 ], [ 76.736539479276715, 16.776297141438597 ], [ 76.745365189690901, 16.778122482383772 ], [ 76.744909123824854, 16.816249222791974 ], [ 76.754706372238502, 16.814477360852941 ], [ 76.75667521775955, 16.815780472349065 ], [ 76.754049136893968, 16.821952090507345 ], [ 76.758306995410763, 16.831392604431578 ], [ 76.757724009163582, 16.834214231774812 ], [ 76.753514318678413, 16.838148730190152 ], [ 76.758974638614134, 16.845346065079699 ], [ 76.789068435947485, 16.837503134999636 ], [ 76.791302598729047, 16.850090581968363 ], [ 76.802115063264324, 16.849221059095985 ], [ 76.805239845790496, 16.850306233214887 ], [ 76.809117213197425, 16.855406507464746 ], [ 76.811299082266174, 16.855722468993381 ], [ 76.811327109647451, 16.857510510567831 ], [ 76.813619914422233, 16.858805361387336 ], [ 76.816896350844928, 16.874025379027966 ], [ 76.828814912882692, 16.873032617918668 ], [ 76.82807163164253, 16.870296280655829 ], [ 76.835027627718134, 16.867450912219059 ], [ 76.838054146731523, 16.868697594221207 ], [ 76.843456918010673, 16.867202165402031 ], [ 76.845693167559745, 16.868399679794322 ], [ 76.848719710359461, 16.8750787248037 ], [ 76.854349988433, 16.877906643901653 ], [ 76.856706251430168, 16.892103554601867 ], [ 76.870724671487579, 16.893134163699841 ], [ 76.870537962709221, 16.896478084610631 ], [ 76.902428234450369, 16.893446986160289 ], [ 76.902018521328785, 16.878554676561915 ], [ 76.906900034376378, 16.877525678778063 ], [ 76.90683250824361, 16.876081859393011 ], [ 76.91331531208013, 16.875368075831862 ], [ 76.92106495355938, 16.870298409327432 ], [ 76.915690621515054, 16.861692750554838 ], [ 76.904408537044304, 16.857581911165546 ], [ 76.90206948753989, 16.853335037350387 ], [ 76.903482088653604, 16.83315163660216 ], [ 76.90947383401199, 16.817981790322438 ], [ 76.914310239534913, 16.816128692334495 ], [ 76.919332279951959, 16.818227806688338 ], [ 76.924239259134538, 16.829677007287287 ], [ 76.928608358861297, 16.831881549580363 ], [ 76.949059753763066, 16.829282312055859 ], [ 76.954051279498486, 16.824374023305161 ], [ 76.969829048479923, 16.816841997660646 ], [ 76.980340954807971, 16.80917598403672 ], [ 76.990450826026049, 16.811866450150802 ], [ 76.993087841268448, 16.832994155550661 ], [ 76.994665762664397, 16.83297913432612 ], [ 76.995316687110858, 16.837503983245309 ], [ 76.983253524885313, 16.839831392742099 ], [ 76.98301216262594, 16.84426105429187 ], [ 76.978758798191251, 16.854358451015479 ], [ 76.979601842561252, 16.859615201721404 ], [ 76.981173201484026, 16.858770725399786 ], [ 76.981708690247473, 16.861114919041057 ], [ 77.00029902060038, 16.85998505324255 ], [ 77.007469079363602, 16.857769746941972 ], [ 77.020745724505232, 16.868457437891671 ], [ 77.030220913075766, 16.867796817554243 ], [ 77.030368874278182, 16.869330047801448 ], [ 77.035576851203473, 16.869901354339174 ], [ 77.041853268759098, 16.868383052890444 ], [ 77.043376801355336, 16.877503515566545 ], [ 77.040235179313967, 16.882779408312384 ], [ 77.033287961773851, 16.884674234682659 ], [ 77.033274034233273, 16.893114379905317 ], [ 77.028244522443117, 16.893581885936769 ], [ 77.027341664691164, 16.89545962242638 ], [ 77.017600353328305, 16.898970880949722 ], [ 77.020038716392946, 16.915547846638582 ], [ 77.01992026313539, 16.927525964680871 ], [ 77.02426104548428, 16.924683782121864 ], [ 77.033595367271303, 16.92504371289569 ], [ 77.041240670413842, 16.923000006850124 ], [ 77.044144133604007, 16.926575016530077 ], [ 77.04568863867469, 16.932290488030851 ], [ 77.057784202228675, 16.942804385137219 ], [ 77.064898519596611, 16.951447586354291 ], [ 77.063926593958186, 16.953785556226045 ], [ 77.067352505561729, 16.954043321097249 ], [ 77.070624688485452, 16.953286963493731 ], [ 77.068110035364015, 16.941854991090793 ], [ 77.068553290018798, 16.932293145032187 ], [ 77.07228579417378, 16.931916623511015 ], [ 77.072993345573721, 16.937234357382557 ], [ 77.076886566899645, 16.937682105523862 ], [ 77.076548493787229, 16.939123679219733 ], [ 77.078796678936754, 16.938464610776087 ], [ 77.088230791810901, 16.94525271864509 ], [ 77.086600483644418, 16.93641906042199 ], [ 77.089207081437067, 16.934275685027622 ], [ 77.091026770482074, 16.935009392026366 ], [ 77.091998942348539, 16.932241319427494 ], [ 77.090294251945465, 16.930715273819157 ], [ 77.088217925834044, 16.932745206697824 ], [ 77.086843677811743, 16.930062298407844 ], [ 77.089377874296545, 16.913696848748533 ], [ 77.093059529663108, 16.905484935441859 ], [ 77.099753833167412, 16.903004977761064 ], [ 77.105994677991035, 16.902433182345661 ], [ 77.113225505607673, 16.905583405498753 ], [ 77.120210658850795, 16.909880020685531 ], [ 77.122257005924567, 16.913526837261905 ], [ 77.127972709717341, 16.917456622168984 ], [ 77.13799317949632, 16.91484893639214 ], [ 77.15025585435184, 16.915726717241164 ], [ 77.153837918617754, 16.91430901693332 ], [ 77.167374431600393, 16.930136504569212 ], [ 77.184718291432532, 16.935400746478141 ], [ 77.191918019287755, 16.928919966909319 ], [ 77.196813164342771, 16.93064843235857 ], [ 77.200898567195608, 16.935885864239133 ], [ 77.207833455918674, 16.93755023386754 ], [ 77.211289486217467, 16.944482547730864 ], [ 77.224367640310149, 16.942574471684644 ], [ 77.226804805978148, 16.940502882202303 ], [ 77.231437516038071, 16.942997398849126 ], [ 77.231556720460134, 16.938107177676368 ], [ 77.242216527326022, 16.942089387498214 ], [ 77.244986369963812, 16.939469000899987 ], [ 77.24619541353438, 16.932426066309194 ], [ 77.250213203337978, 16.933715602300641 ], [ 77.262071871430365, 16.927999901228674 ], [ 77.265660204503718, 16.929843351164642 ], [ 77.273271800453941, 16.928203171532164 ], [ 77.275494243552927, 16.930630423847887 ], [ 77.288166478640335, 16.935419672787461 ], [ 77.289470313553963, 16.93737969488641 ], [ 77.290274561031694, 16.935589378141469 ], [ 77.300789125360652, 16.929897597627118 ], [ 77.311160792674883, 16.927663457142433 ], [ 77.317676878714693, 16.935538901573612 ], [ 77.320287921997689, 16.936296256242624 ], [ 77.336054133194267, 16.930503207797042 ], [ 77.340025062689094, 16.93134837849237 ], [ 77.341097984308419, 16.934582278869954 ], [ 77.342090554584132, 16.928894670972614 ], [ 77.346613448716553, 16.919573330253019 ], [ 77.34639239316472, 16.916200299586581 ], [ 77.350440666668305, 16.907709333768089 ], [ 77.354114875657871, 16.908052626669047 ], [ 77.354724419149278, 16.906733268785658 ], [ 77.366248031178714, 16.904233562826924 ], [ 77.370342630367276, 16.897872379101734 ], [ 77.371538205816265, 16.898988243661321 ], [ 77.376131898316643, 16.898056498517008 ], [ 77.376163644604858, 16.89511618957059 ], [ 77.380099111257408, 16.896362765453091 ], [ 77.382991781561159, 16.894494309726653 ], [ 77.384451046779077, 16.898257284461739 ], [ 77.387336984390473, 16.897893957569813 ], [ 77.388697873214852, 16.896822716474112 ], [ 77.387428532235504, 16.893246573927215 ], [ 77.38850708144254, 16.891206725114454 ], [ 77.39597414053749, 16.903695929258525 ], [ 77.401111726679574, 16.902719871771936 ], [ 77.400243859204608, 16.9014328692489 ], [ 77.404094399827443, 16.900305093828145 ], [ 77.405972245250155, 16.901842256399007 ], [ 77.404550648959201, 16.896852682188388 ], [ 77.401884559768689, 16.897000697399672 ], [ 77.40124162462746, 16.899555048719225 ], [ 77.399591799258417, 16.898907316366138 ], [ 77.399836186164222, 16.896172371297073 ], [ 77.40438525431091, 16.895149933709227 ], [ 77.401366200077007, 16.882182428958103 ], [ 77.409243892894338, 16.878554203201759 ], [ 77.409746566544698, 16.873544424577819 ], [ 77.413399409719162, 16.877318429895585 ], [ 77.41566614864098, 16.877039649512387 ], [ 77.418194302732886, 16.882022644937702 ], [ 77.42459742547247, 16.885089670622378 ], [ 77.435883864749641, 16.8863945461292 ], [ 77.460158287582829, 16.885156067568484 ], [ 77.459608529794991, 16.874466018469459 ], [ 77.464055632537949, 16.85164630533458 ], [ 77.459828034470945, 16.838330311940393 ], [ 77.461332928251508, 16.836067352612254 ], [ 77.457145547035353, 16.831307683240261 ], [ 77.462465551130094, 16.823298506452389 ], [ 77.462086647177486, 16.813819662352884 ], [ 77.465970779402568, 16.808795306266724 ], [ 77.466118150643339, 16.805494668118754 ], [ 77.47281523163366, 16.802813728149587 ], [ 77.472304206217942, 16.794198274883392 ], [ 77.475733147867572, 16.791903496027253 ], [ 77.474244150016503, 16.787651688022216 ], [ 77.467229522600164, 16.782393211323452 ], [ 77.44836295252091, 16.778083907253851 ], [ 77.438958706115187, 16.778490173045974 ], [ 77.446373432282783, 16.765265317118441 ], [ 77.440387030350095, 16.751797969589276 ], [ 77.435946579805687, 16.745995958092436 ], [ 77.433109547370734, 16.736555727689495 ], [ 77.428422179286841, 16.733526704635011 ], [ 77.426935038994955, 16.729593054969964 ], [ 77.426831277085029, 16.727295829846732 ], [ 77.43041631795991, 16.726027131358588 ], [ 77.430641667813234, 16.723537012981556 ], [ 77.425832001560977, 16.723150868451807 ], [ 77.425815173927788, 16.720992670537935 ], [ 77.427303138765481, 16.716331213628031 ] ], [ [ 76.723819588999305, 16.752612543924052 ], [ 76.738841589152614, 16.751664023523549 ], [ 76.740239510257098, 16.769891193299404 ], [ 76.739114491055574, 16.771334835635557 ], [ 76.728469029154951, 16.771579893187617 ], [ 76.723819588999305, 16.752612543924052 ] ] ] } }
]
}
